timestamp,rack_id,energy_watts,temperature_c
2025-06-29 17:59:23.076318,rack_1,299.05370072734655,36.01218731946579
2025-06-29 18:14:23.076318,rack_1,286.05556369590226,34.72796026493948
2025-06-29 18:29:23.076318,rack_1,276.5545227068859,33.70657369092627
2025-06-29 18:44:23.076318,rack_1,322.3118883588981,32.96476354896279
2025-06-29 18:59:23.076318,rack_1,290.5283456550165,34.380753805766275
2025-06-29 19:14:23.076318,rack_1,264.1289412177416,32.23114284079685
2025-06-29 19:29:23.076318,rack_1,303.4459286750738,33.072767573471914
2025-06-29 19:44:23.076318,rack_1,286.32251926203253,35.82606180541552
2025-06-29 19:59:23.076318,rack_1,348.5593771156884,35.104766724680886
2025-06-29 20:14:23.076318,rack_1,278.6814171450781,37.47452107489441
2025-06-29 20:29:23.076318,rack_1,360.60941233876224,34.05826923324726
2025-06-29 20:44:23.076318,rack_1,294.7396677307027,32.192308569363945
2025-06-29 20:59:23.076318,rack_1,312.6050243213879,31.901081115126726
2025-06-29 21:14:23.076318,rack_1,266.39644069027344,34.00606742509903
2025-06-29 21:29:23.076318,rack_1,320.4327422677104,34.604275188082646
2025-06-29 21:44:23.076318,rack_1,304.02555506883306,32.07154390427461
2025-06-29 21:59:23.076318,rack_1,298.49501708147454,33.887362506059695
2025-06-29 22:14:23.076318,rack_1,297.56599208963996,33.69492260705888
2025-06-29 22:29:23.076318,rack_1,293.82581484952004,34.10754723644477
2025-06-29 22:44:23.076318,rack_1,276.8588872326819,32.41174239320595
2025-06-29 22:59:23.076318,rack_1,328.73148470399695,34.017943326926016
2025-06-29 23:14:23.076318,rack_1,359.9718210038605,36.41381890051737
2025-06-29 23:29:23.076318,rack_1,262.9791582465911,31.571059026716785
2025-06-29 23:44:23.076318,rack_1,303.98973173389396,34.92170034115702
2025-06-29 23:59:23.076318,rack_1,308.87213348072777,37.582460267009814
2025-06-30 00:14:23.076318,rack_1,321.7607700552249,32.781591091833555
2025-06-30 00:29:23.076318,rack_1,289.235937701413,31.326165045529375
2025-06-30 00:44:23.076318,rack_1,310.94042858383034,34.83409628516721
2025-06-30 00:59:23.076318,rack_1,335.8787929656757,35.341383667056284
2025-06-30 01:14:23.076318,rack_1,222.98706736191608,34.805594304413624
2025-06-30 01:29:23.076318,rack_1,246.94739615485707,32.2950883404497
2025-06-30 01:44:23.076318,rack_1,309.301552187275,33.26654634146781
2025-06-30 01:59:23.076318,rack_1,329.87980669774396,35.82743057766628
2025-06-30 02:14:23.076318,rack_1,326.5629648473407,37.201820397225454
2025-06-30 02:29:23.076318,rack_1,338.75542378092484,34.51118120438264
2025-06-30 02:44:23.076318,rack_1,306.43479180823573,37.38063245333751
2025-06-30 02:59:23.076318,rack_1,326.12009089319724,35.38988813892142
2025-06-30 03:14:23.076318,rack_1,330.1374784579482,36.8609885533393
2025-06-30 03:29:23.076318,rack_1,351.18316042175536,35.85473700213721
2025-06-30 03:44:23.076318,rack_1,266.91951592954086,33.00246579878186
2025-06-30 03:59:23.076318,rack_1,266.5159993410779,32.32120032856828
2025-06-30 04:14:23.076318,rack_1,264.3913969055387,36.14304350186896
2025-06-30 04:29:23.076318,rack_1,297.64074954320284,33.26549166407424
2025-06-30 04:44:23.076318,rack_1,284.38860744450056,32.8103013942591
2025-06-30 04:59:23.076318,rack_1,277.2137591710935,32.83659921513427
2025-06-30 05:14:23.076318,rack_1,323.74633065699317,34.616669188054885
2025-06-30 05:29:23.076318,rack_1,260.1089941450607,32.62277645121481
2025-06-30 05:44:23.076318,rack_1,301.72519574744416,31.30560134599671
2025-06-30 05:59:23.076318,rack_1,303.5276250212584,33.673085653907094
2025-06-30 06:14:23.076318,rack_1,320.42109051808734,34.67742306164167
2025-06-30 06:29:23.076318,rack_1,278.5195310120094,32.78038473623147
2025-06-30 06:44:23.076318,rack_1,293.7588841417209,33.09482780553955
2025-06-30 06:59:23.076318,rack_1,361.16888179227203,38.325242015110234
2025-06-30 07:14:23.076318,rack_1,341.4333101642753,35.800217444629524
2025-06-30 07:29:23.076318,rack_1,295.3943769339329,33.428949987470304
2025-06-30 07:44:23.076318,rack_1,318.9814494626682,34.889703511361745
2025-06-30 07:59:23.076318,rack_1,311.7517623515429,35.064425392832156
2025-06-30 08:14:23.076318,rack_1,372.6164336629996,38.199308783459564
2025-06-30 08:29:23.076318,rack_1,332.67331192784206,35.568889190269736
2025-06-30 08:44:23.076318,rack_1,341.7960924136908,36.42470629378265
2025-06-30 08:59:23.076318,rack_1,317.7903919260642,36.274922162634205
2025-06-30 09:14:23.076318,rack_1,320.14910173215327,37.90415904499887
2025-06-30 09:29:23.076318,rack_1,313.95962683904486,32.28828195896341
2025-06-30 09:44:23.076318,rack_1,267.1058599410326,33.300312545217466
2025-06-30 09:59:23.076318,rack_1,267.2395366211628,32.78443012659893
2025-06-30 10:14:23.076318,rack_1,290.6106735004658,34.65292764210063
2025-06-30 10:29:23.076318,rack_1,327.70617996482514,37.387078087513025
2025-06-30 10:44:23.076318,rack_1,286.6731917588392,32.59544995918629
2025-06-30 10:59:23.076318,rack_1,336.4091710947642,34.70672926908995
2025-06-30 11:14:23.076318,rack_1,301.4629851887915,34.11167920925591
2025-06-30 11:29:23.076318,rack_1,236.43477227505855,34.66134893213325
2025-06-30 11:44:23.076318,rack_1,299.35129497938175,32.45607181702065
2025-06-30 11:59:23.076318,rack_1,350.33698282473216,36.81999050495696
2025-06-30 12:14:23.076318,rack_1,299.7173736383862,36.74331197242814
2025-06-30 12:29:23.076318,rack_1,354.02448632797626,33.232993904471165
2025-06-30 12:44:23.076318,rack_1,319.465309826725,36.00037332193039
2025-06-30 12:59:23.076318,rack_1,302.72431436363803,34.49401530793418
2025-06-30 13:14:23.076318,rack_1,239.3329583889144,31.92114291240618
2025-06-30 13:29:23.076318,rack_1,339.33227466809296,35.65672063878092
2025-06-30 13:44:23.076318,rack_1,283.07500654648675,35.850262333422336
2025-06-30 13:59:23.076318,rack_1,313.7217319093863,35.93235722106954
2025-06-30 14:14:23.076318,rack_1,287.3198166953985,33.665148091395324
2025-06-30 14:29:23.076318,rack_1,323.8362213024449,35.89739785848693
2025-06-30 14:44:23.076318,rack_1,286.8626088695884,30.518911953461014
2025-06-30 14:59:23.076318,rack_1,299.382462030477,33.97275324266769
2025-06-30 15:14:23.076318,rack_1,391.5910143287105,34.58855466667317
2025-06-30 15:29:23.076318,rack_1,294.8387831776153,31.72206092356237
2025-06-30 15:44:23.076318,rack_1,345.6024913192319,35.29595602312174
2025-06-30 15:59:23.076318,rack_1,333.4331644480043,36.02566314072068
2025-06-30 16:14:23.076318,rack_1,345.7486446426949,33.82796743028085
2025-06-30 16:29:23.076318,rack_1,264.75247344088496,32.08654525516502
2025-06-30 16:44:23.076318,rack_1,267.14115361953674,32.69439532065934
2025-06-30 16:59:23.076318,rack_1,289.2086517874404,34.72586321658568
2025-06-30 17:14:23.076318,rack_1,289.7183774998927,33.548266626254225
2025-06-30 17:29:23.076318,rack_1,264.09231043148856,33.025263881148206
2025-06-30 17:44:23.076318,rack_1,254.78487509104113,33.551317865579584
2025-06-30 17:59:23.076318,rack_1,278.9674272166462,32.089807007560424
2025-06-30 18:14:23.076318,rack_1,288.3214766292041,31.82215452634152
2025-06-30 18:29:23.076318,rack_1,254.87931897356617,29.1328913973417
2025-06-30 18:44:23.076318,rack_1,290.3676090806789,34.26418437421464
2025-06-30 18:59:23.076318,rack_1,321.6503082653177,36.300659774719335
2025-06-30 19:14:23.076318,rack_1,285.5293747689855,33.27016501674271
2025-06-30 19:29:23.076318,rack_1,300.0233595237958,36.03799897210024
2025-06-30 19:44:23.076318,rack_1,326.8165145315844,34.39035561195789
2025-06-30 19:59:23.076318,rack_1,309.5457851692406,32.432373814190434
2025-06-30 20:14:23.076318,rack_1,306.47419660980074,33.32442423283466
2025-06-30 20:29:23.076318,rack_1,265.72463731620593,34.73215862620319
2025-06-30 20:44:23.076318,rack_1,320.04700356078814,35.60185345169327
2025-06-30 20:59:23.076318,rack_1,323.46973146684,35.14142031342086
2025-06-30 21:14:23.076318,rack_1,302.7500067475709,33.089722835997875
2025-06-30 21:29:23.076318,rack_1,299.86701011394797,34.12752832823792
2025-06-30 21:44:23.076318,rack_1,247.051986652909,34.70482276029691
2025-06-30 21:59:23.076318,rack_1,294.67836754214255,33.62918781091431
2025-06-30 22:14:23.076318,rack_1,297.0442004786313,32.88378322915298
2025-06-30 22:29:23.076318,rack_1,274.0797371942376,32.56798395512843
2025-06-30 22:44:23.076318,rack_1,309.1178056706018,33.268730923336356
2025-06-30 22:59:23.076318,rack_1,272.8031262465279,32.513308663062304
2025-06-30 23:14:23.076318,rack_1,294.5749955674617,28.5205240810964
2025-06-30 23:29:23.076318,rack_1,281.9220805863752,32.47630836963649
2025-06-30 23:44:23.076318,rack_1,367.4171928896038,38.21951523529142
2025-06-30 23:59:23.076318,rack_1,306.174969478479,32.52180945448137
2025-07-01 00:14:23.076318,rack_1,304.34885075302645,32.49989346502702
2025-07-01 00:29:23.076318,rack_1,340.26198606655146,38.26491020839617
2025-07-01 00:44:23.076318,rack_1,325.67912546858895,31.23505137792429
2025-07-01 00:59:23.076318,rack_1,290.6663148725091,33.90441053015201
2025-07-01 01:14:23.076318,rack_1,315.33929828417945,33.566858713725004
2025-07-01 01:29:23.076318,rack_1,301.93760046609896,32.881754668749586
2025-07-01 01:44:23.076318,rack_1,330.42193597163833,35.66725871045777
2025-07-01 01:59:23.076318,rack_1,331.1440672936157,35.09727644189144
2025-07-01 02:14:23.076318,rack_1,291.6929767342111,35.58527903783365
2025-07-01 02:29:23.076318,rack_1,306.2639049478595,32.353223301049916
2025-07-01 02:44:23.076318,rack_1,364.9578210142922,37.27817483907826
2025-07-01 02:59:23.076318,rack_1,281.3638065181881,35.40442213542612
2025-07-01 03:14:23.076318,rack_1,249.7072518173844,33.18122784085894
2025-07-01 03:29:23.076318,rack_1,293.8419491932352,32.723843945819205
2025-07-01 03:44:23.076318,rack_1,313.35745566132965,34.16063076769961
2025-07-01 03:59:23.076318,rack_1,325.31622530699644,36.023639609049944
2025-07-01 04:14:23.076318,rack_1,318.86759502119315,36.315631445511336
2025-07-01 04:29:23.076318,rack_1,304.7733156693334,34.00027197792797
2025-07-01 04:44:23.076318,rack_1,288.94519062030065,31.56766366703965
2025-07-01 04:59:23.076318,rack_1,297.08438833371065,34.94114146789014
2025-07-01 05:14:23.076318,rack_1,330.39642505104104,38.18330141924698
2025-07-01 05:29:23.076318,rack_1,283.13429645505107,31.781893065934806
2025-07-01 05:44:23.076318,rack_1,293.0340954337392,33.5658979492853
2025-07-01 05:59:23.076318,rack_1,263.53145825412446,34.83632213472488
2025-07-01 06:14:23.076318,rack_1,307.4256442528914,34.00491917956459
2025-07-01 06:29:23.076318,rack_1,294.304008036803,34.59390501847321
2025-07-01 06:44:23.076318,rack_1,261.5742912301702,32.99998689471313
2025-07-01 06:59:23.076318,rack_1,273.6525372479741,33.09352428563
2025-07-01 07:14:23.076318,rack_1,296.92695705009646,35.42500534476188
2025-07-01 07:29:23.076318,rack_1,286.21946066948357,34.063273266389395
2025-07-01 07:44:23.076318,rack_1,314.2256062400823,33.64826478919318
2025-07-01 07:59:23.076318,rack_1,311.2650438659145,35.97659467158298
2025-07-01 08:14:23.076318,rack_1,306.0588442051394,35.10867556653931
2025-07-01 08:29:23.076318,rack_1,383.9828094327424,36.06094543166277
2025-07-01 08:44:23.076318,rack_1,315.9754982355054,36.05824297235733
2025-07-01 08:59:23.076318,rack_1,346.1891412118175,35.72258817841739
2025-07-01 09:14:23.076318,rack_1,256.1785928912399,32.30381192711915
2025-07-01 09:29:23.076318,rack_1,243.51222883208393,33.756552035272904
2025-07-01 09:44:23.076318,rack_1,255.86421653526259,31.527300303115325
2025-07-01 09:59:23.076318,rack_1,267.1171494422049,33.86464334501315
2025-07-01 10:14:23.076318,rack_1,322.57696042295476,33.82596330779524
2025-07-01 10:29:23.076318,rack_1,292.5811451206619,32.80337856990292
2025-07-01 10:44:23.076318,rack_1,320.03733604273543,36.61852907857853
2025-07-01 10:59:23.076318,rack_1,248.9047209308482,32.57460737674649
2025-07-01 11:14:23.076318,rack_1,336.9196433809972,36.53903756280364
2025-07-01 11:29:23.076318,rack_1,256.96426937219155,30.97765787978979
2025-07-01 11:44:23.076318,rack_1,292.7405356729325,34.732630954401486
2025-07-01 11:59:23.076318,rack_1,292.40603656990294,31.80295487514938
2025-07-01 12:14:23.076318,rack_1,304.1228982543329,34.973027599144245
2025-07-01 12:29:23.076318,rack_1,312.09934211080866,35.98246395680507
2025-07-01 12:44:23.076318,rack_1,298.63978833738196,34.33791776944777
2025-07-01 12:59:23.076318,rack_1,354.38011600716436,35.808027492963916
2025-07-01 13:14:23.076318,rack_1,283.5906864742506,33.038159782621086
2025-07-01 13:29:23.076318,rack_1,267.57807940395367,34.807013699649005
2025-07-01 13:44:23.076318,rack_1,280.141399045185,36.17212066661602
2025-07-01 13:59:23.076318,rack_1,278.2517329581515,34.32335310142642
2025-07-01 14:14:23.076318,rack_1,256.25155268549,33.6281681740233
2025-07-01 14:29:23.076318,rack_1,295.4529556090988,35.112999381436495
2025-07-01 14:44:23.076318,rack_1,307.5109760559421,36.606840102663305
2025-07-01 14:59:23.076318,rack_1,339.187206337212,36.08571449050834
2025-07-01 15:14:23.076318,rack_1,280.3134382489236,34.672223253563956
2025-07-01 15:29:23.076318,rack_1,267.0164783506009,33.97778049181912
2025-07-01 15:44:23.076318,rack_1,309.9281651110054,31.122951758465945
2025-07-01 15:59:23.076318,rack_1,283.2219766093573,32.64115183750911
2025-07-01 16:14:23.076318,rack_1,288.032314931363,35.57890732356952
2025-07-01 16:29:23.076318,rack_1,333.9041876955457,34.289042242048296
2025-07-01 16:44:23.076318,rack_1,283.970736371241,35.89224887079058
2025-07-01 16:59:23.076318,rack_1,300.1074585324605,33.88989335093902
2025-07-01 17:14:23.076318,rack_1,286.3297542480327,30.529565562328333
2025-07-01 17:29:23.076318,rack_1,276.85756481963114,34.20652805847565
2025-07-01 17:44:23.076318,rack_1,280.1863702023858,33.81331449892584
2025-07-01 17:59:23.076318,rack_1,317.8023070895886,34.82291455406034
2025-07-01 18:14:23.076318,rack_1,298.5610275329563,34.807811912171324
2025-07-01 18:29:23.076318,rack_1,302.73887360197983,36.11536596595727
2025-07-01 18:44:23.076318,rack_1,317.4038243233371,32.214751411269624
2025-07-01 18:59:23.076318,rack_1,291.5663383789566,32.01568349509319
2025-07-01 19:14:23.076318,rack_1,284.31418848265747,34.391850848604406
2025-07-01 19:29:23.076318,rack_1,319.2802147682614,32.18727313714435
2025-07-01 19:44:23.076318,rack_1,315.747715016644,33.24821940688516
2025-07-01 19:59:23.076318,rack_1,282.6872114050765,33.22518015700266
2025-07-01 20:14:23.076318,rack_1,271.6735341109153,34.13954495266391
2025-07-01 20:29:23.076318,rack_1,322.770782642771,34.57002342363189
2025-07-01 20:44:23.076318,rack_1,316.9233494872507,30.844107860402957
2025-07-01 20:59:23.076318,rack_1,283.47248224834175,31.524497330844884
2025-07-01 21:14:23.076318,rack_1,305.70738587543525,34.66681048281322
2025-07-01 21:29:23.076318,rack_1,325.2108175084639,34.97640904245738
2025-07-01 21:44:23.076318,rack_1,279.73461761277997,32.11829608924426
2025-07-01 21:59:23.076318,rack_1,286.87903134355247,33.27738480556549
2025-07-01 22:14:23.076318,rack_1,290.8466668816613,31.69367677667089
2025-07-01 22:29:23.076318,rack_1,265.2368427228814,32.72498324634346
2025-07-01 22:44:23.076318,rack_1,294.85253236857824,32.196813449163336
2025-07-01 22:59:23.076318,rack_1,317.13183165314894,33.31729123457036
2025-07-01 23:14:23.076318,rack_1,231.07234113162497,29.46843313433658
2025-07-01 23:29:23.076318,rack_1,347.6908079690704,37.10219462680325
2025-07-01 23:44:23.076318,rack_1,236.4221059648317,33.70106205182992
2025-07-01 23:59:23.076318,rack_1,253.5689482842879,31.930773584212922
2025-07-02 00:14:23.076318,rack_1,283.1586324077557,32.45512918828584
2025-07-02 00:29:23.076318,rack_1,327.7293209880046,31.445855970780467
2025-07-02 00:44:23.076318,rack_1,310.6951329558638,36.12448726079988
2025-07-02 00:59:23.076318,rack_1,322.04045028634937,32.04601562780935
2025-07-02 01:14:23.076318,rack_1,342.82208450418875,35.48673828130376
2025-07-02 01:29:23.076318,rack_1,241.2200346459724,30.40513761102637
2025-07-02 01:44:23.076318,rack_1,296.4175209217111,33.70934706420107
2025-07-02 01:59:23.076318,rack_1,254.32119979342548,32.18049899128248
2025-07-02 02:14:23.076318,rack_1,321.9265310370443,36.18083196110469
2025-07-02 02:29:23.076318,rack_1,358.80714701245347,37.137108494297756
2025-07-02 02:44:23.076318,rack_1,278.2374565853591,35.31998884209361
2025-07-02 02:59:23.076318,rack_1,323.0006877407212,39.17513821593746
2025-07-02 03:14:23.076318,rack_1,331.16528874688225,36.16177286050115
2025-07-02 03:29:23.076318,rack_1,330.759301926249,37.25590010780509
2025-07-02 03:44:23.076318,rack_1,348.5888058886698,32.40225022086163
2025-07-02 03:59:23.076318,rack_1,361.0425713271856,35.26993708384248
2025-07-02 04:14:23.076318,rack_1,280.4382838487929,33.31428072596522
2025-07-02 04:29:23.076318,rack_1,255.8931397306898,34.676957528131766
2025-07-02 04:44:23.076318,rack_1,312.39177365214056,35.64465002336521
2025-07-02 04:59:23.076318,rack_1,265.6952034065775,35.38295865544691
2025-07-02 05:14:23.076318,rack_1,274.64249517666747,31.78702320001338
2025-07-02 05:29:23.076318,rack_1,264.5998282391232,30.0317397743476
2025-07-02 05:44:23.076318,rack_1,345.23605219221827,32.39903584432276
2025-07-02 05:59:23.076318,rack_1,334.97585339929304,37.263372732810005
2025-07-02 06:14:23.076318,rack_1,292.04850610279436,33.00581366141649
2025-07-02 06:29:23.076318,rack_1,274.8625866789426,34.294070328926495
2025-07-02 06:44:23.076318,rack_1,260.7818900926346,33.3859877213468
2025-07-02 06:59:23.076318,rack_1,352.8121397903412,35.60964153566435
2025-07-02 07:14:23.076318,rack_1,306.5534991411378,36.32645394827764
2025-07-02 07:29:23.076318,rack_1,318.8620398302282,34.24157759105878
2025-07-02 07:44:23.076318,rack_1,307.5153111433222,32.23980510763872
2025-07-02 07:59:23.076318,rack_1,267.34222946845506,32.545745714413194
2025-07-02 08:14:23.076318,rack_1,282.1849319724638,34.32142160036501
2025-07-02 08:29:23.076318,rack_1,288.09778216643724,32.61215420574397
2025-07-02 08:44:23.076318,rack_1,251.89195568822822,33.43592962200303
2025-07-02 08:59:23.076318,rack_1,315.82322504314055,33.32116163419582
2025-07-02 09:14:23.076318,rack_1,333.8659541555482,34.12508859337001
2025-07-02 09:29:23.076318,rack_1,313.26781982325076,32.3354753717
2025-07-02 09:44:23.076318,rack_1,271.6930666244656,32.12346450567748
2025-07-02 09:59:23.076318,rack_1,348.3272500377293,34.389802273527124
2025-07-02 10:14:23.076318,rack_1,263.92788058011644,33.184876181318884
2025-07-02 10:29:23.076318,rack_1,337.0927593261735,33.76413773426904
2025-07-02 10:44:23.076318,rack_1,261.588160362895,32.88150009254156
2025-07-02 10:59:23.076318,rack_1,325.77497114298916,31.736992804195005
2025-07-02 11:14:23.076318,rack_1,284.1087651063258,33.81330471497468
2025-07-02 11:29:23.076318,rack_1,284.75090273849895,32.276626570909485
2025-07-02 11:44:23.076318,rack_1,318.06004266056635,35.209714353756766
2025-07-02 11:59:23.076318,rack_1,290.3807653365416,33.189569310163904
2025-07-02 12:14:23.076318,rack_1,348.558156311345,32.07380379029745
2025-07-02 12:29:23.076318,rack_1,335.99338028939695,36.24745758495647
2025-07-02 12:44:23.076318,rack_1,295.8283655512806,34.40206532135515
2025-07-02 12:59:23.076318,rack_1,351.0737502356018,37.71019793851282
2025-07-02 13:14:23.076318,rack_1,279.35083834807244,31.740464963409117
2025-07-02 13:29:23.076318,rack_1,312.10034211543024,33.06585853855395
2025-07-02 13:44:23.076318,rack_1,309.1737666660215,31.56363736746924
2025-07-02 13:59:23.076318,rack_1,309.8844590808618,35.11108807000617
2025-07-02 14:14:23.076318,rack_1,269.2081415026845,31.99727446936799
2025-07-02 14:29:23.076318,rack_1,305.54894171205336,35.56301748433074
2025-07-02 14:44:23.076318,rack_1,295.1400318590485,33.490807141601074
2025-07-02 14:59:23.076318,rack_1,322.5452531924376,38.120857834039924
2025-07-02 15:14:23.076318,rack_1,295.2140506596718,33.94284814154748
2025-07-02 15:29:23.076318,rack_1,266.67127271306083,33.857699308867794
2025-07-02 15:44:23.076318,rack_1,252.0960085418373,32.20796694741649
2025-07-02 15:59:23.076318,rack_1,334.3224432337778,37.561910380630565
2025-07-02 16:14:23.076318,rack_1,253.76812034077926,32.56671260376151
2025-07-02 16:29:23.076318,rack_1,352.0362242693436,38.88963428419276
2025-07-02 16:44:23.076318,rack_1,301.6374475911708,34.86586343749488
2025-07-02 16:59:23.076318,rack_1,334.5316718070361,35.775360340539365
2025-07-02 17:14:23.076318,rack_1,308.04591820714217,34.87854841968558
2025-07-02 17:29:23.076318,rack_1,282.5472732053946,33.914619002991024
2025-07-02 17:44:23.076318,rack_1,315.8449956063317,33.867118114811895
2025-07-02 17:59:23.076318,rack_1,288.9000460881144,34.035319614832574
2025-07-02 18:14:23.076318,rack_1,259.9094144025158,30.891980792643967
2025-07-02 18:29:23.076318,rack_1,284.70720286713146,33.961644363728496
2025-07-02 18:44:23.076318,rack_1,271.8576033517712,33.119118369879764
2025-07-02 18:59:23.076318,rack_1,278.3765442780252,33.542342265218814
2025-07-02 19:14:23.076318,rack_1,303.2056738022983,34.445695403424686
2025-07-02 19:29:23.076318,rack_1,272.05652251949965,33.21204798282261
2025-07-02 19:44:23.076318,rack_1,308.0242688531576,33.61217143886896
2025-07-02 19:59:23.076318,rack_1,258.33485693763055,32.33666787749806
2025-07-02 20:14:23.076318,rack_1,321.1516685627583,34.45222287187551
2025-07-02 20:29:23.076318,rack_1,271.0772584756161,32.74428868765498
2025-07-02 20:44:23.076318,rack_1,243.83341897216502,34.78910574510012
2025-07-02 20:59:23.076318,rack_1,322.2505425261865,35.95907369628279
2025-07-02 21:14:23.076318,rack_1,322.2335316983288,34.41639661806264
2025-07-02 21:29:23.076318,rack_1,245.37633652507913,30.910508177913066
2025-07-02 21:44:23.076318,rack_1,355.1177442232964,36.039857392558524
2025-07-02 21:59:23.076318,rack_1,349.85612814013604,37.89351766898198
2025-07-02 22:14:23.076318,rack_1,344.80589053613795,32.27459080770538
2025-07-02 22:29:23.076318,rack_1,289.79110918460407,36.47467547376819
2025-07-02 22:44:23.076318,rack_1,312.45753688023717,36.611642002676284
2025-07-02 22:59:23.076318,rack_1,305.2569116134287,35.26282607335683
2025-07-02 23:14:23.076318,rack_1,334.45166925839277,37.84601332513201
2025-07-02 23:29:23.076318,rack_1,396.9175260637479,38.270165170892035
2025-07-02 23:44:23.076318,rack_1,247.64772052730223,34.34973487312615
2025-07-02 23:59:23.076318,rack_1,286.4172849992291,35.38789884525356
2025-07-03 00:14:23.076318,rack_1,326.4148146628934,36.2929279271854
2025-07-03 00:29:23.076318,rack_1,268.06857793620026,35.72109018242146
2025-07-03 00:44:23.076318,rack_1,267.27315744908924,33.34390329365095
2025-07-03 00:59:23.076318,rack_1,297.10593841294536,34.925762840457935
2025-07-03 01:14:23.076318,rack_1,364.5790398144925,35.14636924086985
2025-07-03 01:29:23.076318,rack_1,342.69250979796766,36.51258403212934
2025-07-03 01:44:23.076318,rack_1,237.3338511800938,31.11156132587503
2025-07-03 01:59:23.076318,rack_1,276.0883783101008,31.51096259074258
2025-07-03 02:14:23.076318,rack_1,233.13140746452217,29.700851559835765
2025-07-03 02:29:23.076318,rack_1,302.9222504362561,35.09311078914189
2025-07-03 02:44:23.076318,rack_1,326.807839730553,35.08033218950735
2025-07-03 02:59:23.076318,rack_1,250.679116127127,30.354736783514866
2025-07-03 03:14:23.076318,rack_1,301.5018805843898,33.97513458332863
2025-07-03 03:29:23.076318,rack_1,307.27153058388456,32.64446991426138
2025-07-03 03:44:23.076318,rack_1,322.79252692917663,34.65105542220166
2025-07-03 03:59:23.076318,rack_1,310.11074203953234,34.444686161160675
2025-07-03 04:14:23.076318,rack_1,278.2461814913195,34.42170227270118
2025-07-03 04:29:23.076318,rack_1,285.48493719705715,34.37469497416858
2025-07-03 04:44:23.076318,rack_1,278.9144302973999,35.02534087654702
2025-07-03 04:59:23.076318,rack_1,302.1845940592209,34.72444176622125
2025-07-03 05:14:23.076318,rack_1,290.46944013447046,33.32996238957742
2025-07-03 05:29:23.076318,rack_1,296.1858810832414,32.84612494201137
2025-07-03 05:44:23.076318,rack_1,328.03198628466976,38.11082337438203
2025-07-03 05:59:23.076318,rack_1,273.25032308510833,31.198671796682138
2025-07-03 06:14:23.076318,rack_1,314.90252893634806,33.95215252386199
2025-07-03 06:29:23.076318,rack_1,320.4760133530536,34.89274757307446
2025-07-03 06:44:23.076318,rack_1,298.4288848943349,35.24895831210813
2025-07-03 06:59:23.076318,rack_1,334.99787074103847,33.933175847157436
2025-07-03 07:14:23.076318,rack_1,300.5804775227895,34.62185588964494
2025-07-03 07:29:23.076318,rack_1,336.7306706811312,34.089092262502184
2025-07-03 07:44:23.076318,rack_1,291.9631821134029,36.01887043846196
2025-07-03 07:59:23.076318,rack_1,291.80264612621755,34.56580752740136
2025-07-03 08:14:23.076318,rack_1,264.97897123306916,31.28519119173423
2025-07-03 08:29:23.076318,rack_1,243.03366306194604,30.66259286572655
2025-07-03 08:44:23.076318,rack_1,301.369689711769,35.629553615422765
2025-07-03 08:59:23.076318,rack_1,338.16293388324874,34.44583393764701
2025-07-03 09:14:23.076318,rack_1,334.5085626077586,36.758746121302046
2025-07-03 09:29:23.076318,rack_1,298.74454100064406,31.574357714877824
2025-07-03 09:44:23.076318,rack_1,287.6333604910581,33.964569576812345
2025-07-03 09:59:23.076318,rack_1,249.31777350085656,34.06452528998738
2025-07-03 10:14:23.076318,rack_1,298.5822453501111,33.72419513742743
2025-07-03 10:29:23.076318,rack_1,290.8349653944596,34.233145306024255
2025-07-03 10:44:23.076318,rack_1,282.02689397953895,32.313587700059784
2025-07-03 10:59:23.076318,rack_1,284.79809065960427,33.65814107218403
2025-07-03 11:14:23.076318,rack_1,305.8586055249123,35.21198509300882
2025-07-03 11:29:23.076318,rack_1,291.24253826324184,32.902712028487876
2025-07-03 11:44:23.076318,rack_1,338.06354854497124,35.908944161015654
2025-07-03 11:59:23.076318,rack_1,342.86060596307857,33.29804111840056
2025-07-03 12:14:23.076318,rack_1,339.8137728633339,33.2884333342628
2025-07-03 12:29:23.076318,rack_1,320.04752324801143,34.026131193151755
2025-07-03 12:44:23.076318,rack_1,250.13095959996247,31.91690167832549
2025-07-03 12:59:23.076318,rack_1,279.6441157460879,34.79689626804509
2025-07-03 13:14:23.076318,rack_1,297.8596777304551,32.411108349218
2025-07-03 13:29:23.076318,rack_1,304.927752151242,35.609272524373694
2025-07-03 13:44:23.076318,rack_1,285.8358030324887,34.87334616419717
2025-07-03 13:59:23.076318,rack_1,322.1419219940953,35.55136791764877
2025-07-03 14:14:23.076318,rack_1,266.52396232777625,32.58119606773433
2025-07-03 14:29:23.076318,rack_1,314.00504834876523,34.251032203795056
2025-07-03 14:44:23.076318,rack_1,294.38010948931026,32.02906669453055
2025-07-03 14:59:23.076318,rack_1,306.50550108352985,32.44323354066893
2025-07-03 15:14:23.076318,rack_1,270.82582863470975,30.716490419120092
2025-07-03 15:29:23.076318,rack_1,263.51579475966935,29.311743396565518
2025-07-03 15:44:23.076318,rack_1,280.81123523491493,32.56754359500965
2025-07-03 15:59:23.076318,rack_1,299.5125424360765,34.02913244194528
2025-07-03 16:14:23.076318,rack_1,302.78546493792766,35.39820187716021
2025-07-03 16:29:23.076318,rack_1,279.55216594301305,34.04548861153449
2025-07-03 16:44:23.076318,rack_1,313.2660943605409,33.05124661917103
2025-07-03 16:59:23.076318,rack_1,317.91519138529065,35.46176821561621
2025-07-03 17:14:23.076318,rack_1,259.5662437676382,33.15062773601149
2025-07-03 17:29:23.076318,rack_1,262.75041911073833,34.335196215226695
2025-07-03 17:44:23.076318,rack_1,274.5383771073806,34.454311946505335
2025-07-03 17:59:23.076318,rack_1,277.34169959136136,30.714850520222434
2025-07-03 18:14:23.076318,rack_1,298.26739458561985,33.036205971358775
2025-07-03 18:29:23.076318,rack_1,356.73567304565603,36.84411985202316
2025-07-03 18:44:23.076318,rack_1,282.5404536167529,30.778512635797433
2025-07-03 18:59:23.076318,rack_1,308.322837847059,35.09838764722832
2025-07-03 19:14:23.076318,rack_1,270.1235915059428,32.09480302562223
2025-07-03 19:29:23.076318,rack_1,267.5525712794808,33.06699289664722
2025-07-03 19:44:23.076318,rack_1,310.7787570541762,34.8627019906655
2025-07-03 19:59:23.076318,rack_1,300.5722612883599,34.04551841890612
2025-07-03 20:14:23.076318,rack_1,279.44114277437563,31.659616772923783
2025-07-03 20:29:23.076318,rack_1,309.3754429248204,34.369124358282946
2025-07-03 20:44:23.076318,rack_1,241.70963317516396,31.255068933542596
2025-07-03 20:59:23.076318,rack_1,323.07793422886846,33.69041626699418
2025-07-03 21:14:23.076318,rack_1,326.8762722055411,35.225864971276025
2025-07-03 21:29:23.076318,rack_1,277.6119441265699,34.16203797451313
2025-07-03 21:44:23.076318,rack_1,294.2103156143922,32.68578060405337
2025-07-03 21:59:23.076318,rack_1,222.41818913301034,34.14973512287612
2025-07-03 22:14:23.076318,rack_1,324.75379252162327,36.50841492550067
2025-07-03 22:29:23.076318,rack_1,297.70496229366023,33.855267252865744
2025-07-03 22:44:23.076318,rack_1,285.2720819206674,33.10115172723145
2025-07-03 22:59:23.076318,rack_1,263.38902368191407,36.14069460821109
2025-07-03 23:14:23.076318,rack_1,303.4740678595545,35.82696468606122
2025-07-03 23:29:23.076318,rack_1,317.41705410833634,36.02312413096478
2025-07-03 23:44:23.076318,rack_1,300.70244834600675,31.36337473197745
2025-07-03 23:59:23.076318,rack_1,323.58013778973645,35.52132021473858
2025-07-04 00:14:23.076318,rack_1,352.9924596554938,35.555039428668024
2025-07-04 00:29:23.076318,rack_1,308.85341947788413,34.5228294314467
2025-07-04 00:44:23.076318,rack_1,298.8149182819312,34.15131845261694
2025-07-04 00:59:23.076318,rack_1,315.82546874402027,33.378678578859166
2025-07-04 01:14:23.076318,rack_1,230.1521303359113,35.35183707303804
2025-07-04 01:29:23.076318,rack_1,274.136469925537,33.89477720677059
2025-07-04 01:44:23.076318,rack_1,339.93860082708295,36.949310326590016
2025-07-04 01:59:23.076318,rack_1,293.58262975844724,35.24269818104614
2025-07-04 02:14:23.076318,rack_1,308.5214675955719,33.49590065990685
2025-07-04 02:29:23.076318,rack_1,317.87356682683037,34.85660097731237
2025-07-04 02:44:23.076318,rack_1,293.28683588124755,33.44745483823256
2025-07-04 02:59:23.076318,rack_1,299.8114568787762,35.71140539083916
2025-07-04 03:14:23.076318,rack_1,282.69018365517917,34.361221466957154
2025-07-04 03:29:23.076318,rack_1,284.1346878367023,33.01603975950526
2025-07-04 03:44:23.076318,rack_1,286.8571405391091,36.72668337812932
2025-07-04 03:59:23.076318,rack_1,309.5878508334273,35.27174144742274
2025-07-04 04:14:23.076318,rack_1,311.3942925135673,33.54949648851815
2025-07-04 04:29:23.076318,rack_1,262.2184055966768,32.741522049246576
2025-07-04 04:44:23.076318,rack_1,310.763688758287,33.957831195224905
2025-07-04 04:59:23.076318,rack_1,321.667265243417,35.23628421578909
2025-07-04 05:14:23.076318,rack_1,286.93770074028674,32.56036287820298
2025-07-04 05:29:23.076318,rack_1,332.85883655829764,35.488330426388174
2025-07-04 05:44:23.076318,rack_1,324.376710076727,36.14612587344025
2025-07-04 05:59:23.076318,rack_1,312.9502652812712,34.37514617584457
2025-07-04 06:14:23.076318,rack_1,293.1325151984871,30.57790917952415
2025-07-04 06:29:23.076318,rack_1,291.6897600807658,33.42833796126947
2025-07-04 06:44:23.076318,rack_1,362.86780580751514,37.13650211500335
2025-07-04 06:59:23.076318,rack_1,266.99189734656915,32.527602413111225
2025-07-04 07:14:23.076318,rack_1,292.14826101882505,33.24808851483453
2025-07-04 07:29:23.076318,rack_1,279.8142737320297,32.75178699318273
2025-07-04 07:44:23.076318,rack_1,297.84332169516296,34.17510074624126
2025-07-04 07:59:23.076318,rack_1,303.7440103424729,35.617464161075745
2025-07-04 08:14:23.076318,rack_1,298.1315353507042,34.35152393149218
2025-07-04 08:29:23.076318,rack_1,308.10194579960375,34.168103017691855
2025-07-04 08:44:23.076318,rack_1,280.516454370886,31.046888680909696
2025-07-04 08:59:23.076318,rack_1,316.18004439665424,32.29352315922732
2025-07-04 09:14:23.076318,rack_1,252.82642329213783,34.81425321571668
2025-07-04 09:29:23.076318,rack_1,301.7078382034143,34.60553892453796
2025-07-04 09:44:23.076318,rack_1,287.3391678400455,32.18531294598011
2025-07-04 09:59:23.076318,rack_1,260.92858519931923,31.27604482332034
2025-07-04 10:14:23.076318,rack_1,313.67583035828085,34.19024074559214
2025-07-04 10:29:23.076318,rack_1,343.04607132946103,37.565708411252714
2025-07-04 10:44:23.076318,rack_1,287.49155294803097,34.44816062820223
2025-07-04 10:59:23.076318,rack_1,345.7267969794278,37.95466518605567
2025-07-04 11:14:23.076318,rack_1,246.67131188557286,36.11390383349882
2025-07-04 11:29:23.076318,rack_1,297.3848048114901,33.7334943065017
2025-07-04 11:44:23.076318,rack_1,256.2291666514714,31.30500516757111
2025-07-04 11:59:23.076318,rack_1,333.88498179280236,34.21454848924418
2025-07-04 12:14:23.076318,rack_1,309.7116263019722,37.16777735260478
2025-07-04 12:29:23.076318,rack_1,313.44071614300736,34.118361672662196
2025-07-04 12:44:23.076318,rack_1,309.2308305868068,34.400804247588034
2025-07-04 12:59:23.076318,rack_1,271.55555795344975,32.559243851036115
2025-07-04 13:14:23.076318,rack_1,252.46845056254404,32.82726732772262
2025-07-04 13:29:23.076318,rack_1,251.43134402954644,34.496694867877885
2025-07-04 13:44:23.076318,rack_1,327.2069088667299,33.75435142926412
2025-07-04 13:59:23.076318,rack_1,350.43470840144806,36.26098996778849
2025-07-04 14:14:23.076318,rack_1,300.4256154219461,34.43724387262329
2025-07-04 14:29:23.076318,rack_1,298.15066508032845,34.04589026553157
2025-07-04 14:44:23.076318,rack_1,286.46483258535784,33.919706631167884
2025-07-04 14:59:23.076318,rack_1,294.6633296638091,32.73094478537279
2025-07-04 15:14:23.076318,rack_1,322.942350188865,34.26268664897802
2025-07-04 15:29:23.076318,rack_1,306.9019054511108,35.66876765909714
2025-07-04 15:44:23.076318,rack_1,294.32749524618515,34.90212937747655
2025-07-04 15:59:23.076318,rack_1,257.0189359835368,36.197680975215604
2025-07-04 16:14:23.076318,rack_1,262.0210320281492,33.67273472190642
2025-07-04 16:29:23.076318,rack_1,290.6378201445688,32.64957926377241
2025-07-04 16:44:23.076318,rack_1,345.3787907729058,33.38285390811507
2025-07-04 16:59:23.076318,rack_1,315.5332225884198,35.34849064777188
2025-07-04 17:14:23.076318,rack_1,342.98204115116977,33.800861026176754
2025-07-04 17:29:23.076318,rack_1,301.3347847607912,34.695257787081985
2025-07-04 17:44:23.076318,rack_1,298.7175219625762,33.679970142832275
2025-07-04 17:59:23.076318,rack_1,273.5886358666573,34.194357026552204
2025-07-04 18:14:23.076318,rack_1,355.31159679874077,34.742067980473145
2025-07-04 18:29:23.076318,rack_1,312.2230717329437,35.533775143025345
2025-07-04 18:44:23.076318,rack_1,255.92205710221344,31.807454388326803
2025-07-04 18:59:23.076318,rack_1,287.17928358605184,33.18932691176281
2025-07-04 19:14:23.076318,rack_1,317.1658803257212,34.67581694846273
2025-07-04 19:29:23.076318,rack_1,282.4907597440628,32.2498094237768
2025-07-04 19:44:23.076318,rack_1,338.01721484278676,34.22634941217557
2025-07-04 19:59:23.076318,rack_1,268.47627127552215,32.16104779158043
2025-07-04 20:14:23.076318,rack_1,273.9609935344991,33.52923528180959
2025-07-04 20:29:23.076318,rack_1,355.56523270820543,37.00305111235425
2025-07-04 20:44:23.076318,rack_1,320.4772810076785,34.82827729591348
2025-07-04 20:59:23.076318,rack_1,294.796021965422,32.73921878655203
2025-07-04 21:14:23.076318,rack_1,309.5262588843417,35.05893975267444
2025-07-04 21:29:23.076318,rack_1,234.64048859190734,30.974631539031144
2025-07-04 21:44:23.076318,rack_1,317.856820145058,34.563286688790065
2025-07-04 21:59:23.076318,rack_1,320.80306282293066,35.490557177231544
2025-07-04 22:14:23.076318,rack_1,246.08636729302313,31.318643513870366
2025-07-04 22:29:23.076318,rack_1,306.0122249653714,35.7895088763463
2025-07-04 22:44:23.076318,rack_1,323.08979155150803,32.21447784504698
2025-07-04 22:59:23.076318,rack_1,334.75725251698657,34.40134498873973
2025-07-04 23:14:23.076318,rack_1,334.47963540755455,35.02256054182301
2025-07-04 23:29:23.076318,rack_1,308.43918831503436,36.4082038997618
2025-07-04 23:44:23.076318,rack_1,308.5282372737972,32.92315419258773
2025-07-04 23:59:23.076318,rack_1,265.084363101147,31.987720920989588
2025-07-05 00:14:23.076318,rack_1,329.35307958384885,35.76906111766435
2025-07-05 00:29:23.076318,rack_1,244.98720283330766,35.60706769189568
2025-07-05 00:44:23.076318,rack_1,310.8631953512638,32.37542911870658
2025-07-05 00:59:23.076318,rack_1,280.5420989628152,32.47219242826345
2025-07-05 01:14:23.076318,rack_1,265.4495489567129,31.548115718122613
2025-07-05 01:29:23.076318,rack_1,241.4191188398284,31.80382274509424
2025-07-05 01:44:23.076318,rack_1,281.9324881024589,33.06056810622568
2025-07-05 01:59:23.076318,rack_1,324.36919673137413,35.291132477104085
2025-07-05 02:14:23.076318,rack_1,250.38575279854848,30.600696902603428
2025-07-05 02:29:23.076318,rack_1,320.6396313218341,34.80085067037187
2025-07-05 02:44:23.076318,rack_1,263.02684226948355,32.791089147352416
2025-07-05 02:59:23.076318,rack_1,286.8431892736439,35.257551271342535
2025-07-05 03:14:23.076318,rack_1,359.2762658412731,33.90498080559054
2025-07-05 03:29:23.076318,rack_1,310.60142524878574,35.238411815589906
2025-07-05 03:44:23.076318,rack_1,284.1028819356044,33.69379744813266
2025-07-05 03:59:23.076318,rack_1,260.09974865016056,33.812759191628494
2025-07-05 04:14:23.076318,rack_1,277.7018203972268,32.58683826287179
2025-07-05 04:29:23.076318,rack_1,292.63426246777885,33.70903409293267
2025-07-05 04:44:23.076318,rack_1,315.37681661020724,36.43010185012787
2025-07-05 04:59:23.076318,rack_1,304.66111499086134,38.7807314014663
2025-07-05 05:14:23.076318,rack_1,312.04412255955424,34.09604187905962
2025-07-05 05:29:23.076318,rack_1,292.92511541109013,32.74788171509648
2025-07-05 05:44:23.076318,rack_1,294.08134141529564,33.774373245110674
2025-07-05 05:59:23.076318,rack_1,288.9567206142462,35.100083171874914
2025-07-05 06:14:23.076318,rack_1,329.16365192868903,36.40012144009744
2025-07-05 06:29:23.076318,rack_1,307.40301672705675,34.16077332190839
2025-07-05 06:44:23.076318,rack_1,323.18816823611354,35.926484427670225
2025-07-05 06:59:23.076318,rack_1,276.22439675241645,34.22204492629469
2025-07-05 07:14:23.076318,rack_1,334.50631777570794,31.848918538421902
2025-07-05 07:29:23.076318,rack_1,287.5291162622014,32.4540031977955
2025-07-05 07:44:23.076318,rack_1,322.32053856038203,33.27693233628001
2025-07-05 07:59:23.076318,rack_1,279.3013529937684,32.222582437368246
2025-07-05 08:14:23.076318,rack_1,213.41944865787087,31.94846867537488
2025-07-05 08:29:23.076318,rack_1,304.59070614106304,35.60497788430497
2025-07-05 08:44:23.076318,rack_1,262.0974981402688,30.824351891127403
2025-07-05 08:59:23.076318,rack_1,286.63921620177416,33.0344899305639
2025-07-05 09:14:23.076318,rack_1,333.70029901271124,36.83423226248545
2025-07-05 09:29:23.076318,rack_1,263.0363001387908,33.199144592365165
2025-07-05 09:44:23.076318,rack_1,335.9964239422669,37.55882923128191
2025-07-05 09:59:23.076318,rack_1,353.07136605539864,38.5291139059085
2025-07-05 10:14:23.076318,rack_1,254.33523225818203,32.14345872593144
2025-07-05 10:29:23.076318,rack_1,306.9208363223747,32.78671547428131
2025-07-05 10:44:23.076318,rack_1,298.6343956614973,35.10438010413816
2025-07-05 10:59:23.076318,rack_1,341.82046348125675,36.19516515163137
2025-07-05 11:14:23.076318,rack_1,291.61231570477247,34.63864136278227
2025-07-05 11:29:23.076318,rack_1,344.857141506463,34.62738861875989
2025-07-05 11:44:23.076318,rack_1,280.0901818535505,33.99036147050573
2025-07-05 11:59:23.076318,rack_1,309.1329525857245,31.488953395817553
2025-07-05 12:14:23.076318,rack_1,340.7542382704565,38.712569145571166
2025-07-05 12:29:23.076318,rack_1,378.231074040512,37.35614184114708
2025-07-05 12:44:23.076318,rack_1,325.2143616604189,36.14268276877886
2025-07-05 12:59:23.076318,rack_1,272.5780032990502,34.35549523123727
2025-07-05 13:14:23.076318,rack_1,313.37839869591716,34.28237517141338
2025-07-05 13:29:23.076318,rack_1,329.7042069417932,35.767470131056655
2025-07-05 13:44:23.076318,rack_1,341.87318389697305,35.74888830381255
2025-07-05 13:59:23.076318,rack_1,285.06745444511836,33.757501806139736
2025-07-05 14:14:23.076318,rack_1,346.5580063856527,34.43470701350588
2025-07-05 14:29:23.076318,rack_1,316.78044019010474,32.8472264771533
2025-07-05 14:44:23.076318,rack_1,270.0506170767817,35.03345410204082
2025-07-05 14:59:23.076318,rack_1,272.0073376224085,30.8619138248848
2025-07-05 15:14:23.076318,rack_1,329.855150373818,35.787455563658135
2025-07-05 15:29:23.076318,rack_1,324.8403877529769,35.451861929946794
2025-07-05 15:44:23.076318,rack_1,289.6729988050972,35.88949846872822
2025-07-05 15:59:23.076318,rack_1,256.7986612416996,33.904620211329515
2025-07-05 16:14:23.076318,rack_1,279.3629836977992,33.991642123441906
2025-07-05 16:29:23.076318,rack_1,298.50048020052424,32.6733843833581
2025-07-05 16:44:23.076318,rack_1,368.7569842307256,38.442926697923895
2025-07-05 16:59:23.076318,rack_1,300.97901459236533,34.41461056917107
2025-07-05 17:14:23.076318,rack_1,345.24326047515297,35.392419238414035
2025-07-05 17:29:23.076318,rack_1,361.7003866406094,36.656318919026354
2025-07-05 17:44:23.076318,rack_1,284.40501587318937,32.093678782118936
2025-07-05 17:59:23.076318,rack_1,271.4338782120875,32.18677912086366
2025-07-05 18:14:23.076318,rack_1,224.10272323560545,33.399025937338024
2025-07-05 18:29:23.076318,rack_1,298.00965564850696,35.21219914297242
2025-07-05 18:44:23.076318,rack_1,306.83511379440927,34.85556798153791
2025-07-05 18:59:23.076318,rack_1,288.0435147552458,34.51411847416271
2025-07-05 19:14:23.076318,rack_1,291.03011855843357,32.9156451828001
2025-07-05 19:29:23.076318,rack_1,333.7928297600421,33.53817248616571
2025-07-05 19:44:23.076318,rack_1,287.6381151234919,32.741367424863874
2025-07-05 19:59:23.076318,rack_1,299.84742247981654,33.826052413901756
2025-07-05 20:14:23.076318,rack_1,328.2156062245183,34.99002452269412
2025-07-05 20:29:23.076318,rack_1,330.7413461021132,34.601658151037746
2025-07-05 20:44:23.076318,rack_1,304.7725643542601,34.00191527703362
2025-07-05 20:59:23.076318,rack_1,286.42560467252383,31.902497589963524
2025-07-05 21:14:23.076318,rack_1,301.62097264178874,36.679618662513676
2025-07-05 21:29:23.076318,rack_1,235.694481241355,32.89875274222787
2025-07-05 21:44:23.076318,rack_1,283.39455434157344,30.593304986121673
2025-07-05 21:59:23.076318,rack_1,197.33661970469103,31.86158205969707
2025-07-05 22:14:23.076318,rack_1,315.07539362016286,33.27658027859425
2025-07-05 22:29:23.076318,rack_1,330.27002718024625,35.28869108298042
2025-07-05 22:44:23.076318,rack_1,243.69275714134653,29.846723069235583
2025-07-05 22:59:23.076318,rack_1,298.07688279983716,34.521809293526424
2025-07-05 23:14:23.076318,rack_1,264.702946935289,34.035551625612776
2025-07-05 23:29:23.076318,rack_1,332.4837008201794,35.501894618767714
2025-07-05 23:44:23.076318,rack_1,289.6794632870718,33.28705279787122
2025-07-05 23:59:23.076318,rack_1,292.5638502759006,34.069419682797445
2025-07-06 00:14:23.076318,rack_1,281.27819601894896,34.91219000231329
2025-07-06 00:29:23.076318,rack_1,309.5271215678648,33.81030842639005
2025-07-06 00:44:23.076318,rack_1,314.64188181429137,36.032080630908986
2025-07-06 00:59:23.076318,rack_1,321.1753576737243,31.235144837746127
2025-07-06 01:14:23.076318,rack_1,323.69707837156847,33.39538228765549
2025-07-06 01:29:23.076318,rack_1,343.1854609874787,35.556098210105986
2025-07-06 01:44:23.076318,rack_1,275.3836536213932,33.20171626033798
2025-07-06 01:59:23.076318,rack_1,322.5406364167358,38.15210993269706
2025-07-06 02:14:23.076318,rack_1,340.6724148173178,36.390512727863616
2025-07-06 02:29:23.076318,rack_1,286.3743659111535,35.22098459271907
2025-07-06 02:44:23.076318,rack_1,292.6784866217875,34.64172115239087
2025-07-06 02:59:23.076318,rack_1,296.08004389672533,34.13076037280583
2025-07-06 03:14:23.076318,rack_1,332.8447717953553,34.587749425804034
2025-07-06 03:29:23.076318,rack_1,254.87990949234802,30.233423383981606
2025-07-06 03:44:23.076318,rack_1,343.9418346547866,34.29432452684744
2025-07-06 03:59:23.076318,rack_1,320.1161581369481,34.044312427053995
2025-07-06 04:14:23.076318,rack_1,320.76430344131364,33.67859523022271
2025-07-06 04:29:23.076318,rack_1,309.0541853437727,35.16067294710872
2025-07-06 04:44:23.076318,rack_1,323.8160705322514,32.69713128659646
2025-07-06 04:59:23.076318,rack_1,291.01979936662855,33.7393957153332
2025-07-06 05:14:23.076318,rack_1,298.14176593788545,33.89070584793933
2025-07-06 05:29:23.076318,rack_1,331.0416553683574,34.44216867360024
2025-07-06 05:44:23.076318,rack_1,272.7356325656594,31.953959997046567
2025-07-06 05:59:23.076318,rack_1,305.38632236473825,32.28047229633266
2025-07-06 06:14:23.076318,rack_1,337.3541031701571,34.77182217839927
2025-07-06 06:29:23.076318,rack_1,302.0110986926355,32.17571593692307
2025-07-06 06:44:23.076318,rack_1,312.69309591031487,31.335746619529324
2025-07-06 06:59:23.076318,rack_1,305.7662153829777,32.340796847386486
2025-07-06 07:14:23.076318,rack_1,299.57830005340435,34.5461525717327
2025-07-06 07:29:23.076318,rack_1,307.2652239624185,31.085402899890127
2025-07-06 07:44:23.076318,rack_1,314.7187857059633,37.589676075395786
2025-07-06 07:59:23.076318,rack_1,265.59067208125543,31.913818648657735
2025-07-06 08:14:23.076318,rack_1,328.03999437664726,32.973017457829144
2025-07-06 08:29:23.076318,rack_1,274.79967887034525,33.12566235920961
2025-07-06 08:44:23.076318,rack_1,293.14095070655,32.435352949219656
2025-07-06 08:59:23.076318,rack_1,301.0890779812129,31.169411683566477
2025-07-06 09:14:23.076318,rack_1,320.13079229609923,33.384493730877494
2025-07-06 09:29:23.076318,rack_1,279.4739872919309,32.931222100130164
2025-07-06 09:44:23.076318,rack_1,275.110061945768,35.295089852552536
2025-07-06 09:59:23.076318,rack_1,342.70329909800853,36.30966659428175
2025-07-06 10:14:23.076318,rack_1,302.08073109886567,36.559659827525934
2025-07-06 10:29:23.076318,rack_1,305.98008928073017,34.334787278653025
2025-07-06 10:44:23.076318,rack_1,315.7239606118739,35.32923239887501
2025-07-06 10:59:23.076318,rack_1,290.55985188435506,34.267019867287
2025-07-06 11:14:23.076318,rack_1,322.4512660894068,31.433782404432698
2025-07-06 11:29:23.076318,rack_1,331.0424317949324,35.8112403352241
2025-07-06 11:44:23.076318,rack_1,334.5382986289975,35.14345325297777
2025-07-06 11:59:23.076318,rack_1,235.10719782599529,32.59268486391014
2025-07-06 12:14:23.076318,rack_1,308.66283403852333,34.45792336107087
2025-07-06 12:29:23.076318,rack_1,321.49025248491336,33.63504188500631
2025-07-06 12:44:23.076318,rack_1,313.55790283636793,37.19330062015006
2025-07-06 12:59:23.076318,rack_1,286.36621475454973,35.24192658122925
2025-07-06 13:14:23.076318,rack_1,312.7050069625816,35.39594180984723
2025-07-06 13:29:23.076318,rack_1,331.74905386628717,37.70503269240564
2025-07-06 13:44:23.076318,rack_1,308.7781060888,33.78363649016509
2025-07-06 13:59:23.076318,rack_1,307.79150386730157,33.57299903553249
2025-07-06 14:14:23.076318,rack_1,326.04149242385785,35.83456017676223
2025-07-06 14:29:23.076318,rack_1,330.6551472419355,35.46100011259456
2025-07-06 14:44:23.076318,rack_1,248.69026403005722,32.80667989236676
2025-07-06 14:59:23.076318,rack_1,280.262903368623,32.07083105686592
2025-07-06 15:14:23.076318,rack_1,257.94792088069744,32.384393593798045
2025-07-06 15:29:23.076318,rack_1,290.5198445617928,34.94812852469392
2025-07-06 15:44:23.076318,rack_1,287.19580404598383,32.9061570341718
2025-07-06 15:59:23.076318,rack_1,317.24611850811436,34.948234695014975
2025-07-06 16:14:23.076318,rack_1,280.5767482109556,34.510358984854356
2025-07-06 16:29:23.076318,rack_1,328.07362085978986,34.82441942253121
2025-07-06 16:44:23.076318,rack_1,326.9243536423697,37.57174035183915
2025-07-06 16:59:23.076318,rack_1,302.31866198618934,33.33890849856528
2025-07-06 17:14:23.076318,rack_1,333.3871074405404,36.85246282769952
2025-07-06 17:29:23.076318,rack_1,315.0818878371261,34.2141438705719
2025-07-06 17:44:23.076318,rack_1,309.36360955258885,34.58639906183809
2025-06-29 17:59:23.076318,rack_2,209.28696021409047,30.195234907543547
2025-06-29 18:14:23.076318,rack_2,223.66776103457354,32.67901112477048
2025-06-29 18:29:23.076318,rack_2,247.51369026270663,32.45708610146949
2025-06-29 18:44:23.076318,rack_2,150.0,29.684291545074824
2025-06-29 18:59:23.076318,rack_2,195.74399759800002,28.838867041977693
2025-06-29 19:14:23.076318,rack_2,246.5531053507248,32.62931900305329
2025-06-29 19:29:23.076318,rack_2,258.0370614412523,30.94903342258565
2025-06-29 19:44:23.076318,rack_2,253.1838049924212,32.40419630467273
2025-06-29 19:59:23.076318,rack_2,239.3825657075242,32.91664412272731
2025-06-29 20:14:23.076318,rack_2,304.53559771828554,34.98289134501778
2025-06-29 20:29:23.076318,rack_2,203.09460689381046,28.731347648355246
2025-06-29 20:44:23.076318,rack_2,243.77694601619137,32.84570234074731
2025-06-29 20:59:23.076318,rack_2,236.01804343398487,32.005289450123364
2025-06-29 21:14:23.076318,rack_2,202.4173791547476,30.517439999795666
2025-06-29 21:29:23.076318,rack_2,270.94473179333136,30.642150714383686
2025-06-29 21:44:23.076318,rack_2,162.42890498632661,30.045025760986615
2025-06-29 21:59:23.076318,rack_2,236.09991391274423,30.40030644682924
2025-06-29 22:14:23.076318,rack_2,267.01645621299866,33.796676846767724
2025-06-29 22:29:23.076318,rack_2,215.38480900022947,32.03409353232787
2025-06-29 22:44:23.076318,rack_2,221.6408239405625,30.94627290964396
2025-06-29 22:59:23.076318,rack_2,230.43522043232042,30.90134540671933
2025-06-29 23:14:23.076318,rack_2,220.52944379588743,30.029229641206403
2025-06-29 23:29:23.076318,rack_2,186.15655714562322,32.32728297034845
2025-06-29 23:44:23.076318,rack_2,224.53323448620355,29.161337390435165
2025-06-29 23:59:23.076318,rack_2,256.63391804855786,33.36564488395131
2025-06-30 00:14:23.076318,rack_2,280.785795765388,33.32115132670085
2025-06-30 00:29:23.076318,rack_2,226.03859683818746,31.769593709913636
2025-06-30 00:44:23.076318,rack_2,243.5973941673036,31.836817522249127
2025-06-30 00:59:23.076318,rack_2,244.4400746550652,32.61212453093832
2025-06-30 01:14:23.076318,rack_2,213.17358736139087,29.96482486484433
2025-06-30 01:29:23.076318,rack_2,232.1775256981813,31.24474538859484
2025-06-30 01:44:23.076318,rack_2,234.49797970196704,29.639449104847756
2025-06-30 01:59:23.076318,rack_2,192.0284878618557,32.148374166927184
2025-06-30 02:14:23.076318,rack_2,211.44783438239372,33.61012985830642
2025-06-30 02:29:23.076318,rack_2,197.70314174908236,30.68568924875745
2025-06-30 02:44:23.076318,rack_2,195.80811830250008,31.16153720372003
2025-06-30 02:59:23.076318,rack_2,241.9908319588534,33.120415945216344
2025-06-30 03:14:23.076318,rack_2,266.58766889505563,35.66375386672254
2025-06-30 03:29:23.076318,rack_2,205.558876872413,30.605329760724413
2025-06-30 03:44:23.076318,rack_2,252.09419439324174,33.754211536880625
2025-06-30 03:59:23.076318,rack_2,230.78394408641716,32.232523915152385
2025-06-30 04:14:23.076318,rack_2,262.59895366336355,33.97245115213593
2025-06-30 04:29:23.076318,rack_2,205.49455527720687,31.45257216790336
2025-06-30 04:44:23.076318,rack_2,199.01469634565638,30.34303888570455
2025-06-30 04:59:23.076318,rack_2,226.54013956042218,30.297739858190724
2025-06-30 05:14:23.076318,rack_2,272.66164259922,31.44227574209074
2025-06-30 05:29:23.076318,rack_2,245.45868544566284,33.023269114126855
2025-06-30 05:44:23.076318,rack_2,240.25233417329204,33.16072267741482
2025-06-30 05:59:23.076318,rack_2,256.034585691296,33.773478621177745
2025-06-30 06:14:23.076318,rack_2,195.73078021864436,31.48411242001406
2025-06-30 06:29:23.076318,rack_2,249.6143117468378,34.6157676387796
2025-06-30 06:44:23.076318,rack_2,186.4147872058315,30.814161025079677
2025-06-30 06:59:23.076318,rack_2,273.59305568708925,32.86957386030596
2025-06-30 07:14:23.076318,rack_2,237.8178114427816,32.80977833294988
2025-06-30 07:29:23.076318,rack_2,234.1388825918248,34.38880732021822
2025-06-30 07:44:23.076318,rack_2,205.85730007557248,29.89055175953722
2025-06-30 07:59:23.076318,rack_2,176.23870924320303,29.70013017886321
2025-06-30 08:14:23.076318,rack_2,206.98154405103264,31.517014942429817
2025-06-30 08:29:23.076318,rack_2,265.97456769055907,30.588637879302958
2025-06-30 08:44:23.076318,rack_2,213.91489429320865,31.290486992972625
2025-06-30 08:59:23.076318,rack_2,275.22565484437183,32.48161355424212
2025-06-30 09:14:23.076318,rack_2,195.0465050351617,28.226506252443137
2025-06-30 09:29:23.076318,rack_2,251.62941546695833,34.08796920413169
2025-06-30 09:44:23.076318,rack_2,315.75678146946643,33.418148175591
2025-06-30 09:59:23.076318,rack_2,197.93242127929898,30.84339955189981
2025-06-30 10:14:23.076318,rack_2,244.78708200979545,30.762026541755716
2025-06-30 10:29:23.076318,rack_2,240.113484225653,33.74831517755786
2025-06-30 10:44:23.076318,rack_2,252.54139476577717,31.997430797973582
2025-06-30 10:59:23.076318,rack_2,263.0144568645111,32.93753711412496
2025-06-30 11:14:23.076318,rack_2,197.13856962702832,32.37992860437114
2025-06-30 11:29:23.076318,rack_2,228.32543494975175,33.17448534866536
2025-06-30 11:44:23.076318,rack_2,261.4414521004005,32.7425039416397
2025-06-30 11:59:23.076318,rack_2,205.49731215486986,27.76069920466741
2025-06-30 12:14:23.076318,rack_2,239.41623757598717,35.09002740013861
2025-06-30 12:29:23.076318,rack_2,261.87480217014274,32.39573785984687
2025-06-30 12:44:23.076318,rack_2,198.00740064673911,33.27157831762035
2025-06-30 12:59:23.076318,rack_2,186.6443987093953,31.03368627286836
2025-06-30 13:14:23.076318,rack_2,232.71618361573732,31.03045742356237
2025-06-30 13:29:23.076318,rack_2,217.45643714968907,34.466984430798455
2025-06-30 13:44:23.076318,rack_2,193.76148056546992,30.342584082149763
2025-06-30 13:59:23.076318,rack_2,192.9873770322582,28.53491985547311
2025-06-30 14:14:23.076318,rack_2,225.08403567273461,30.346224452592793
2025-06-30 14:29:23.076318,rack_2,212.75111993314934,31.997699078905395
2025-06-30 14:44:23.076318,rack_2,212.13274391715225,31.431185887064256
2025-06-30 14:59:23.076318,rack_2,286.2367587859675,34.510426879609696
2025-06-30 15:14:23.076318,rack_2,205.2956948151785,32.094704808167215
2025-06-30 15:29:23.076318,rack_2,221.57679939700208,32.91364657382166
2025-06-30 15:44:23.076318,rack_2,262.57610535006285,32.13809049111444
2025-06-30 15:59:23.076318,rack_2,218.55329995812167,32.58001129198861
2025-06-30 16:14:23.076318,rack_2,231.8546077184689,34.192355205755064
2025-06-30 16:29:23.076318,rack_2,237.34626849983093,32.23135587601845
2025-06-30 16:44:23.076318,rack_2,258.57274497290683,32.007835440012606
2025-06-30 16:59:23.076318,rack_2,239.87584169342662,32.49298236025187
2025-06-30 17:14:23.076318,rack_2,264.85269016233053,30.794999987115162
2025-06-30 17:29:23.076318,rack_2,231.90975614916522,30.613092874972878
2025-06-30 17:44:23.076318,rack_2,203.30594076369448,32.917342306975556
2025-06-30 17:59:23.076318,rack_2,219.13874619562708,32.205410616741666
2025-06-30 18:14:23.076318,rack_2,172.1445301862361,29.7450927388044
2025-06-30 18:29:23.076318,rack_2,219.16771260377868,33.05345659416524
2025-06-30 18:44:23.076318,rack_2,263.9663071401599,32.891985230801936
2025-06-30 18:59:23.076318,rack_2,224.96473056527446,30.9688136584573
2025-06-30 19:14:23.076318,rack_2,249.77826530130102,31.880796465638483
2025-06-30 19:29:23.076318,rack_2,251.08147862363592,32.72718551608446
2025-06-30 19:44:23.076318,rack_2,243.96781665854803,31.97948946109589
2025-06-30 19:59:23.076318,rack_2,212.274794223369,30.466453307988647
2025-06-30 20:14:23.076318,rack_2,209.64930091411043,32.995234922161835
2025-06-30 20:29:23.076318,rack_2,246.4891259511156,32.684798044861054
2025-06-30 20:44:23.076318,rack_2,212.07225155921398,29.10323379495698
2025-06-30 20:59:23.076318,rack_2,221.93399778414158,29.922001423100927
2025-06-30 21:14:23.076318,rack_2,201.51853030382725,30.525202361058227
2025-06-30 21:29:23.076318,rack_2,242.03168058192716,33.80094513833621
2025-06-30 21:44:23.076318,rack_2,228.48133729935822,30.657487096177707
2025-06-30 21:59:23.076318,rack_2,287.24387609378743,33.148962716968185
2025-06-30 22:14:23.076318,rack_2,232.2233797648936,30.6227309976379
2025-06-30 22:29:23.076318,rack_2,239.35342256823242,31.077591397353125
2025-06-30 22:44:23.076318,rack_2,265.3574389522251,32.27600664842989
2025-06-30 22:59:23.076318,rack_2,222.41163879541975,30.800129444273548
2025-06-30 23:14:23.076318,rack_2,233.5274846684171,32.14149876641027
2025-06-30 23:29:23.076318,rack_2,228.58242137442875,31.662601372314807
2025-06-30 23:44:23.076318,rack_2,218.04037273364304,28.60134943118938
2025-06-30 23:59:23.076318,rack_2,238.08862536419244,33.139666113072934
2025-07-01 00:14:23.076318,rack_2,174.1209272843456,30.16278745790415
2025-07-01 00:29:23.076318,rack_2,159.44517878129375,28.77175341173031
2025-07-01 00:44:23.076318,rack_2,245.15974620134375,32.62535725149265
2025-07-01 00:59:23.076318,rack_2,197.47467955429408,34.653507729275006
2025-07-01 01:14:23.076318,rack_2,183.04308160717062,30.16027179644222
2025-07-01 01:29:23.076318,rack_2,224.93955131204518,31.408311279407286
2025-07-01 01:44:23.076318,rack_2,197.81619920519202,30.649100526406325
2025-07-01 01:59:23.076318,rack_2,240.07716560304178,30.186567851074518
2025-07-01 02:14:23.076318,rack_2,230.08386975068078,32.973728800551555
2025-07-01 02:29:23.076318,rack_2,196.56973215422641,33.0594641345835
2025-07-01 02:44:23.076318,rack_2,236.49283379003768,30.625073297459014
2025-07-01 02:59:23.076318,rack_2,221.2417226392559,32.27188324715072
2025-07-01 03:14:23.076318,rack_2,224.61785122098328,32.25366094127814
2025-07-01 03:29:23.076318,rack_2,214.14373305549486,31.24035028549462
2025-07-01 03:44:23.076318,rack_2,224.67507868938463,32.53092638526767
2025-07-01 03:59:23.076318,rack_2,225.10411773083516,32.76605571631459
2025-07-01 04:14:23.076318,rack_2,210.2983301773841,30.26053234867903
2025-07-01 04:29:23.076318,rack_2,237.91814426328398,30.65681528011128
2025-07-01 04:44:23.076318,rack_2,172.2360996433606,33.52545171206254
2025-07-01 04:59:23.076318,rack_2,211.3373333199049,31.219582095840973
2025-07-01 05:14:23.076318,rack_2,230.09276043937226,32.413693552216024
2025-07-01 05:29:23.076318,rack_2,207.90217520053628,30.665373742893674
2025-07-01 05:44:23.076318,rack_2,238.2653714584698,34.09403148355495
2025-07-01 05:59:23.076318,rack_2,216.59372757938021,31.369611781552685
2025-07-01 06:14:23.076318,rack_2,267.0634739335775,32.28763482614748
2025-07-01 06:29:23.076318,rack_2,258.68397113045074,35.03332324901038
2025-07-01 06:44:23.076318,rack_2,226.72689031764588,31.07313738833549
2025-07-01 06:59:23.076318,rack_2,207.29750589195882,29.881027487521983
2025-07-01 07:14:23.076318,rack_2,225.16071759680133,28.903737764837132
2025-07-01 07:29:23.076318,rack_2,233.2579603110093,30.803978833052195
2025-07-01 07:44:23.076318,rack_2,288.28635546023736,33.279382355435395
2025-07-01 07:59:23.076318,rack_2,259.96114742901955,32.13736227858485
2025-07-01 08:14:23.076318,rack_2,262.0256636537829,33.159993214796636
2025-07-01 08:29:23.076318,rack_2,204.0294075388574,31.057117678838104
2025-07-01 08:44:23.076318,rack_2,240.51511092587288,34.96880180714551
2025-07-01 08:59:23.076318,rack_2,219.57575824571126,31.15385778581
2025-07-01 09:14:23.076318,rack_2,247.10878613302106,31.614034947657757
2025-07-01 09:29:23.076318,rack_2,257.2901616264894,32.23894088670422
2025-07-01 09:44:23.076318,rack_2,214.40557979270173,28.698334838849185
2025-07-01 09:59:23.076318,rack_2,214.94255395619035,33.142501202731566
2025-07-01 10:14:23.076318,rack_2,245.51420614360023,31.556019342986854
2025-07-01 10:29:23.076318,rack_2,234.1021546606753,30.31941889372289
2025-07-01 10:44:23.076318,rack_2,263.1695527870458,30.666622560840846
2025-07-01 10:59:23.076318,rack_2,256.88681217036725,32.638842684544244
2025-07-01 11:14:23.076318,rack_2,288.2768856500944,30.779835422087586
2025-07-01 11:29:23.076318,rack_2,190.59254202710372,30.114761207727664
2025-07-01 11:44:23.076318,rack_2,201.16718324246932,31.75481040397594
2025-07-01 11:59:23.076318,rack_2,240.14667969568458,31.64249347874029
2025-07-01 12:14:23.076318,rack_2,244.7272510652732,33.46174370729301
2025-07-01 12:29:23.076318,rack_2,181.90337624901133,30.054384187358153
2025-07-01 12:44:23.076318,rack_2,229.41925525495196,31.500958248255447
2025-07-01 12:59:23.076318,rack_2,215.9239839888858,31.066309751302562
2025-07-01 13:14:23.076318,rack_2,184.1380930938359,28.676944071460596
2025-07-01 13:29:23.076318,rack_2,283.51711313324466,32.67040567049866
2025-07-01 13:44:23.076318,rack_2,231.8253009265411,32.59700511100539
2025-07-01 13:59:23.076318,rack_2,221.88099808733858,29.629819252974812
2025-07-01 14:14:23.076318,rack_2,175.54168200797733,29.116379998936733
2025-07-01 14:29:23.076318,rack_2,258.37982367709225,34.55122076524876
2025-07-01 14:44:23.076318,rack_2,240.239100457184,31.275676639728317
2025-07-01 14:59:23.076318,rack_2,231.52106434565727,31.759265856345436
2025-07-01 15:14:23.076318,rack_2,283.4337661228895,33.737973443036424
2025-07-01 15:29:23.076318,rack_2,202.9184554579365,31.683339747708832
2025-07-01 15:44:23.076318,rack_2,215.45914557686513,32.16850976815561
2025-07-01 15:59:23.076318,rack_2,233.18746691747629,29.13273633219474
2025-07-01 16:14:23.076318,rack_2,231.19099414550533,27.777673539159224
2025-07-01 16:29:23.076318,rack_2,221.92859431810803,29.91977628936839
2025-07-01 16:44:23.076318,rack_2,258.2505867089607,33.29092230378266
2025-07-01 16:59:23.076318,rack_2,205.0498262760344,34.59677974643342
2025-07-01 17:14:23.076318,rack_2,264.6837140648901,33.238094535699055
2025-07-01 17:29:23.076318,rack_2,238.3833500705814,30.570517665057785
2025-07-01 17:44:23.076318,rack_2,234.10208009742624,32.74990900474998
2025-07-01 17:59:23.076318,rack_2,230.24198316504592,30.931267085236634
2025-07-01 18:14:23.076318,rack_2,234.33544035773622,31.056303960186618
2025-07-01 18:29:23.076318,rack_2,241.96307127122185,33.19100736538147
2025-07-01 18:44:23.076318,rack_2,212.53851062820286,30.59641979618743
2025-07-01 18:59:23.076318,rack_2,233.46924720634811,31.912665232178803
2025-07-01 19:14:23.076318,rack_2,249.74989230038528,32.36213902399332
2025-07-01 19:29:23.076318,rack_2,206.71234128151775,30.332578461456244
2025-07-01 19:44:23.076318,rack_2,158.5325924202688,28.804614251572296
2025-07-01 19:59:23.076318,rack_2,227.32044179391022,30.04829547201706
2025-07-01 20:14:23.076318,rack_2,185.2959385933774,30.215316436019098
2025-07-01 20:29:23.076318,rack_2,279.3708348559418,32.46468866104049
2025-07-01 20:44:23.076318,rack_2,235.2900869422454,31.594355767627967
2025-07-01 20:59:23.076318,rack_2,242.2816459390625,32.13741083704322
2025-07-01 21:14:23.076318,rack_2,226.7855606471559,31.726909303773425
2025-07-01 21:29:23.076318,rack_2,229.60306077689026,32.4519784832911
2025-07-01 21:44:23.076318,rack_2,240.76487064915804,33.93885077645205
2025-07-01 21:59:23.076318,rack_2,179.19762107345946,29.898968408491804
2025-07-01 22:14:23.076318,rack_2,208.1479106513353,32.49071610937844
2025-07-01 22:29:23.076318,rack_2,230.3085533367737,31.566858451086354
2025-07-01 22:44:23.076318,rack_2,240.88114101075897,32.54054202304741
2025-07-01 22:59:23.076318,rack_2,283.7108931397566,31.975063847071418
2025-07-01 23:14:23.076318,rack_2,231.42009274121168,32.982752349293634
2025-07-01 23:29:23.076318,rack_2,252.8837188177085,30.996562386557454
2025-07-01 23:44:23.076318,rack_2,291.8212389617245,35.877457927055204
2025-07-01 23:59:23.076318,rack_2,230.14690013963758,30.445876351364557
2025-07-02 00:14:23.076318,rack_2,167.23409652650685,27.895712305107836
2025-07-02 00:29:23.076318,rack_2,213.14189309267775,30.082342091354025
2025-07-02 00:44:23.076318,rack_2,219.47305268573362,30.126005759137968
2025-07-02 00:59:23.076318,rack_2,228.11784586367713,34.6199652550015
2025-07-02 01:14:23.076318,rack_2,241.32307587946906,30.40650257238719
2025-07-02 01:29:23.076318,rack_2,250.70015489056942,31.627207821891638
2025-07-02 01:44:23.076318,rack_2,225.8653086032616,31.262558637357294
2025-07-02 01:59:23.076318,rack_2,202.93353930963426,30.73435514947176
2025-07-02 02:14:23.076318,rack_2,213.62950617904747,30.47310153622233
2025-07-02 02:29:23.076318,rack_2,247.3406518282914,34.766119445043074
2025-07-02 02:44:23.076318,rack_2,267.58616014639944,33.34921821397101
2025-07-02 02:59:23.076318,rack_2,259.39343296482457,31.571952733913008
2025-07-02 03:14:23.076318,rack_2,220.54450303578773,27.767882491132404
2025-07-02 03:29:23.076318,rack_2,183.76183345396518,31.283723050234407
2025-07-02 03:44:23.076318,rack_2,200.86127904670917,32.54188843435493
2025-07-02 03:59:23.076318,rack_2,251.87540236985288,31.452605921792454
2025-07-02 04:14:23.076318,rack_2,204.4451105405382,29.968352687091254
2025-07-02 04:29:23.076318,rack_2,253.37572010421852,35.25431933249037
2025-07-02 04:44:23.076318,rack_2,221.80002690968536,30.46425856034154
2025-07-02 04:59:23.076318,rack_2,235.8270874397268,30.791227896976423
2025-07-02 05:14:23.076318,rack_2,256.0222187076377,32.17185774447174
2025-07-02 05:29:23.076318,rack_2,199.44527592702622,32.40760194177725
2025-07-02 05:44:23.076318,rack_2,208.83135250270666,29.62190284671207
2025-07-02 05:59:23.076318,rack_2,283.3623429900617,33.40467348826281
2025-07-02 06:14:23.076318,rack_2,278.63816819804015,30.70763967836933
2025-07-02 06:29:23.076318,rack_2,226.9341900840566,32.822709031589504
2025-07-02 06:44:23.076318,rack_2,230.6651295357773,29.449732859409806
2025-07-02 06:59:23.076318,rack_2,248.99432176757568,31.421066366564443
2025-07-02 07:14:23.076318,rack_2,213.316292828484,31.22298950807046
2025-07-02 07:29:23.076318,rack_2,265.238885633746,35.067597708651405
2025-07-02 07:44:23.076318,rack_2,193.0431245559991,32.41793319005906
2025-07-02 07:59:23.076318,rack_2,219.38336723090308,31.801142985375883
2025-07-02 08:14:23.076318,rack_2,150.0,28.16449320957487
2025-07-02 08:29:23.076318,rack_2,201.839874975895,31.04679690330972
2025-07-02 08:44:23.076318,rack_2,281.2476807647207,34.55439778162431
2025-07-02 08:59:23.076318,rack_2,220.40762179643465,30.550444871590653
2025-07-02 09:14:23.076318,rack_2,306.5827512444291,35.30472885576111
2025-07-02 09:29:23.076318,rack_2,202.39195453442423,32.94430342324283
2025-07-02 09:44:23.076318,rack_2,213.39707266131876,33.109401623855774
2025-07-02 09:59:23.076318,rack_2,270.05424560647737,32.4562725610437
2025-07-02 10:14:23.076318,rack_2,205.5215779174002,32.31880512551854
2025-07-02 10:29:23.076318,rack_2,207.78940738546748,30.938413540571606
2025-07-02 10:44:23.076318,rack_2,261.7042830771224,33.225125911224154
2025-07-02 10:59:23.076318,rack_2,294.8218955794352,30.498235322949046
2025-07-02 11:14:23.076318,rack_2,300.1185087285637,31.156710455000137
2025-07-02 11:29:23.076318,rack_2,269.1535961806096,32.08772569981636
2025-07-02 11:44:23.076318,rack_2,233.8792924289161,33.84047980016146
2025-07-02 11:59:23.076318,rack_2,209.24032470052066,26.96289068291119
2025-07-02 12:14:23.076318,rack_2,212.91033419280788,32.707238454383756
2025-07-02 12:29:23.076318,rack_2,200.05618246536673,31.412096026296847
2025-07-02 12:44:23.076318,rack_2,285.9794329309661,33.40043728526062
2025-07-02 12:59:23.076318,rack_2,235.12140423007077,31.051980780238754
2025-07-02 13:14:23.076318,rack_2,251.3583159573811,35.29377211798743
2025-07-02 13:29:23.076318,rack_2,194.8622495952169,33.03573494637899
2025-07-02 13:44:23.076318,rack_2,266.68761872081495,31.886372365663338
2025-07-02 13:59:23.076318,rack_2,253.60762991590582,33.298219087930185
2025-07-02 14:14:23.076318,rack_2,252.9071926225574,32.26503507361038
2025-07-02 14:29:23.076318,rack_2,221.32080997539836,31.713179033576306
2025-07-02 14:44:23.076318,rack_2,204.13753730040372,31.9923931762735
2025-07-02 14:59:23.076318,rack_2,214.45934054529218,30.137529374358227
2025-07-02 15:14:23.076318,rack_2,245.91694211811142,30.81809817834944
2025-07-02 15:29:23.076318,rack_2,276.81599931819596,31.827364822701597
2025-07-02 15:44:23.076318,rack_2,221.70222934105504,30.75193798438512
2025-07-02 15:59:23.076318,rack_2,235.68890679065612,32.744318371854604
2025-07-02 16:14:23.076318,rack_2,210.88302666642414,31.820068787496616
2025-07-02 16:29:23.076318,rack_2,190.8302651394227,30.198401646426536
2025-07-02 16:44:23.076318,rack_2,237.4800307063331,30.557423316922804
2025-07-02 16:59:23.076318,rack_2,225.98829917667337,31.482598001435505
2025-07-02 17:14:23.076318,rack_2,269.5171091024423,35.001194204382166
2025-07-02 17:29:23.076318,rack_2,218.77784167868248,30.901071769859048
2025-07-02 17:44:23.076318,rack_2,192.95603895709206,31.992270281239477
2025-07-02 17:59:23.076318,rack_2,190.55584382731786,29.905561210679572
2025-07-02 18:14:23.076318,rack_2,206.47726153134644,29.278123144617076
2025-07-02 18:29:23.076318,rack_2,214.49486810546856,31.867749063617282
2025-07-02 18:44:23.076318,rack_2,260.81697241024756,34.2716969464046
2025-07-02 18:59:23.076318,rack_2,209.85520635309786,31.491798599292007
2025-07-02 19:14:23.076318,rack_2,219.05214200529716,33.86964471295683
2025-07-02 19:29:23.076318,rack_2,271.7160607773969,31.181714688279197
2025-07-02 19:44:23.076318,rack_2,206.3775919047453,30.34175105184318
2025-07-02 19:59:23.076318,rack_2,245.60912332177975,30.50384032245588
2025-07-02 20:14:23.076318,rack_2,236.21237429491092,32.33819103458648
2025-07-02 20:29:23.076318,rack_2,245.5077668443694,33.776100445718335
2025-07-02 20:44:23.076318,rack_2,229.44099830585213,32.61273118304005
2025-07-02 20:59:23.076318,rack_2,227.9273627244889,32.934722453833324
2025-07-02 21:14:23.076318,rack_2,235.49507608523555,33.69078802574286
2025-07-02 21:29:23.076318,rack_2,223.5882560683682,30.940713000774455
2025-07-02 21:44:23.076318,rack_2,241.47628850193968,31.76371359679939
2025-07-02 21:59:23.076318,rack_2,287.0568080931959,35.09004651776957
2025-07-02 22:14:23.076318,rack_2,267.3244592037275,34.522875816383895
2025-07-02 22:29:23.076318,rack_2,212.08308293543692,30.281091422699824
2025-07-02 22:44:23.076318,rack_2,213.65729425248864,34.77277238488476
2025-07-02 22:59:23.076318,rack_2,303.922692448849,32.844779749693124
2025-07-02 23:14:23.076318,rack_2,250.6012977849212,33.79258545162692
2025-07-02 23:29:23.076318,rack_2,227.94993929210952,31.67246593775655
2025-07-02 23:44:23.076318,rack_2,227.58062217911632,29.737663322263238
2025-07-02 23:59:23.076318,rack_2,179.74913016669564,29.902604531742107
2025-07-03 00:14:23.076318,rack_2,217.0087754061459,31.893555779286228
2025-07-03 00:29:23.076318,rack_2,265.4446426617099,32.940582416504654
2025-07-03 00:44:23.076318,rack_2,184.22543209305007,31.068285971629233
2025-07-03 00:59:23.076318,rack_2,239.05161170327995,31.035102934090702
2025-07-03 01:14:23.076318,rack_2,233.5530687696314,29.245908871903772
2025-07-03 01:29:23.076318,rack_2,197.44999039746514,30.76165727914521
2025-07-03 01:44:23.076318,rack_2,208.32304571786705,31.33476651040885
2025-07-03 01:59:23.076318,rack_2,208.55264994966728,32.172306024264756
2025-07-03 02:14:23.076318,rack_2,279.7689285629421,33.288319623440415
2025-07-03 02:29:23.076318,rack_2,255.76365946730235,32.28258267146018
2025-07-03 02:44:23.076318,rack_2,224.32666606685532,28.11902609482641
2025-07-03 02:59:23.076318,rack_2,258.3010185479284,32.87586058711779
2025-07-03 03:14:23.076318,rack_2,231.6638745469075,32.019728918185415
2025-07-03 03:29:23.076318,rack_2,250.71061787617245,33.424370233659296
2025-07-03 03:44:23.076318,rack_2,152.40798450692824,28.852294236709692
2025-07-03 03:59:23.076318,rack_2,232.1078090858389,33.15059058375203
2025-07-03 04:14:23.076318,rack_2,261.9032450333578,32.87617534431545
2025-07-03 04:29:23.076318,rack_2,224.29934965419167,32.06113084645467
2025-07-03 04:44:23.076318,rack_2,250.66506136177892,30.79360193965696
2025-07-03 04:59:23.076318,rack_2,248.09009755498775,33.23496261690945
2025-07-03 05:14:23.076318,rack_2,258.9193836312885,33.531575540972185
2025-07-03 05:29:23.076318,rack_2,226.64334363734216,33.478443595625926
2025-07-03 05:44:23.076318,rack_2,261.4509673852724,32.25482957668356
2025-07-03 05:59:23.076318,rack_2,240.5967711836466,30.49719946338724
2025-07-03 06:14:23.076318,rack_2,242.9182109553995,33.45794970205106
2025-07-03 06:29:23.076318,rack_2,220.98266665003268,33.59331246744492
2025-07-03 06:44:23.076318,rack_2,264.38787090801384,33.02446924974981
2025-07-03 06:59:23.076318,rack_2,235.06418501804498,30.92544036752739
2025-07-03 07:14:23.076318,rack_2,241.56047472089764,31.9778496718937
2025-07-03 07:29:23.076318,rack_2,261.8231871373386,31.39149006473624
2025-07-03 07:44:23.076318,rack_2,239.05780096649062,32.467962872445774
2025-07-03 07:59:23.076318,rack_2,227.78899019244892,31.310865647281382
2025-07-03 08:14:23.076318,rack_2,316.2141383451784,35.407718423756975
2025-07-03 08:29:23.076318,rack_2,265.2287905579033,32.74707100436844
2025-07-03 08:44:23.076318,rack_2,240.64464933647918,32.08038604271146
2025-07-03 08:59:23.076318,rack_2,249.36167540644544,33.18319949582613
2025-07-03 09:14:23.076318,rack_2,234.68728761471405,32.34026085789975
2025-07-03 09:29:23.076318,rack_2,217.15397969947335,29.90504635376224
2025-07-03 09:44:23.076318,rack_2,190.54206697380556,28.674642878468614
2025-07-03 09:59:23.076318,rack_2,179.64445115745318,30.487188050410975
2025-07-03 10:14:23.076318,rack_2,241.27569221598372,32.088593668235305
2025-07-03 10:29:23.076318,rack_2,216.51953432347153,33.48713315646062
2025-07-03 10:44:23.076318,rack_2,219.4830831272595,30.836565663301215
2025-07-03 10:59:23.076318,rack_2,219.18576259804956,31.494620528385248
2025-07-03 11:14:23.076318,rack_2,291.4428504665772,32.57937446993953
2025-07-03 11:29:23.076318,rack_2,250.5407950829789,34.4864908627541
2025-07-03 11:44:23.076318,rack_2,240.00016480102448,33.8335988129251
2025-07-03 11:59:23.076318,rack_2,261.0602886054882,32.556645611955936
2025-07-03 12:14:23.076318,rack_2,180.73774094248574,30.869486388586466
2025-07-03 12:29:23.076318,rack_2,233.12522264037284,31.57157328800971
2025-07-03 12:44:23.076318,rack_2,200.91913090506313,31.81596834506598
2025-07-03 12:59:23.076318,rack_2,237.11683450586918,33.081734558654425
2025-07-03 13:14:23.076318,rack_2,239.8608632364221,32.59729851106381
2025-07-03 13:29:23.076318,rack_2,236.1507830734324,34.195601491483615
2025-07-03 13:44:23.076318,rack_2,251.28226217157754,34.78610906143821
2025-07-03 13:59:23.076318,rack_2,232.44723508506118,32.456419334817866
2025-07-03 14:14:23.076318,rack_2,221.65967218202536,29.86765699593345
2025-07-03 14:29:23.076318,rack_2,261.0466992404318,31.130720766558795
2025-07-03 14:44:23.076318,rack_2,237.07239232656522,32.83467660650345
2025-07-03 14:59:23.076318,rack_2,176.70798735041168,29.592310556918083
2025-07-03 15:14:23.076318,rack_2,150.0,30.302094588133304
2025-07-03 15:29:23.076318,rack_2,285.2734400945285,38.012568274073445
2025-07-03 15:44:23.076318,rack_2,245.4462646112382,31.19956281496981
2025-07-03 15:59:23.076318,rack_2,225.32316180890354,33.99269132953678
2025-07-03 16:14:23.076318,rack_2,194.834353918106,31.676591498129852
2025-07-03 16:29:23.076318,rack_2,237.40219167880474,33.021000756261756
2025-07-03 16:44:23.076318,rack_2,230.67272006515617,32.688922321419895
2025-07-03 16:59:23.076318,rack_2,209.11283686588828,30.960133343558486
2025-07-03 17:14:23.076318,rack_2,230.40924183545653,32.97953609678548
2025-07-03 17:29:23.076318,rack_2,257.5641642014272,34.2286323876081
2025-07-03 17:44:23.076318,rack_2,229.2018403850583,31.778370289113006
2025-07-03 17:59:23.076318,rack_2,186.87254544817395,31.920129595036798
2025-07-03 18:14:23.076318,rack_2,225.02617833795793,32.642542934973264
2025-07-03 18:29:23.076318,rack_2,193.5326895452793,28.321632650461847
2025-07-03 18:44:23.076318,rack_2,259.17986095037196,33.49233543539445
2025-07-03 18:59:23.076318,rack_2,258.0613929656533,31.29677673563262
2025-07-03 19:14:23.076318,rack_2,229.70683350299495,31.026911974244502
2025-07-03 19:29:23.076318,rack_2,299.9412015352206,33.53236133238579
2025-07-03 19:44:23.076318,rack_2,244.11143641642462,32.3764438975832
2025-07-03 19:59:23.076318,rack_2,248.12666605635548,33.40336002031787
2025-07-03 20:14:23.076318,rack_2,199.32650311202747,31.385254507793906
2025-07-03 20:29:23.076318,rack_2,229.67864809655887,31.957430115819605
2025-07-03 20:44:23.076318,rack_2,207.98244991240546,31.6071193600748
2025-07-03 20:59:23.076318,rack_2,272.6399869048148,34.017981515465046
2025-07-03 21:14:23.076318,rack_2,268.8541080333075,31.775956385793158
2025-07-03 21:29:23.076318,rack_2,281.14322044056996,33.95209011503113
2025-07-03 21:44:23.076318,rack_2,191.4906720447147,28.055980089400805
2025-07-03 21:59:23.076318,rack_2,210.6966831709917,32.027811277005505
2025-07-03 22:14:23.076318,rack_2,217.69490212294286,29.309588263817957
2025-07-03 22:29:23.076318,rack_2,216.72529681018614,30.17618823539055
2025-07-03 22:44:23.076318,rack_2,198.16465535087838,31.921315770367276
2025-07-03 22:59:23.076318,rack_2,294.77758523300747,31.860646976963842
2025-07-03 23:14:23.076318,rack_2,270.9184119444691,31.430607150898105
2025-07-03 23:29:23.076318,rack_2,225.94589308612487,30.590464154202802
2025-07-03 23:44:23.076318,rack_2,207.05791081069228,31.797841459232217
2025-07-03 23:59:23.076318,rack_2,254.82151337712205,33.78329381963507
2025-07-04 00:14:23.076318,rack_2,188.23172463388872,29.787192192686817
2025-07-04 00:29:23.076318,rack_2,247.35510962808988,30.671610182086084
2025-07-04 00:44:23.076318,rack_2,221.7006956090075,32.78173543458564
2025-07-04 00:59:23.076318,rack_2,158.49658431130408,27.909123607811065
2025-07-04 01:14:23.076318,rack_2,284.23950141247843,33.23790668260586
2025-07-04 01:29:23.076318,rack_2,240.2015694809013,31.82648450074112
2025-07-04 01:44:23.076318,rack_2,249.34037075532868,30.77899152600491
2025-07-04 01:59:23.076318,rack_2,245.55225590512143,32.55709799000093
2025-07-04 02:14:23.076318,rack_2,243.75309409364235,32.785297373666836
2025-07-04 02:29:23.076318,rack_2,239.73963698075568,31.124910355912686
2025-07-04 02:44:23.076318,rack_2,216.77779517503407,31.41707638236255
2025-07-04 02:59:23.076318,rack_2,236.9082453946672,30.260438898191364
2025-07-04 03:14:23.076318,rack_2,237.54318632030063,31.005483997599264
2025-07-04 03:29:23.076318,rack_2,275.08077947162275,35.52686526190804
2025-07-04 03:44:23.076318,rack_2,225.08876708729179,31.527890782884477
2025-07-04 03:59:23.076318,rack_2,258.67576545430535,33.90023452611198
2025-07-04 04:14:23.076318,rack_2,185.6625496718167,30.057098816949008
2025-07-04 04:29:23.076318,rack_2,205.7657033780715,31.475057569200278
2025-07-04 04:44:23.076318,rack_2,239.8921056118827,31.450704792983654
2025-07-04 04:59:23.076318,rack_2,216.17271131922828,30.001754642255545
2025-07-04 05:14:23.076318,rack_2,226.30266131007028,30.580179922527098
2025-07-04 05:29:23.076318,rack_2,214.40242550296097,31.369085208908462
2025-07-04 05:44:23.076318,rack_2,246.82861204741644,32.629947627471495
2025-07-04 05:59:23.076318,rack_2,229.1242979398775,33.42267632380865
2025-07-04 06:14:23.076318,rack_2,263.19449585346695,34.87432464781302
2025-07-04 06:29:23.076318,rack_2,212.87187210162696,32.881940956204375
2025-07-04 06:44:23.076318,rack_2,252.51366693548428,32.2841159953066
2025-07-04 06:59:23.076318,rack_2,281.60679012182237,35.39656693884485
2025-07-04 07:14:23.076318,rack_2,263.6080869446406,32.70939006407526
2025-07-04 07:29:23.076318,rack_2,209.28815772704328,32.05657207565649
2025-07-04 07:44:23.076318,rack_2,270.39329592137636,29.731215841292435
2025-07-04 07:59:23.076318,rack_2,286.6391928185139,32.352793491966445
2025-07-04 08:14:23.076318,rack_2,209.46507363634288,31.519220856568676
2025-07-04 08:29:23.076318,rack_2,217.78279763462936,28.248526100722707
2025-07-04 08:44:23.076318,rack_2,222.70997109071013,31.78877818433316
2025-07-04 08:59:23.076318,rack_2,183.036122883726,31.304817963948658
2025-07-04 09:14:23.076318,rack_2,243.0826253472831,32.144499257920366
2025-07-04 09:29:23.076318,rack_2,234.819296075362,32.21781052268635
2025-07-04 09:44:23.076318,rack_2,257.26925540104656,33.19907399691873
2025-07-04 09:59:23.076318,rack_2,227.36160670975943,29.526143127069208
2025-07-04 10:14:23.076318,rack_2,202.5393249256036,29.68701623199507
2025-07-04 10:29:23.076318,rack_2,212.13791279477488,27.658118514396378
2025-07-04 10:44:23.076318,rack_2,195.1744915751899,28.39973683722125
2025-07-04 10:59:23.076318,rack_2,249.0259756568342,33.44621494816461
2025-07-04 11:14:23.076318,rack_2,204.33887403595273,31.430227475530764
2025-07-04 11:29:23.076318,rack_2,246.29264033975213,29.049755112192084
2025-07-04 11:44:23.076318,rack_2,292.2217742854908,35.27563217120639
2025-07-04 11:59:23.076318,rack_2,262.2235163005366,32.92796487441316
2025-07-04 12:14:23.076318,rack_2,272.49856527898885,31.440365694730932
2025-07-04 12:29:23.076318,rack_2,223.2296265198184,32.46814987228736
2025-07-04 12:44:23.076318,rack_2,261.39736061699523,35.688080453903616
2025-07-04 12:59:23.076318,rack_2,185.6619134191805,28.29296427152218
2025-07-04 13:14:23.076318,rack_2,207.24541531618152,29.429591041428118
2025-07-04 13:29:23.076318,rack_2,238.1219344665714,31.777025524576548
2025-07-04 13:44:23.076318,rack_2,204.6744560015139,32.292872764867056
2025-07-04 13:59:23.076318,rack_2,182.9112458840445,28.594803681061492
2025-07-04 14:14:23.076318,rack_2,219.80105633951393,32.85898645989944
2025-07-04 14:29:23.076318,rack_2,256.3518136018338,34.38995394907747
2025-07-04 14:44:23.076318,rack_2,205.49208132797878,30.222546981405536
2025-07-04 14:59:23.076318,rack_2,242.42840347914373,32.27827620667177
2025-07-04 15:14:23.076318,rack_2,229.91822817698906,32.48397978909845
2025-07-04 15:29:23.076318,rack_2,288.62445086137416,32.47762738938964
2025-07-04 15:44:23.076318,rack_2,271.0779793753644,32.396371918602
2025-07-04 15:59:23.076318,rack_2,256.9253996348793,33.91409496260427
2025-07-04 16:14:23.076318,rack_2,242.1369180016518,31.604090313748806
2025-07-04 16:29:23.076318,rack_2,243.80247951014346,33.39979196446399
2025-07-04 16:44:23.076318,rack_2,257.3609130796552,33.615809203410684
2025-07-04 16:59:23.076318,rack_2,244.46594032582644,34.1976194796756
2025-07-04 17:14:23.076318,rack_2,183.43895610705462,28.9533646710629
2025-07-04 17:29:23.076318,rack_2,276.497143683552,33.61878024764332
2025-07-04 17:44:23.076318,rack_2,175.54059242475543,29.352132773264227
2025-07-04 17:59:23.076318,rack_2,233.19918282675016,32.398951949921354
2025-07-04 18:14:23.076318,rack_2,228.3410936978886,31.39951501511168
2025-07-04 18:29:23.076318,rack_2,214.7662073093865,29.70518886731518
2025-07-04 18:44:23.076318,rack_2,259.26659556986834,31.883221319513723
2025-07-04 18:59:23.076318,rack_2,234.93350508056014,34.115609206025745
2025-07-04 19:14:23.076318,rack_2,236.94504166851848,31.439686635331892
2025-07-04 19:29:23.076318,rack_2,244.24270121604647,31.030508051548303
2025-07-04 19:44:23.076318,rack_2,250.57812693249323,33.43670012855016
2025-07-04 19:59:23.076318,rack_2,277.9078575757976,30.905395143476856
2025-07-04 20:14:23.076318,rack_2,245.14800260661434,32.950333330057425
2025-07-04 20:29:23.076318,rack_2,227.77923043009977,33.04004778346013
2025-07-04 20:44:23.076318,rack_2,229.04843917605405,31.121521084831667
2025-07-04 20:59:23.076318,rack_2,221.17571387420622,35.03130644170199
2025-07-04 21:14:23.076318,rack_2,222.70827414762752,31.914417045434448
2025-07-04 21:29:23.076318,rack_2,231.1165484331895,28.549349508915526
2025-07-04 21:44:23.076318,rack_2,243.4144791192562,33.476632931559365
2025-07-04 21:59:23.076318,rack_2,185.81668833683324,30.94455241590497
2025-07-04 22:14:23.076318,rack_2,240.49659930083743,33.7299492214713
2025-07-04 22:29:23.076318,rack_2,287.4024850575818,32.14493256125382
2025-07-04 22:44:23.076318,rack_2,224.4006000899258,33.38950771697699
2025-07-04 22:59:23.076318,rack_2,226.43182104214725,30.834754632852214
2025-07-04 23:14:23.076318,rack_2,256.66223976500066,36.8529406498569
2025-07-04 23:29:23.076318,rack_2,271.32185816665014,32.25945387525001
2025-07-04 23:44:23.076318,rack_2,217.59849002390035,33.529296191171674
2025-07-04 23:59:23.076318,rack_2,166.78579246833698,29.7577714752027
2025-07-05 00:14:23.076318,rack_2,216.91473581039608,31.711062997820555
2025-07-05 00:29:23.076318,rack_2,205.8267921032965,27.68614088491033
2025-07-05 00:44:23.076318,rack_2,238.35792081758174,33.45440145897226
2025-07-05 00:59:23.076318,rack_2,173.62817214675044,32.53643799445283
2025-07-05 01:14:23.076318,rack_2,244.8925811448612,32.87415736849352
2025-07-05 01:29:23.076318,rack_2,207.6743918225947,31.010386721419067
2025-07-05 01:44:23.076318,rack_2,264.72231272695365,31.57206297904743
2025-07-05 01:59:23.076318,rack_2,233.43553217024896,33.99083722470652
2025-07-05 02:14:23.076318,rack_2,235.38731037404358,30.076885605180873
2025-07-05 02:29:23.076318,rack_2,218.8499218752419,33.86577187740891
2025-07-05 02:44:23.076318,rack_2,319.80529464287383,34.42905809225768
2025-07-05 02:59:23.076318,rack_2,205.12309485741199,32.19353832475306
2025-07-05 03:14:23.076318,rack_2,226.27434407937974,34.211393955362766
2025-07-05 03:29:23.076318,rack_2,228.85979875980956,31.262465435632866
2025-07-05 03:44:23.076318,rack_2,242.90306605759028,31.82044644338593
2025-07-05 03:59:23.076318,rack_2,263.38532089968123,32.77961224875825
2025-07-05 04:14:23.076318,rack_2,231.51882804224962,32.4013538686478
2025-07-05 04:29:23.076318,rack_2,237.7683204004839,31.310913631089548
2025-07-05 04:44:23.076318,rack_2,244.80897009048726,32.01320793613293
2025-07-05 04:59:23.076318,rack_2,221.12168324287273,27.560724496748016
2025-07-05 05:14:23.076318,rack_2,249.5106804430017,32.14468274020381
2025-07-05 05:29:23.076318,rack_2,222.12857435309462,30.19979051509042
2025-07-05 05:44:23.076318,rack_2,229.5992158043661,31.50807874401304
2025-07-05 05:59:23.076318,rack_2,233.7697240717949,32.45741312633961
2025-07-05 06:14:23.076318,rack_2,284.9852415671569,35.77684864511752
2025-07-05 06:29:23.076318,rack_2,275.238402375819,35.785114511511885
2025-07-05 06:44:23.076318,rack_2,212.42029292907552,32.791573469239935
2025-07-05 06:59:23.076318,rack_2,236.8153749823424,32.29668850817984
2025-07-05 07:14:23.076318,rack_2,189.7230708104946,29.77631090954836
2025-07-05 07:29:23.076318,rack_2,270.1899747128883,31.134003893364987
2025-07-05 07:44:23.076318,rack_2,213.12605209493034,30.180007843963807
2025-07-05 07:59:23.076318,rack_2,188.7244590136961,28.87734416376457
2025-07-05 08:14:23.076318,rack_2,238.01970995499124,31.985717973073015
2025-07-05 08:29:23.076318,rack_2,233.83738459216292,29.782131967403675
2025-07-05 08:44:23.076318,rack_2,246.4772099346599,29.494816913437873
2025-07-05 08:59:23.076318,rack_2,214.20558044432966,31.250981566630884
2025-07-05 09:14:23.076318,rack_2,219.66814966006012,27.641986434042757
2025-07-05 09:29:23.076318,rack_2,218.14896108991672,29.820145058860394
2025-07-05 09:44:23.076318,rack_2,231.93281702207847,29.97421555727982
2025-07-05 09:59:23.076318,rack_2,277.59199150294353,32.891844980025155
2025-07-05 10:14:23.076318,rack_2,216.80292153608883,32.173280570985995
2025-07-05 10:29:23.076318,rack_2,275.5366713605574,32.19757243837029
2025-07-05 10:44:23.076318,rack_2,227.510646257567,32.199528663278386
2025-07-05 10:59:23.076318,rack_2,217.2159695395605,32.616166565848836
2025-07-05 11:14:23.076318,rack_2,245.61954614865945,30.26920503544937
2025-07-05 11:29:23.076318,rack_2,208.24692498231147,30.729856200907324
2025-07-05 11:44:23.076318,rack_2,257.0153594279687,32.25552157983395
2025-07-05 11:59:23.076318,rack_2,246.47666813695633,32.52278890824464
2025-07-05 12:14:23.076318,rack_2,233.23368361634436,32.41052246384175
2025-07-05 12:29:23.076318,rack_2,235.88752422534597,32.56436805301084
2025-07-05 12:44:23.076318,rack_2,214.60176898318977,29.921753876201773
2025-07-05 12:59:23.076318,rack_2,284.98526749650756,34.22128324098068
2025-07-05 13:14:23.076318,rack_2,260.0746470224944,32.03070615756574
2025-07-05 13:29:23.076318,rack_2,229.1209024172818,33.20549928908554
2025-07-05 13:44:23.076318,rack_2,275.1706680257732,34.126094213458224
2025-07-05 13:59:23.076318,rack_2,264.08459810958294,32.74573078187689
2025-07-05 14:14:23.076318,rack_2,276.64247684032097,31.108194644429172
2025-07-05 14:29:23.076318,rack_2,245.0186639349479,34.52361295005775
2025-07-05 14:44:23.076318,rack_2,233.5647939522568,32.48673698589383
2025-07-05 14:59:23.076318,rack_2,227.12142161213222,32.68110906119509
2025-07-05 15:14:23.076318,rack_2,217.36945430152196,32.62020210219251
2025-07-05 15:29:23.076318,rack_2,222.24522437983316,30.09165397993193
2025-07-05 15:44:23.076318,rack_2,233.25957592137928,31.24984166068049
2025-07-05 15:59:23.076318,rack_2,208.93931224493852,31.918476873881033
2025-07-05 16:14:23.076318,rack_2,151.24317752599433,30.083754738641314
2025-07-05 16:29:23.076318,rack_2,210.7625580279153,29.490496375851855
2025-07-05 16:44:23.076318,rack_2,215.19822388984917,31.31002927286913
2025-07-05 16:59:23.076318,rack_2,267.90629372563876,32.260159727538245
2025-07-05 17:14:23.076318,rack_2,221.8260335682515,33.43214290346038
2025-07-05 17:29:23.076318,rack_2,219.18535034523202,31.950286840355762
2025-07-05 17:44:23.076318,rack_2,240.52162607495998,32.952441683772044
2025-07-05 17:59:23.076318,rack_2,283.4749702786354,33.30589713739313
2025-07-05 18:14:23.076318,rack_2,261.1810204372203,32.188351615947106
2025-07-05 18:29:23.076318,rack_2,186.2740530140484,30.074347000974235
2025-07-05 18:44:23.076318,rack_2,232.22796666135275,34.21451292576327
2025-07-05 18:59:23.076318,rack_2,241.7013879033355,32.5058651516264
2025-07-05 19:14:23.076318,rack_2,243.32272281109158,31.86064195065056
2025-07-05 19:29:23.076318,rack_2,213.10213142905968,32.80662877919615
2025-07-05 19:44:23.076318,rack_2,268.89563920286685,35.41183183068962
2025-07-05 19:59:23.076318,rack_2,209.39526437786185,30.85586308467978
2025-07-05 20:14:23.076318,rack_2,261.49710547104996,33.57154897337284
2025-07-05 20:29:23.076318,rack_2,234.012693956884,30.1184266835543
2025-07-05 20:44:23.076318,rack_2,243.32865069855825,32.831534494953466
2025-07-05 20:59:23.076318,rack_2,236.97071373746977,32.92104854106249
2025-07-05 21:14:23.076318,rack_2,243.68756901701798,31.934208089639004
2025-07-05 21:29:23.076318,rack_2,240.12477044393862,34.08460201994957
2025-07-05 21:44:23.076318,rack_2,188.68280919463632,28.49110279378482
2025-07-05 21:59:23.076318,rack_2,228.5642103076308,31.663013855507835
2025-07-05 22:14:23.076318,rack_2,214.18601069508145,30.829642317673244
2025-07-05 22:29:23.076318,rack_2,244.04972266525994,30.715563761615737
2025-07-05 22:44:23.076318,rack_2,230.5108028525754,29.514601664603255
2025-07-05 22:59:23.076318,rack_2,202.45716924461638,31.2646889640448
2025-07-05 23:14:23.076318,rack_2,234.39496437392924,32.85001296229648
2025-07-05 23:29:23.076318,rack_2,242.21251822643256,33.3321390439616
2025-07-05 23:44:23.076318,rack_2,215.44935741139165,32.67226661259092
2025-07-05 23:59:23.076318,rack_2,237.72339404887674,35.142115517252506
2025-07-06 00:14:23.076318,rack_2,260.0281719173022,34.84819107902284
2025-07-06 00:29:23.076318,rack_2,253.78785366706336,32.888198064837646
2025-07-06 00:44:23.076318,rack_2,221.0287914764898,32.51972946456679
2025-07-06 00:59:23.076318,rack_2,230.93286459264297,29.930703375446736
2025-07-06 01:14:23.076318,rack_2,258.9148217930082,32.31212557439373
2025-07-06 01:29:23.076318,rack_2,215.92543757494093,31.303412843583885
2025-07-06 01:44:23.076318,rack_2,268.00702953258474,32.28706924694726
2025-07-06 01:59:23.076318,rack_2,203.98270604059104,34.35498452520454
2025-07-06 02:14:23.076318,rack_2,181.10721585868757,31.27933221650968
2025-07-06 02:29:23.076318,rack_2,274.02331945930956,31.67069473158841
2025-07-06 02:44:23.076318,rack_2,230.75785395867564,31.410118406119313
2025-07-06 02:59:23.076318,rack_2,283.28440309095333,31.585623536582375
2025-07-06 03:14:23.076318,rack_2,219.29828948510928,31.275768003721254
2025-07-06 03:29:23.076318,rack_2,254.07562518141614,31.928867604902738
2025-07-06 03:44:23.076318,rack_2,266.2609207102917,32.77396722611707
2025-07-06 03:59:23.076318,rack_2,282.6772880759249,32.544518728035584
2025-07-06 04:14:23.076318,rack_2,233.54225269059287,32.19377035743406
2025-07-06 04:29:23.076318,rack_2,231.3505252199759,32.14680601335581
2025-07-06 04:44:23.076318,rack_2,245.6856997436537,30.221865762960306
2025-07-06 04:59:23.076318,rack_2,171.74443163630087,30.373393235324894
2025-07-06 05:14:23.076318,rack_2,236.6160921426835,33.43931167350812
2025-07-06 05:29:23.076318,rack_2,202.11088669091055,31.74020078185222
2025-07-06 05:44:23.076318,rack_2,239.10456643906932,33.720994686111666
2025-07-06 05:59:23.076318,rack_2,258.232954199345,33.066247355221016
2025-07-06 06:14:23.076318,rack_2,208.57987769487926,27.837193614396178
2025-07-06 06:29:23.076318,rack_2,203.66231249796962,31.52710478870664
2025-07-06 06:44:23.076318,rack_2,183.26447423993145,29.80074432535796
2025-07-06 06:59:23.076318,rack_2,167.5846624061084,33.182684104081275
2025-07-06 07:14:23.076318,rack_2,229.42018878668637,30.777781948498266
2025-07-06 07:29:23.076318,rack_2,195.19540286835033,28.07550114440086
2025-07-06 07:44:23.076318,rack_2,236.8506655444845,32.23102989972549
2025-07-06 07:59:23.076318,rack_2,226.96670986994118,29.48422673522287
2025-07-06 08:14:23.076318,rack_2,243.7871297582295,35.39251431878173
2025-07-06 08:29:23.076318,rack_2,285.2357661539826,34.13571133225528
2025-07-06 08:44:23.076318,rack_2,241.18975006267337,33.24089374639891
2025-07-06 08:59:23.076318,rack_2,245.27468733994127,29.87050609076068
2025-07-06 09:14:23.076318,rack_2,241.07545636888233,29.812341588313597
2025-07-06 09:29:23.076318,rack_2,208.97104452484857,29.024499158764616
2025-07-06 09:44:23.076318,rack_2,244.21721016973007,31.478635528379066
2025-07-06 09:59:23.076318,rack_2,210.25405395726614,31.836351846828325
2025-07-06 10:14:23.076318,rack_2,267.83990130497506,32.66166593439009
2025-07-06 10:29:23.076318,rack_2,237.32170793545413,31.39592919109492
2025-07-06 10:44:23.076318,rack_2,236.50850322202564,30.22928072456545
2025-07-06 10:59:23.076318,rack_2,214.46179165368895,33.214415587055626
2025-07-06 11:14:23.076318,rack_2,266.8394357673154,31.611355447908615
2025-07-06 11:29:23.076318,rack_2,163.45074724811022,30.92522309324766
2025-07-06 11:44:23.076318,rack_2,276.73038589393093,32.209051841512
2025-07-06 11:59:23.076318,rack_2,248.43480141964093,33.44402824674412
2025-07-06 12:14:23.076318,rack_2,267.04560513171396,32.64455457428887
2025-07-06 12:29:23.076318,rack_2,203.63845676896983,30.47395992501231
2025-07-06 12:44:23.076318,rack_2,194.57050194480252,30.74433335992273
2025-07-06 12:59:23.076318,rack_2,250.06595648423897,31.144118161409473
2025-07-06 13:14:23.076318,rack_2,260.79771272321864,30.938133785049352
2025-07-06 13:29:23.076318,rack_2,280.71197111092033,33.69833447789172
2025-07-06 13:44:23.076318,rack_2,229.14208164366153,31.20129403547245
2025-07-06 13:59:23.076318,rack_2,231.0506542138602,30.6875417542186
2025-07-06 14:14:23.076318,rack_2,247.76166192066535,33.970617743831255
2025-07-06 14:29:23.076318,rack_2,254.86483573204004,29.621081442230924
2025-07-06 14:44:23.076318,rack_2,249.8022076399953,31.592504557398797
2025-07-06 14:59:23.076318,rack_2,208.66054639018427,30.458302049373444
2025-07-06 15:14:23.076318,rack_2,256.82852463269313,32.86663977861195
2025-07-06 15:29:23.076318,rack_2,216.10599332784423,30.910291195034393
2025-07-06 15:44:23.076318,rack_2,287.72747099011065,34.16053447876378
2025-07-06 15:59:23.076318,rack_2,278.4370807011487,33.92760629296938
2025-07-06 16:14:23.076318,rack_2,257.89061013397406,31.756500573353705
2025-07-06 16:29:23.076318,rack_2,277.599077347103,32.35755492258024
2025-07-06 16:44:23.076318,rack_2,159.0971138252612,30.359715689149187
2025-07-06 16:59:23.076318,rack_2,211.13099894316747,32.92548724031516
2025-07-06 17:14:23.076318,rack_2,233.64066967665693,32.41272751322159
2025-07-06 17:29:23.076318,rack_2,246.66473566976435,33.979311911817966
2025-07-06 17:44:23.076318,rack_2,221.5186472173066,32.14492295063101
2025-06-29 17:59:23.076318,rack_3,330.4051260311708,31.298985536299437
2025-06-29 18:14:23.076318,rack_3,378.9086415412277,33.52498788716251
2025-06-29 18:29:23.076318,rack_3,361.68832538508946,32.19648459540401
2025-06-29 18:44:23.076318,rack_3,367.1684406653497,36.58542998866968
2025-06-29 18:59:23.076318,rack_3,360.28866194859603,32.963951141203104
2025-06-29 19:14:23.076318,rack_3,350.4589154914393,33.640756276564076
2025-06-29 19:29:23.076318,rack_3,353.7423490535835,35.074393833913476
2025-06-29 19:44:23.076318,rack_3,341.86647297313687,31.97273901759236
2025-06-29 19:59:23.076318,rack_3,311.8796851489981,31.955670913209335
2025-06-29 20:14:23.076318,rack_3,370.1149978122047,33.02889861333952
2025-06-29 20:29:23.076318,rack_3,398.0029109735894,35.74893612405981
2025-06-29 20:44:23.076318,rack_3,321.0440832080093,35.981069573745685
2025-06-29 20:59:23.076318,rack_3,380.58061044821875,37.69202667190032
2025-06-29 21:14:23.076318,rack_3,389.5653213149323,36.4471258575593
2025-06-29 21:29:23.076318,rack_3,338.3149528203116,33.03786198540098
2025-06-29 21:44:23.076318,rack_3,411.299697564315,33.69616247286626
2025-06-29 21:59:23.076318,rack_3,338.9848496591068,31.783356926780186
2025-06-29 22:14:23.076318,rack_3,333.0889129114895,33.4177974555675
2025-06-29 22:29:23.076318,rack_3,342.29506610769727,34.97892276039862
2025-06-29 22:44:23.076318,rack_3,395.43640077720636,36.231373275885694
2025-06-29 22:59:23.076318,rack_3,331.2085244771289,32.58877655945361
2025-06-29 23:14:23.076318,rack_3,342.796525221131,31.847600389167955
2025-06-29 23:29:23.076318,rack_3,292.12258016646337,32.686574786183066
2025-06-29 23:44:23.076318,rack_3,315.43573517832954,32.83246402500629
2025-06-29 23:59:23.076318,rack_3,360.4448466301473,36.04588680706609
2025-06-30 00:14:23.076318,rack_3,351.95549679109035,33.661367255791426
2025-06-30 00:29:23.076318,rack_3,335.4652520415562,32.70548751495772
2025-06-30 00:44:23.076318,rack_3,370.66227751349084,32.87948858111201
2025-06-30 00:59:23.076318,rack_3,290.6892427439084,32.5369742686078
2025-06-30 01:14:23.076318,rack_3,379.40294460067196,35.090938048706505
2025-06-30 01:29:23.076318,rack_3,343.7872592265325,32.36130445961888
2025-06-30 01:44:23.076318,rack_3,353.6560919522474,33.65219522650514
2025-06-30 01:59:23.076318,rack_3,329.7332564767609,33.68939893857067
2025-06-30 02:14:23.076318,rack_3,357.7077603641511,33.30654648351031
2025-06-30 02:29:23.076318,rack_3,389.90579538263285,35.468314103848556
2025-06-30 02:44:23.076318,rack_3,366.32531152980624,35.30814317392735
2025-06-30 02:59:23.076318,rack_3,312.58089106226856,31.899016845265873
2025-06-30 03:14:23.076318,rack_3,386.1677460737686,34.452625354751454
2025-06-30 03:29:23.076318,rack_3,392.6213062007939,36.256558083043736
2025-06-30 03:44:23.076318,rack_3,337.5786652620711,34.11246896476063
2025-06-30 03:59:23.076318,rack_3,370.91802193032856,33.64467804540775
2025-06-30 04:14:23.076318,rack_3,362.9208829313202,35.160954244467256
2025-06-30 04:29:23.076318,rack_3,389.9154094804862,36.300509458529845
2025-06-30 04:44:23.076318,rack_3,400.8439087663843,33.8729847082125
2025-06-30 04:59:23.076318,rack_3,322.0808505804226,32.425548341504786
2025-06-30 05:14:23.076318,rack_3,395.4456445874856,36.16162873664758
2025-06-30 05:29:23.076318,rack_3,356.7300068246217,33.74590574889447
2025-06-30 05:44:23.076318,rack_3,364.77336984609695,33.22177830566148
2025-06-30 05:59:23.076318,rack_3,339.77058665476596,34.42916315019501
2025-06-30 06:14:23.076318,rack_3,356.37418615042156,33.445521327671194
2025-06-30 06:29:23.076318,rack_3,320.1087147536844,30.386052246051484
2025-06-30 06:44:23.076318,rack_3,369.67152852444406,33.16824145418056
2025-06-30 06:59:23.076318,rack_3,399.2640748302067,35.89831001199129
2025-06-30 07:14:23.076318,rack_3,341.1004685843129,33.2816319106566
2025-06-30 07:29:23.076318,rack_3,411.3193802394591,34.748387339619185
2025-06-30 07:44:23.076318,rack_3,343.23816707723216,33.532965191168564
2025-06-30 07:59:23.076318,rack_3,332.17116664192696,32.91004418905929
2025-06-30 08:14:23.076318,rack_3,357.0574376217871,32.69258407105908
2025-06-30 08:29:23.076318,rack_3,357.24849389038843,31.395891365807934
2025-06-30 08:44:23.076318,rack_3,412.059756993848,34.50043753437391
2025-06-30 08:59:23.076318,rack_3,342.4617001229427,34.275729327042825
2025-06-30 09:14:23.076318,rack_3,313.5745251483406,33.873328130888765
2025-06-30 09:29:23.076318,rack_3,396.3258835100012,34.81027241110817
2025-06-30 09:44:23.076318,rack_3,377.6795552407342,31.265511528418912
2025-06-30 09:59:23.076318,rack_3,380.66070805744744,35.474890883084996
2025-06-30 10:14:23.076318,rack_3,349.0762329962511,32.44538650950545
2025-06-30 10:29:23.076318,rack_3,363.3309803210991,34.67680121410027
2025-06-30 10:44:23.076318,rack_3,409.15574874297124,34.2980902765791
2025-06-30 10:59:23.076318,rack_3,323.5686860663413,30.915042202950843
2025-06-30 11:14:23.076318,rack_3,376.34608822981625,34.79822975373733
2025-06-30 11:29:23.076318,rack_3,373.6966014358149,31.92502223500114
2025-06-30 11:44:23.076318,rack_3,318.7987081050613,35.94732071727101
2025-06-30 11:59:23.076318,rack_3,383.98595567975633,33.52468172617026
2025-06-30 12:14:23.076318,rack_3,283.530340332151,33.14279144684629
2025-06-30 12:29:23.076318,rack_3,295.05305827246684,33.295998710233214
2025-06-30 12:44:23.076318,rack_3,324.09738852175354,29.720905671276505
2025-06-30 12:59:23.076318,rack_3,338.3309519054092,34.17018942075421
2025-06-30 13:14:23.076318,rack_3,321.8917002575423,34.57514379911026
2025-06-30 13:29:23.076318,rack_3,344.961685166942,30.809149693708935
2025-06-30 13:44:23.076318,rack_3,273.5403756003378,30.70643332393351
2025-06-30 13:59:23.076318,rack_3,339.1380066548978,34.20694360902109
2025-06-30 14:14:23.076318,rack_3,366.69429175734314,35.3730016952207
2025-06-30 14:29:23.076318,rack_3,371.7768832641798,35.69951035628433
2025-06-30 14:44:23.076318,rack_3,349.9712421279353,33.52011284189653
2025-06-30 14:59:23.076318,rack_3,340.7360545757236,33.443589055544415
2025-06-30 15:14:23.076318,rack_3,307.5926858259738,33.10089227307367
2025-06-30 15:29:23.076318,rack_3,378.3892674065414,33.513301288259115
2025-06-30 15:44:23.076318,rack_3,329.6611407331314,34.053820801732094
2025-06-30 15:59:23.076318,rack_3,376.76536662673425,34.540776212440704
2025-06-30 16:14:23.076318,rack_3,330.9917362236716,37.52707059995332
2025-06-30 16:29:23.076318,rack_3,389.90428723755446,33.3127830742396
2025-06-30 16:44:23.076318,rack_3,354.09648442153093,32.66589533640085
2025-06-30 16:59:23.076318,rack_3,357.8579444207114,33.45666195797426
2025-06-30 17:14:23.076318,rack_3,298.82083859465035,28.96954313213539
2025-06-30 17:29:23.076318,rack_3,333.3435586952934,32.24939447255999
2025-06-30 17:44:23.076318,rack_3,335.6284545911014,33.97412417283236
2025-06-30 17:59:23.076318,rack_3,364.1948469924858,32.47301407876538
2025-06-30 18:14:23.076318,rack_3,408.31676084655265,35.62116911337822
2025-06-30 18:29:23.076318,rack_3,356.2614308464221,35.05582032012794
2025-06-30 18:44:23.076318,rack_3,379.10861517368124,33.14099325053244
2025-06-30 18:59:23.076318,rack_3,358.77669795575565,35.824114891498894
2025-06-30 19:14:23.076318,rack_3,344.8908626144555,33.59011785939357
2025-06-30 19:29:23.076318,rack_3,335.96905460300354,32.797314308549055
2025-06-30 19:44:23.076318,rack_3,326.2993609233316,31.68747506449828
2025-06-30 19:59:23.076318,rack_3,326.65842063167673,31.318453515077838
2025-06-30 20:14:23.076318,rack_3,388.7309590166803,36.91123663305573
2025-06-30 20:29:23.076318,rack_3,370.34366459812384,36.928012924760885
2025-06-30 20:44:23.076318,rack_3,367.2813251639887,35.74450213147891
2025-06-30 20:59:23.076318,rack_3,353.5503153342337,32.42907967433405
2025-06-30 21:14:23.076318,rack_3,366.6973972678009,32.55680387795429
2025-06-30 21:29:23.076318,rack_3,295.37889435941554,30.575004651303708
2025-06-30 21:44:23.076318,rack_3,319.7851847486,32.745616658152166
2025-06-30 21:59:23.076318,rack_3,331.46161853606105,32.56095085343285
2025-06-30 22:14:23.076318,rack_3,367.8902042261715,34.603200965613595
2025-06-30 22:29:23.076318,rack_3,345.61783472356467,34.611705701483615
2025-06-30 22:44:23.076318,rack_3,312.817823661659,34.262532426554216
2025-06-30 22:59:23.076318,rack_3,350.69227545804694,31.95443868771629
2025-06-30 23:14:23.076318,rack_3,339.0127660793959,32.69402091992658
2025-06-30 23:29:23.076318,rack_3,361.34254294927626,32.176183528168515
2025-06-30 23:44:23.076318,rack_3,338.8278920779876,36.11634618217235
2025-06-30 23:59:23.076318,rack_3,336.0344435038609,35.63792915425334
2025-07-01 00:14:23.076318,rack_3,281.497135666423,30.014039085605532
2025-07-01 00:29:23.076318,rack_3,391.39579383129427,35.47000804539405
2025-07-01 00:44:23.076318,rack_3,353.12548187285773,34.07910817959634
2025-07-01 00:59:23.076318,rack_3,310.6058201260215,33.93198963416315
2025-07-01 01:14:23.076318,rack_3,332.35288187245175,31.781409611683184
2025-07-01 01:29:23.076318,rack_3,347.90575690369855,33.56925822209175
2025-07-01 01:44:23.076318,rack_3,363.64832244606015,33.839962314178074
2025-07-01 01:59:23.076318,rack_3,355.174798831366,33.62095721999161
2025-07-01 02:14:23.076318,rack_3,375.59947252319193,37.3401614596283
2025-07-01 02:29:23.076318,rack_3,368.1585585542397,35.38852893322136
2025-07-01 02:44:23.076318,rack_3,337.4960845373927,35.96348092615755
2025-07-01 02:59:23.076318,rack_3,378.5719277007259,35.35330723128012
2025-07-01 03:14:23.076318,rack_3,330.2181626682609,34.19640995461451
2025-07-01 03:29:23.076318,rack_3,402.3884031502827,34.870587778954565
2025-07-01 03:44:23.076318,rack_3,367.19026284814424,36.265622026389345
2025-07-01 03:59:23.076318,rack_3,380.458826356791,35.34889647157492
2025-07-01 04:14:23.076318,rack_3,368.2059826671913,30.663110065770578
2025-07-01 04:29:23.076318,rack_3,322.2816351091971,32.84289272093763
2025-07-01 04:44:23.076318,rack_3,373.7312686965685,30.945821281704696
2025-07-01 04:59:23.076318,rack_3,343.74096624283607,34.74807015014457
2025-07-01 05:14:23.076318,rack_3,346.5738492566242,36.65145138812964
2025-07-01 05:29:23.076318,rack_3,269.1443047843895,30.74784710050776
2025-07-01 05:44:23.076318,rack_3,352.7513573728267,36.47954156520307
2025-07-01 05:59:23.076318,rack_3,335.81347147841325,32.30702472167974
2025-07-01 06:14:23.076318,rack_3,329.4866284958363,32.35586558154724
2025-07-01 06:29:23.076318,rack_3,323.8830340128156,32.347463180249704
2025-07-01 06:44:23.076318,rack_3,348.61319665491857,36.16840421957454
2025-07-01 06:59:23.076318,rack_3,334.9739274254789,33.625458826072
2025-07-01 07:14:23.076318,rack_3,337.8522071708842,33.45259703373436
2025-07-01 07:29:23.076318,rack_3,413.6113807451717,37.675479141071364
2025-07-01 07:44:23.076318,rack_3,370.2695530068184,33.745976677563206
2025-07-01 07:59:23.076318,rack_3,317.2877797212738,32.14873355091025
2025-07-01 08:14:23.076318,rack_3,370.4849929144495,32.167488151511954
2025-07-01 08:29:23.076318,rack_3,345.646281004674,35.70077590672772
2025-07-01 08:44:23.076318,rack_3,339.392965628824,31.4859641499423
2025-07-01 08:59:23.076318,rack_3,380.87071042456927,34.351269255807
2025-07-01 09:14:23.076318,rack_3,375.5872165285195,35.12538566948901
2025-07-01 09:29:23.076318,rack_3,378.2734259584707,34.28831041904283
2025-07-01 09:44:23.076318,rack_3,338.7920613893128,33.941033388495654
2025-07-01 09:59:23.076318,rack_3,346.71518920368965,35.46345689328762
2025-07-01 10:14:23.076318,rack_3,374.0631748049597,36.34754476920444
2025-07-01 10:29:23.076318,rack_3,398.8810378171267,35.251287951486425
2025-07-01 10:44:23.076318,rack_3,314.0209436932855,33.69369339652958
2025-07-01 10:59:23.076318,rack_3,319.54348210004616,31.880475690717205
2025-07-01 11:14:23.076318,rack_3,315.9967786062065,33.18174294336846
2025-07-01 11:29:23.076318,rack_3,322.0997136809423,33.46128566581082
2025-07-01 11:44:23.076318,rack_3,347.6522905385143,36.45091048852764
2025-07-01 11:59:23.076318,rack_3,399.7952942888525,35.512631039402095
2025-07-01 12:14:23.076318,rack_3,338.90435946793895,34.65544289009252
2025-07-01 12:29:23.076318,rack_3,330.3679586852043,32.93422255208016
2025-07-01 12:44:23.076318,rack_3,351.9368146825698,35.244392771049185
2025-07-01 12:59:23.076318,rack_3,371.3811319655077,34.74157457444639
2025-07-01 13:14:23.076318,rack_3,378.0306029616394,32.99065351298536
2025-07-01 13:29:23.076318,rack_3,321.81214447899475,32.835892560056514
2025-07-01 13:44:23.076318,rack_3,305.76235366213325,32.68373910661774
2025-07-01 13:59:23.076318,rack_3,328.081825163847,31.553398515523085
2025-07-01 14:14:23.076318,rack_3,314.15586205974495,32.93934463632337
2025-07-01 14:29:23.076318,rack_3,363.8155443739329,35.30780040204614
2025-07-01 14:44:23.076318,rack_3,358.7949223384414,31.91291913353798
2025-07-01 14:59:23.076318,rack_3,284.57397186977005,31.39677611579203
2025-07-01 15:14:23.076318,rack_3,316.4689990262116,31.780981560918665
2025-07-01 15:29:23.076318,rack_3,345.76717040827936,32.2771904568963
2025-07-01 15:44:23.076318,rack_3,356.3352414595631,34.74671728577234
2025-07-01 15:59:23.076318,rack_3,330.5781732063196,32.96400172052524
2025-07-01 16:14:23.076318,rack_3,367.60283552242765,33.87845277205611
2025-07-01 16:29:23.076318,rack_3,321.96314826487117,35.31897171315161
2025-07-01 16:44:23.076318,rack_3,334.79389759738206,33.82840697263632
2025-07-01 16:59:23.076318,rack_3,353.6716156432004,32.6762202549716
2025-07-01 17:14:23.076318,rack_3,307.4530072823593,32.68782092441635
2025-07-01 17:29:23.076318,rack_3,272.85548817608503,34.20736929795772
2025-07-01 17:44:23.076318,rack_3,396.13443950606575,35.517008357299545
2025-07-01 17:59:23.076318,rack_3,335.3690873136133,32.73075264681883
2025-07-01 18:14:23.076318,rack_3,318.4924949628823,33.7285082295497
2025-07-01 18:29:23.076318,rack_3,375.4222097707508,34.53621494596841
2025-07-01 18:44:23.076318,rack_3,377.68900004000454,34.22508409994179
2025-07-01 18:59:23.076318,rack_3,371.20498124643973,33.04283418041488
2025-07-01 19:14:23.076318,rack_3,400.7351517951257,36.61336195310227
2025-07-01 19:29:23.076318,rack_3,292.84725597958186,32.811174261861886
2025-07-01 19:44:23.076318,rack_3,376.0921072247916,35.22077392840515
2025-07-01 19:59:23.076318,rack_3,379.27578877244207,36.80020964364723
2025-07-01 20:14:23.076318,rack_3,317.8807843197997,32.00085214874233
2025-07-01 20:29:23.076318,rack_3,313.674891051414,31.93756129506227
2025-07-01 20:44:23.076318,rack_3,319.12395257835385,34.14522731054691
2025-07-01 20:59:23.076318,rack_3,338.9442833989759,31.573382579266983
2025-07-01 21:14:23.076318,rack_3,353.16570761380115,34.275368284395036
2025-07-01 21:29:23.076318,rack_3,354.15815282147844,33.59272383757855
2025-07-01 21:44:23.076318,rack_3,336.1387136148167,35.72680725248941
2025-07-01 21:59:23.076318,rack_3,317.4240716375097,32.88754209792929
2025-07-01 22:14:23.076318,rack_3,370.45090982562067,34.58263053427826
2025-07-01 22:29:23.076318,rack_3,358.72011835475934,34.22553472841035
2025-07-01 22:44:23.076318,rack_3,310.42212462244726,34.75265909709991
2025-07-01 22:59:23.076318,rack_3,344.88716375866886,36.44389434417157
2025-07-01 23:14:23.076318,rack_3,342.9582036634895,33.64813108637815
2025-07-01 23:29:23.076318,rack_3,340.9664095370713,35.019505897023244
2025-07-01 23:44:23.076318,rack_3,383.5799874785754,33.55945677421967
2025-07-01 23:59:23.076318,rack_3,306.7021918388331,32.158438770351665
2025-07-02 00:14:23.076318,rack_3,400.939782075325,33.17260835392945
2025-07-02 00:29:23.076318,rack_3,410.4901236260966,39.56240953657956
2025-07-02 00:44:23.076318,rack_3,335.66804390241015,33.46838791905955
2025-07-02 00:59:23.076318,rack_3,400.89160111516,35.24534002700889
2025-07-02 01:14:23.076318,rack_3,343.6548843398586,32.910832745415455
2025-07-02 01:29:23.076318,rack_3,349.6386242803375,32.30811002317881
2025-07-02 01:44:23.076318,rack_3,318.6356496884644,33.61008652734985
2025-07-02 01:59:23.076318,rack_3,400.2752023062514,34.45779667775079
2025-07-02 02:14:23.076318,rack_3,374.48909351866655,35.57283158288294
2025-07-02 02:29:23.076318,rack_3,374.5945957163933,33.158031437316794
2025-07-02 02:44:23.076318,rack_3,356.6833131103745,33.25941500903083
2025-07-02 02:59:23.076318,rack_3,371.09539477235467,32.368375962821794
2025-07-02 03:14:23.076318,rack_3,369.777451271254,36.62149568293505
2025-07-02 03:29:23.076318,rack_3,355.86400809387465,34.34331992643732
2025-07-02 03:44:23.076318,rack_3,357.6163678599578,34.75885249823697
2025-07-02 03:59:23.076318,rack_3,346.4513630201441,33.083692172082095
2025-07-02 04:14:23.076318,rack_3,368.85955000469005,36.22969150524535
2025-07-02 04:29:23.076318,rack_3,362.3504823569638,33.78409273299657
2025-07-02 04:44:23.076318,rack_3,384.28897003495325,32.61138238734631
2025-07-02 04:59:23.076318,rack_3,348.49786612534626,32.074243887804144
2025-07-02 05:14:23.076318,rack_3,365.02866039570887,33.98675377065003
2025-07-02 05:29:23.076318,rack_3,402.07933725290326,37.9119749747392
2025-07-02 05:44:23.076318,rack_3,392.7244899537776,35.94101447287307
2025-07-02 05:59:23.076318,rack_3,347.80733411341,35.09018060114296
2025-07-02 06:14:23.076318,rack_3,354.0298702153864,34.164066801560246
2025-07-02 06:29:23.076318,rack_3,344.80703522046923,34.919886315206554
2025-07-02 06:44:23.076318,rack_3,382.90142076586693,34.45865785028752
2025-07-02 06:59:23.076318,rack_3,335.7618640124031,31.486250583277734
2025-07-02 07:14:23.076318,rack_3,378.05984937129114,35.16171939760795
2025-07-02 07:29:23.076318,rack_3,360.33064779270256,34.33423431294682
2025-07-02 07:44:23.076318,rack_3,356.9836053493238,34.52185311777674
2025-07-02 07:59:23.076318,rack_3,340.40776977282013,33.38054184310178
2025-07-02 08:14:23.076318,rack_3,365.14662948762725,35.070640861381804
2025-07-02 08:29:23.076318,rack_3,366.97519810608657,35.03008642196057
2025-07-02 08:44:23.076318,rack_3,296.1027712613794,33.26766436955143
2025-07-02 08:59:23.076318,rack_3,310.93106652548505,33.908975573285865
2025-07-02 09:14:23.076318,rack_3,372.396862833334,33.88594490670732
2025-07-02 09:29:23.076318,rack_3,354.0939329718587,35.24159627191072
2025-07-02 09:44:23.076318,rack_3,323.49894265409176,32.11652744153116
2025-07-02 09:59:23.076318,rack_3,343.84822678123834,35.519332964189296
2025-07-02 10:14:23.076318,rack_3,371.9419311455442,33.61348913209777
2025-07-02 10:29:23.076318,rack_3,363.12443626143465,34.68709604997679
2025-07-02 10:44:23.076318,rack_3,405.9884968636152,36.027137629449676
2025-07-02 10:59:23.076318,rack_3,359.8168809510859,34.91758097077357
2025-07-02 11:14:23.076318,rack_3,367.0191173357712,35.45474510973556
2025-07-02 11:29:23.076318,rack_3,421.64204549340275,35.718758589291724
2025-07-02 11:44:23.076318,rack_3,386.0538717979173,33.02566526031731
2025-07-02 11:59:23.076318,rack_3,377.4590005630606,35.54535843630201
2025-07-02 12:14:23.076318,rack_3,296.3515294704582,32.07617726225238
2025-07-02 12:29:23.076318,rack_3,376.11285285964743,33.157141802889996
2025-07-02 12:44:23.076318,rack_3,370.03126397919544,31.361327551390005
2025-07-02 12:59:23.076318,rack_3,308.8955671159283,30.310999247415708
2025-07-02 13:14:23.076318,rack_3,323.0152104947067,34.38219205189056
2025-07-02 13:29:23.076318,rack_3,341.78708470235085,32.9600833479156
2025-07-02 13:44:23.076318,rack_3,375.61651599240014,33.607321221299024
2025-07-02 13:59:23.076318,rack_3,417.55762460849286,36.36846346755707
2025-07-02 14:14:23.076318,rack_3,367.5148419919021,33.292455365572586
2025-07-02 14:29:23.076318,rack_3,343.2668351252204,35.78809278688427
2025-07-02 14:44:23.076318,rack_3,350.829905189287,35.20799553694875
2025-07-02 14:59:23.076318,rack_3,336.93479901941157,32.848804001110615
2025-07-02 15:14:23.076318,rack_3,377.8523368492562,31.790683522248038
2025-07-02 15:29:23.076318,rack_3,371.53105604127506,33.59886417872116
2025-07-02 15:44:23.076318,rack_3,338.55068101949007,34.80757608297695
2025-07-02 15:59:23.076318,rack_3,372.2510000795647,34.29414212820595
2025-07-02 16:14:23.076318,rack_3,380.4928199357732,34.63121277047949
2025-07-02 16:29:23.076318,rack_3,342.4013391727359,33.65868717185524
2025-07-02 16:44:23.076318,rack_3,346.2865634121769,36.685086546396214
2025-07-02 16:59:23.076318,rack_3,329.5180023936291,31.982050810138542
2025-07-02 17:14:23.076318,rack_3,357.9628209767029,34.587940045653795
2025-07-02 17:29:23.076318,rack_3,380.15903131405946,35.551222495275184
2025-07-02 17:44:23.076318,rack_3,309.9468798578555,31.964068650664903
2025-07-02 17:59:23.076318,rack_3,310.76925130034635,35.517904291178304
2025-07-02 18:14:23.076318,rack_3,335.6063007879555,35.41033903077843
2025-07-02 18:29:23.076318,rack_3,383.4484176732026,37.37323544805536
2025-07-02 18:44:23.076318,rack_3,324.1420397740518,33.93449785941122
2025-07-02 18:59:23.076318,rack_3,404.8895334849208,37.340210538285795
2025-07-02 19:14:23.076318,rack_3,415.16437135210896,35.70472187207844
2025-07-02 19:29:23.076318,rack_3,351.6997866253656,34.0849143253569
2025-07-02 19:44:23.076318,rack_3,342.21190254806527,34.572489458979625
2025-07-02 19:59:23.076318,rack_3,337.12494852861283,32.9529228657319
2025-07-02 20:14:23.076318,rack_3,371.1049327195878,34.50329987420965
2025-07-02 20:29:23.076318,rack_3,352.1739389518353,35.541387743264586
2025-07-02 20:44:23.076318,rack_3,364.11461028427107,35.382184509319
2025-07-02 20:59:23.076318,rack_3,390.56928621724757,36.00704951389823
2025-07-02 21:14:23.076318,rack_3,325.67982917006543,32.35701843210027
2025-07-02 21:29:23.076318,rack_3,339.9066874877437,34.18830503236152
2025-07-02 21:44:23.076318,rack_3,380.33402495248845,36.78555296498352
2025-07-02 21:59:23.076318,rack_3,341.10103455644565,34.697893235731435
2025-07-02 22:14:23.076318,rack_3,320.22400150239827,33.999119243336814
2025-07-02 22:29:23.076318,rack_3,355.32740555214,33.72474435541881
2025-07-02 22:44:23.076318,rack_3,361.85663207888814,33.29484206328449
2025-07-02 22:59:23.076318,rack_3,344.3491988009716,36.212668941323855
2025-07-02 23:14:23.076318,rack_3,347.479810387582,34.428001576366405
2025-07-02 23:29:23.076318,rack_3,332.1220365469701,33.38917627299938
2025-07-02 23:44:23.076318,rack_3,370.0422606299658,33.60921899905532
2025-07-02 23:59:23.076318,rack_3,332.2376493071487,35.03434418835789
2025-07-03 00:14:23.076318,rack_3,333.7221086432426,34.31179717656761
2025-07-03 00:29:23.076318,rack_3,379.3852897962572,35.609383261614745
2025-07-03 00:44:23.076318,rack_3,394.0146750397546,35.574796127176384
2025-07-03 00:59:23.076318,rack_3,303.27986413609915,33.072499495615006
2025-07-03 01:14:23.076318,rack_3,392.3780005789411,33.571998030271764
2025-07-03 01:29:23.076318,rack_3,357.73703684012463,33.31093399125019
2025-07-03 01:44:23.076318,rack_3,378.8713737477732,32.16053283335406
2025-07-03 01:59:23.076318,rack_3,340.813381273699,33.2551841684428
2025-07-03 02:14:23.076318,rack_3,361.66747563937474,33.56783784095817
2025-07-03 02:29:23.076318,rack_3,301.5447401363526,29.17943318103788
2025-07-03 02:44:23.076318,rack_3,313.53731473494594,31.929803291117555
2025-07-03 02:59:23.076318,rack_3,397.5342372169131,34.20965749005796
2025-07-03 03:14:23.076318,rack_3,386.2074613640925,36.64537757355147
2025-07-03 03:29:23.076318,rack_3,345.7637000521929,33.70688218849467
2025-07-03 03:44:23.076318,rack_3,349.2530441307483,31.669412589687767
2025-07-03 03:59:23.076318,rack_3,352.6344113231377,30.730577249206554
2025-07-03 04:14:23.076318,rack_3,340.38576268343706,31.80566310180839
2025-07-03 04:29:23.076318,rack_3,353.57090556157686,32.71379878474101
2025-07-03 04:44:23.076318,rack_3,320.6465875511387,32.76637922079987
2025-07-03 04:59:23.076318,rack_3,385.94492522484325,33.22942008858553
2025-07-03 05:14:23.076318,rack_3,329.98345639257616,33.73401410699518
2025-07-03 05:29:23.076318,rack_3,348.1735541763167,34.077461043519314
2025-07-03 05:44:23.076318,rack_3,362.3301285655868,31.46047844105642
2025-07-03 05:59:23.076318,rack_3,357.8150958014257,37.78132998321853
2025-07-03 06:14:23.076318,rack_3,285.3219504502065,32.99770687769482
2025-07-03 06:29:23.076318,rack_3,346.7354863950195,34.598728608904885
2025-07-03 06:44:23.076318,rack_3,345.56388493137916,32.251566677469114
2025-07-03 06:59:23.076318,rack_3,340.0030241308154,32.824861624272565
2025-07-03 07:14:23.076318,rack_3,387.75207006330464,35.04933203411803
2025-07-03 07:29:23.076318,rack_3,350.2862332890873,30.335752566633698
2025-07-03 07:44:23.076318,rack_3,400.6815477730494,32.21384233726408
2025-07-03 07:59:23.076318,rack_3,368.0233704848724,36.551465858705605
2025-07-03 08:14:23.076318,rack_3,345.3368524964665,34.17318278489559
2025-07-03 08:29:23.076318,rack_3,365.2537823124352,35.47478612934773
2025-07-03 08:44:23.076318,rack_3,334.979574688239,32.55589361532149
2025-07-03 08:59:23.076318,rack_3,387.32829426627234,33.21349842189724
2025-07-03 09:14:23.076318,rack_3,352.7192649492602,34.62830559247707
2025-07-03 09:29:23.076318,rack_3,388.4511669658521,35.37131879289574
2025-07-03 09:44:23.076318,rack_3,317.61522139319567,33.776614949911
2025-07-03 09:59:23.076318,rack_3,321.4267800546905,31.762586661321006
2025-07-03 10:14:23.076318,rack_3,321.14660857207036,33.71346836540462
2025-07-03 10:29:23.076318,rack_3,348.73752561312864,34.098364000445734
2025-07-03 10:44:23.076318,rack_3,333.5594135523953,34.093918465197355
2025-07-03 10:59:23.076318,rack_3,375.4125326739745,34.05984925506271
2025-07-03 11:14:23.076318,rack_3,320.2487906803284,35.32387454012247
2025-07-03 11:29:23.076318,rack_3,288.1382704311112,30.173607282783518
2025-07-03 11:44:23.076318,rack_3,322.709811034118,33.7855861693426
2025-07-03 11:59:23.076318,rack_3,299.43388624618825,30.95867773381499
2025-07-03 12:14:23.076318,rack_3,358.1811444547101,33.80327792130223
2025-07-03 12:29:23.076318,rack_3,367.4270271359632,33.95027355119038
2025-07-03 12:44:23.076318,rack_3,379.46143547236153,34.417918799324305
2025-07-03 12:59:23.076318,rack_3,363.5617514734946,33.72590205880341
2025-07-03 13:14:23.076318,rack_3,366.2543044901794,36.0046937398976
2025-07-03 13:29:23.076318,rack_3,335.1321915916453,34.46338451935401
2025-07-03 13:44:23.076318,rack_3,375.61098898547124,34.18247013409758
2025-07-03 13:59:23.076318,rack_3,317.25661108306167,33.48543934510849
2025-07-03 14:14:23.076318,rack_3,301.22970216680113,30.817921756318995
2025-07-03 14:29:23.076318,rack_3,375.4007766415581,35.31724332332514
2025-07-03 14:44:23.076318,rack_3,340.7735139409153,32.820338408730954
2025-07-03 14:59:23.076318,rack_3,335.6185803115615,33.26119009184232
2025-07-03 15:14:23.076318,rack_3,353.76886812061633,32.98421192046414
2025-07-03 15:29:23.076318,rack_3,387.4333200527893,37.0750165775198
2025-07-03 15:44:23.076318,rack_3,315.9913508973215,28.75415441350712
2025-07-03 15:59:23.076318,rack_3,269.8180476259006,31.97771033687797
2025-07-03 16:14:23.076318,rack_3,341.6140454454595,37.02884307291798
2025-07-03 16:29:23.076318,rack_3,332.07179782745203,31.79188686930626
2025-07-03 16:44:23.076318,rack_3,312.9958460098304,33.2543200023995
2025-07-03 16:59:23.076318,rack_3,319.3047657841232,34.52448686040007
2025-07-03 17:14:23.076318,rack_3,304.6336181990992,31.528439443061124
2025-07-03 17:29:23.076318,rack_3,315.1237656421467,34.45367607182841
2025-07-03 17:44:23.076318,rack_3,366.1604182660876,33.46197432050259
2025-07-03 17:59:23.076318,rack_3,326.8535817006657,33.283468643877434
2025-07-03 18:14:23.076318,rack_3,368.27789884351705,34.536841292616295
2025-07-03 18:29:23.076318,rack_3,381.3561368099994,34.80848287865272
2025-07-03 18:44:23.076318,rack_3,420.3478353732072,34.9924532844091
2025-07-03 18:59:23.076318,rack_3,330.91721085380817,33.30275100917411
2025-07-03 19:14:23.076318,rack_3,276.0770249535274,31.883831227645388
2025-07-03 19:29:23.076318,rack_3,393.94614734055517,36.55430741005126
2025-07-03 19:44:23.076318,rack_3,355.8519723709869,34.87925878699702
2025-07-03 19:59:23.076318,rack_3,339.8475655636876,32.16597630501117
2025-07-03 20:14:23.076318,rack_3,336.31188082725396,32.329468612168746
2025-07-03 20:29:23.076318,rack_3,337.5077794048754,33.07940578187573
2025-07-03 20:44:23.076318,rack_3,335.5836879047102,33.88866325401265
2025-07-03 20:59:23.076318,rack_3,352.2064288076735,33.37955241835985
2025-07-03 21:14:23.076318,rack_3,299.9115664671688,33.420395212657475
2025-07-03 21:29:23.076318,rack_3,353.39459044613784,34.52801039439308
2025-07-03 21:44:23.076318,rack_3,318.80818466062857,34.55627741800645
2025-07-03 21:59:23.076318,rack_3,363.8111929687186,37.33559306301369
2025-07-03 22:14:23.076318,rack_3,359.63516009899297,35.65977986531118
2025-07-03 22:29:23.076318,rack_3,279.74535235737113,32.892635623708394
2025-07-03 22:44:23.076318,rack_3,317.356932505368,31.460537683280734
2025-07-03 22:59:23.076318,rack_3,328.2814240581211,31.981090726175374
2025-07-03 23:14:23.076318,rack_3,402.53090755330396,37.132805071282476
2025-07-03 23:29:23.076318,rack_3,378.6715842274919,32.583765207817976
2025-07-03 23:44:23.076318,rack_3,342.8237162247423,33.94364458839406
2025-07-03 23:59:23.076318,rack_3,376.4139102440477,33.74317073912545
2025-07-04 00:14:23.076318,rack_3,323.3593441006229,34.471754343036785
2025-07-04 00:29:23.076318,rack_3,342.589824797273,34.793941903557176
2025-07-04 00:44:23.076318,rack_3,293.50889236134515,33.34633913575507
2025-07-04 00:59:23.076318,rack_3,359.08449068776184,34.45918749405632
2025-07-04 01:14:23.076318,rack_3,327.97949712197646,33.08685476085693
2025-07-04 01:29:23.076318,rack_3,367.9774801970665,35.36491200814933
2025-07-04 01:44:23.076318,rack_3,369.4030261753551,30.674674888200563
2025-07-04 01:59:23.076318,rack_3,324.1700192254332,34.176469834810796
2025-07-04 02:14:23.076318,rack_3,365.6806362675631,32.94495162606132
2025-07-04 02:29:23.076318,rack_3,359.8548860899723,35.65443269164149
2025-07-04 02:44:23.076318,rack_3,339.5823465338943,32.92126108027983
2025-07-04 02:59:23.076318,rack_3,361.72371434405625,34.303410055718075
2025-07-04 03:14:23.076318,rack_3,313.98550450925643,34.557016044971476
2025-07-04 03:29:23.076318,rack_3,354.7362412366366,34.35560430627049
2025-07-04 03:44:23.076318,rack_3,378.3936798994334,35.72968902072266
2025-07-04 03:59:23.076318,rack_3,336.5835468139051,35.46559168113071
2025-07-04 04:14:23.076318,rack_3,354.5729635471579,36.39647844758969
2025-07-04 04:29:23.076318,rack_3,341.77772804001177,36.51015051653508
2025-07-04 04:44:23.076318,rack_3,374.9639019399634,33.613479514040385
2025-07-04 04:59:23.076318,rack_3,328.5836623395759,32.3517242703309
2025-07-04 05:14:23.076318,rack_3,337.6540682989063,34.22131383715003
2025-07-04 05:29:23.076318,rack_3,395.19745493624526,36.60096161688374
2025-07-04 05:44:23.076318,rack_3,323.48041386791266,33.27383358609948
2025-07-04 05:59:23.076318,rack_3,314.9848033404551,33.86196458112717
2025-07-04 06:14:23.076318,rack_3,349.3656201366599,32.752669257835876
2025-07-04 06:29:23.076318,rack_3,341.64506777125104,37.73203429451742
2025-07-04 06:44:23.076318,rack_3,380.0846398494481,33.95077131697083
2025-07-04 06:59:23.076318,rack_3,361.8994850382882,31.84560280161012
2025-07-04 07:14:23.076318,rack_3,390.03103730404416,33.39886251446925
2025-07-04 07:29:23.076318,rack_3,350.2259874707778,32.622697478386605
2025-07-04 07:44:23.076318,rack_3,355.73667836660746,35.86702023638924
2025-07-04 07:59:23.076318,rack_3,358.4551429979891,33.02348168776412
2025-07-04 08:14:23.076318,rack_3,337.38849513020887,33.86561175930366
2025-07-04 08:29:23.076318,rack_3,389.9973284598464,37.01314700318522
2025-07-04 08:44:23.076318,rack_3,324.5604897782183,33.35332492942781
2025-07-04 08:59:23.076318,rack_3,354.1824872819224,35.41671518720669
2025-07-04 09:14:23.076318,rack_3,387.1748568605977,33.83980690607058
2025-07-04 09:29:23.076318,rack_3,344.54311785775496,36.54796378047358
2025-07-04 09:44:23.076318,rack_3,314.93498775119133,32.5130120007715
2025-07-04 09:59:23.076318,rack_3,335.6054032088727,35.70207192662991
2025-07-04 10:14:23.076318,rack_3,334.39669520729973,33.030528357910036
2025-07-04 10:29:23.076318,rack_3,342.4695665528259,33.28798356881723
2025-07-04 10:44:23.076318,rack_3,367.83925688352593,34.1969041822315
2025-07-04 10:59:23.076318,rack_3,378.2906690659004,32.41658746334326
2025-07-04 11:14:23.076318,rack_3,374.67634067195866,35.36294788151377
2025-07-04 11:29:23.076318,rack_3,325.493897757439,34.30998350427732
2025-07-04 11:44:23.076318,rack_3,339.58459285236137,31.06997363933954
2025-07-04 11:59:23.076318,rack_3,349.2454090715863,36.576381910076215
2025-07-04 12:14:23.076318,rack_3,318.1363856622221,31.49616291131591
2025-07-04 12:29:23.076318,rack_3,411.33453266095836,36.80022602263864
2025-07-04 12:44:23.076318,rack_3,349.950846253015,31.874144250078974
2025-07-04 12:59:23.076318,rack_3,307.9274093774262,32.99515712324065
2025-07-04 13:14:23.076318,rack_3,377.1927206452786,35.389768214162196
2025-07-04 13:29:23.076318,rack_3,339.9872440721722,35.32162657812298
2025-07-04 13:44:23.076318,rack_3,345.4606662865918,35.12967440234543
2025-07-04 13:59:23.076318,rack_3,347.0812983669165,28.25223270544515
2025-07-04 14:14:23.076318,rack_3,333.72078423574106,33.05209166027883
2025-07-04 14:29:23.076318,rack_3,398.00588330931487,33.328374183531565
2025-07-04 14:44:23.076318,rack_3,364.24331027450455,34.84830706045908
2025-07-04 14:59:23.076318,rack_3,353.21661897893085,31.004821204786236
2025-07-04 15:14:23.076318,rack_3,309.9645754269443,31.969205061893256
2025-07-04 15:29:23.076318,rack_3,340.6963288298343,33.56051566746973
2025-07-04 15:44:23.076318,rack_3,375.12754314634236,34.920265052802684
2025-07-04 15:59:23.076318,rack_3,316.55629803112635,30.189522769230845
2025-07-04 16:14:23.076318,rack_3,404.2495117498458,33.797514691913776
2025-07-04 16:29:23.076318,rack_3,403.0205019915215,36.97696712380387
2025-07-04 16:44:23.076318,rack_3,395.2547791582972,35.344091026234096
2025-07-04 16:59:23.076318,rack_3,339.30088862194714,31.520833698764942
2025-07-04 17:14:23.076318,rack_3,317.27171333117855,32.44701373787102
2025-07-04 17:29:23.076318,rack_3,309.66649448843623,34.26183073371307
2025-07-04 17:44:23.076318,rack_3,362.0511654947314,35.32935766409163
2025-07-04 17:59:23.076318,rack_3,321.8364417115407,32.02789711174286
2025-07-04 18:14:23.076318,rack_3,368.23248014299105,32.79875110588262
2025-07-04 18:29:23.076318,rack_3,315.83379507507146,31.708047777563557
2025-07-04 18:44:23.076318,rack_3,326.95041637486236,31.444329236788143
2025-07-04 18:59:23.076318,rack_3,353.71993737874374,33.117549263306664
2025-07-04 19:14:23.076318,rack_3,333.8554801403251,33.76162084274645
2025-07-04 19:29:23.076318,rack_3,339.70826356889313,35.93159090034304
2025-07-04 19:44:23.076318,rack_3,302.53495658921685,33.25211821339286
2025-07-04 19:59:23.076318,rack_3,367.35553654620406,36.02171512518598
2025-07-04 20:14:23.076318,rack_3,315.3649371389205,29.28049258032699
2025-07-04 20:29:23.076318,rack_3,330.78692890499525,34.900050951939235
2025-07-04 20:44:23.076318,rack_3,370.2851754212703,36.34375299209832
2025-07-04 20:59:23.076318,rack_3,366.5863566404773,32.916589602380924
2025-07-04 21:14:23.076318,rack_3,291.2080062645632,32.23663514707851
2025-07-04 21:29:23.076318,rack_3,362.1996777419611,31.881679217615428
2025-07-04 21:44:23.076318,rack_3,369.5441444313733,37.89106900821767
2025-07-04 21:59:23.076318,rack_3,357.0493024898422,33.42514812345311
2025-07-04 22:14:23.076318,rack_3,335.7296769146213,32.605801299158784
2025-07-04 22:29:23.076318,rack_3,349.9550872195957,36.01020391537365
2025-07-04 22:44:23.076318,rack_3,365.2225599671882,34.70853739456756
2025-07-04 22:59:23.076318,rack_3,363.2615908618242,32.50363563491895
2025-07-04 23:14:23.076318,rack_3,369.1661606562013,35.60388313868224
2025-07-04 23:29:23.076318,rack_3,336.95325393430966,32.31794305604012
2025-07-04 23:44:23.076318,rack_3,337.68482693662884,35.02614169139523
2025-07-04 23:59:23.076318,rack_3,350.9351292931776,33.07620649542315
2025-07-05 00:14:23.076318,rack_3,351.95781740824646,32.44154761841905
2025-07-05 00:29:23.076318,rack_3,368.25242014216633,36.807982242002744
2025-07-05 00:44:23.076318,rack_3,336.9696066036558,33.02574931455382
2025-07-05 00:59:23.076318,rack_3,343.9577845839779,32.758771819174605
2025-07-05 01:14:23.076318,rack_3,356.05703672606336,32.1708776451294
2025-07-05 01:29:23.076318,rack_3,325.56612629230943,32.01698468380962
2025-07-05 01:44:23.076318,rack_3,334.39475280631694,35.00944321464355
2025-07-05 01:59:23.076318,rack_3,399.05879204986974,36.46419139135726
2025-07-05 02:14:23.076318,rack_3,353.77284246627363,32.06462572934066
2025-07-05 02:29:23.076318,rack_3,375.9322966089599,34.65798071941604
2025-07-05 02:44:23.076318,rack_3,382.72629496535797,35.18864518872301
2025-07-05 02:59:23.076318,rack_3,371.1968984443713,33.99929195564699
2025-07-05 03:14:23.076318,rack_3,407.18952206048453,35.40551921396988
2025-07-05 03:29:23.076318,rack_3,346.59698626233154,34.41225424152821
2025-07-05 03:44:23.076318,rack_3,384.5405064252734,35.651162326616806
2025-07-05 03:59:23.076318,rack_3,303.0487569367312,34.288271428576834
2025-07-05 04:14:23.076318,rack_3,362.7785243255963,34.39572291039559
2025-07-05 04:29:23.076318,rack_3,359.73521230499966,32.96895483383942
2025-07-05 04:44:23.076318,rack_3,353.59540885702694,36.29424513557386
2025-07-05 04:59:23.076318,rack_3,362.78927051960943,34.70096319307843
2025-07-05 05:14:23.076318,rack_3,354.0694734699972,33.294954385454666
2025-07-05 05:29:23.076318,rack_3,322.4757906555782,32.81014760802136
2025-07-05 05:44:23.076318,rack_3,321.0629862596995,31.23341034761454
2025-07-05 05:59:23.076318,rack_3,297.28361110131726,33.88363005601448
2025-07-05 06:14:23.076318,rack_3,303.34225020888516,32.785494727050654
2025-07-05 06:29:23.076318,rack_3,373.2198932070211,32.101106460464614
2025-07-05 06:44:23.076318,rack_3,345.4365462240404,32.66022715067658
2025-07-05 06:59:23.076318,rack_3,323.0974643458394,32.70085870175117
2025-07-05 07:14:23.076318,rack_3,347.7926568832335,33.07432348168471
2025-07-05 07:29:23.076318,rack_3,357.0814607916167,34.18667420187131
2025-07-05 07:44:23.076318,rack_3,386.50143608199147,36.51455636221353
2025-07-05 07:59:23.076318,rack_3,317.16678730704604,31.065450346848323
2025-07-05 08:14:23.076318,rack_3,380.82958324894406,38.41445012106907
2025-07-05 08:29:23.076318,rack_3,333.6998250801203,34.75439446296767
2025-07-05 08:44:23.076318,rack_3,413.9947151840488,35.72078670911218
2025-07-05 08:59:23.076318,rack_3,368.18011764993224,34.87885437548835
2025-07-05 09:14:23.076318,rack_3,342.2840544256556,36.05284397813349
2025-07-05 09:29:23.076318,rack_3,349.9500221807418,33.663966213683885
2025-07-05 09:44:23.076318,rack_3,321.9479060358851,32.778291021438065
2025-07-05 09:59:23.076318,rack_3,351.8585671100136,31.82128707631676
2025-07-05 10:14:23.076318,rack_3,362.7477968881936,32.67669718824973
2025-07-05 10:29:23.076318,rack_3,333.62264021460174,33.006601977292405
2025-07-05 10:44:23.076318,rack_3,386.30266342377365,33.93351846267173
2025-07-05 10:59:23.076318,rack_3,351.4270171770077,30.75665524922965
2025-07-05 11:14:23.076318,rack_3,344.24747271373894,32.88445310795351
2025-07-05 11:29:23.076318,rack_3,387.655602371099,32.997969652579656
2025-07-05 11:44:23.076318,rack_3,377.75676168106173,36.45248729454479
2025-07-05 11:59:23.076318,rack_3,382.8049453835284,35.77505156075121
2025-07-05 12:14:23.076318,rack_3,422.57916207544355,36.14241857943175
2025-07-05 12:29:23.076318,rack_3,347.00956750086965,33.618557855726756
2025-07-05 12:44:23.076318,rack_3,324.29165220343924,35.107102137650585
2025-07-05 12:59:23.076318,rack_3,355.68155327492565,34.661003183237455
2025-07-05 13:14:23.076318,rack_3,348.3720649536122,34.76597195035822
2025-07-05 13:29:23.076318,rack_3,315.25946224023556,32.306992631594746
2025-07-05 13:44:23.076318,rack_3,365.9713711522091,32.87235150781421
2025-07-05 13:59:23.076318,rack_3,345.31426472222984,33.21007925179433
2025-07-05 14:14:23.076318,rack_3,359.4627520282379,31.49240195587823
2025-07-05 14:29:23.076318,rack_3,345.64025489783984,33.58032320226888
2025-07-05 14:44:23.076318,rack_3,314.4724328074992,32.68200014621638
2025-07-05 14:59:23.076318,rack_3,366.6359166656833,35.20185626653455
2025-07-05 15:14:23.076318,rack_3,334.1393706426161,33.37879226496766
2025-07-05 15:29:23.076318,rack_3,332.26122137066045,32.36460135751965
2025-07-05 15:44:23.076318,rack_3,398.8290559223577,35.32723387103967
2025-07-05 15:59:23.076318,rack_3,355.62474780863175,34.35521505224929
2025-07-05 16:14:23.076318,rack_3,297.65753659651784,32.68673718228827
2025-07-05 16:29:23.076318,rack_3,318.1044219534318,31.655351364447984
2025-07-05 16:44:23.076318,rack_3,359.83732625077846,36.27241142185425
2025-07-05 16:59:23.076318,rack_3,396.7429283421011,35.507689293582295
2025-07-05 17:14:23.076318,rack_3,334.7103944221858,34.042603955061296
2025-07-05 17:29:23.076318,rack_3,301.6059314730187,33.19238577511156
2025-07-05 17:44:23.076318,rack_3,313.74789145483265,32.65060090958287
2025-07-05 17:59:23.076318,rack_3,336.4507408581792,33.972601660804045
2025-07-05 18:14:23.076318,rack_3,421.8096896357307,37.23597342575474
2025-07-05 18:29:23.076318,rack_3,387.2659007593977,34.410596905652476
2025-07-05 18:44:23.076318,rack_3,353.23163427332764,35.0860113812518
2025-07-05 18:59:23.076318,rack_3,330.75091496361284,34.69744558594248
2025-07-05 19:14:23.076318,rack_3,305.3182104059331,33.29828746133771
2025-07-05 19:29:23.076318,rack_3,376.79547289691516,33.33763477575338
2025-07-05 19:44:23.076318,rack_3,303.8876567821904,31.1359263327978
2025-07-05 19:59:23.076318,rack_3,316.1675428176005,32.23313100229737
2025-07-05 20:14:23.076318,rack_3,383.76352150180867,36.252129593755896
2025-07-05 20:29:23.076318,rack_3,385.2508166380501,36.81080818045264
2025-07-05 20:44:23.076318,rack_3,365.34996013610385,30.475793321656944
2025-07-05 20:59:23.076318,rack_3,326.28119104681684,31.245982418657775
2025-07-05 21:14:23.076318,rack_3,368.74331126876234,34.06346568266438
2025-07-05 21:29:23.076318,rack_3,396.92936378575763,36.30718040979358
2025-07-05 21:44:23.076318,rack_3,301.10833543281484,35.29913699223052
2025-07-05 21:59:23.076318,rack_3,345.8704456966363,35.035276716777446
2025-07-05 22:14:23.076318,rack_3,394.35579741929456,36.79243003797996
2025-07-05 22:29:23.076318,rack_3,333.5728495070232,34.639113951656114
2025-07-05 22:44:23.076318,rack_3,397.15522506736124,36.08341471654621
2025-07-05 22:59:23.076318,rack_3,329.1708814743037,32.645834963985244
2025-07-05 23:14:23.076318,rack_3,362.89934772433526,31.6991467799895
2025-07-05 23:29:23.076318,rack_3,385.70203046813367,38.53777694681081
2025-07-05 23:44:23.076318,rack_3,303.696568400113,29.216048046071627
2025-07-05 23:59:23.076318,rack_3,354.86828347402235,33.27580972240699
2025-07-06 00:14:23.076318,rack_3,353.6980840321892,36.101675221307154
2025-07-06 00:29:23.076318,rack_3,360.27579812498743,35.30815011277921
2025-07-06 00:44:23.076318,rack_3,420.73678869929824,36.05992639404819
2025-07-06 00:59:23.076318,rack_3,356.5100187140747,33.97917843340128
2025-07-06 01:14:23.076318,rack_3,290.5233155008227,31.881799489208184
2025-07-06 01:29:23.076318,rack_3,346.56098865889675,31.576846340848014
2025-07-06 01:44:23.076318,rack_3,383.49597401197616,34.7645624349222
2025-07-06 01:59:23.076318,rack_3,327.3266128034293,32.26417655247551
2025-07-06 02:14:23.076318,rack_3,355.60236898265697,33.624774852364915
2025-07-06 02:29:23.076318,rack_3,399.4952361766326,33.79974192198305
2025-07-06 02:44:23.076318,rack_3,373.36246227234557,35.1802564024621
2025-07-06 02:59:23.076318,rack_3,338.5297130405183,33.941534338676604
2025-07-06 03:14:23.076318,rack_3,397.86069044931526,34.212276787584656
2025-07-06 03:29:23.076318,rack_3,365.4081059330188,32.28495508030483
2025-07-06 03:44:23.076318,rack_3,350.3716781676232,31.56504928496952
2025-07-06 03:59:23.076318,rack_3,284.94475456068625,30.452544242875707
2025-07-06 04:14:23.076318,rack_3,427.80916693136066,37.57657300348325
2025-07-06 04:29:23.076318,rack_3,365.3617582506098,35.61721723912477
2025-07-06 04:44:23.076318,rack_3,286.024150783939,31.132748634265116
2025-07-06 04:59:23.076318,rack_3,273.04707768299716,30.178459421564032
2025-07-06 05:14:23.076318,rack_3,346.77640065585103,33.83099110358961
2025-07-06 05:29:23.076318,rack_3,344.96409255972657,35.76371822637402
2025-07-06 05:44:23.076318,rack_3,378.7158906591882,34.79753970972598
2025-07-06 05:59:23.076318,rack_3,384.69425720345265,33.60258784597949
2025-07-06 06:14:23.076318,rack_3,349.69498499735965,37.00094717745074
2025-07-06 06:29:23.076318,rack_3,350.820777661888,32.45562485769583
2025-07-06 06:44:23.076318,rack_3,349.72229477127394,34.57015528352202
2025-07-06 06:59:23.076318,rack_3,357.69519624297686,33.83165226139586
2025-07-06 07:14:23.076318,rack_3,371.9039457500747,33.69153959994219
2025-07-06 07:29:23.076318,rack_3,324.702271378432,32.14568082383119
2025-07-06 07:44:23.076318,rack_3,403.16070135425844,34.50947846972309
2025-07-06 07:59:23.076318,rack_3,406.32908360739066,36.19701621023286
2025-07-06 08:14:23.076318,rack_3,370.3793175001132,34.96055218987878
2025-07-06 08:29:23.076318,rack_3,348.40279167054865,34.14372879798104
2025-07-06 08:44:23.076318,rack_3,366.1523594975713,32.614880766128124
2025-07-06 08:59:23.076318,rack_3,344.6775648703821,32.81164687324084
2025-07-06 09:14:23.076318,rack_3,400.2752388450767,33.649567870196925
2025-07-06 09:29:23.076318,rack_3,339.1379636892426,34.304921540131666
2025-07-06 09:44:23.076318,rack_3,331.2891490395561,35.91296531120368
2025-07-06 09:59:23.076318,rack_3,306.3536029720556,32.56788962971648
2025-07-06 10:14:23.076318,rack_3,345.44081181777824,32.78769224737718
2025-07-06 10:29:23.076318,rack_3,366.325271522177,36.43619156548114
2025-07-06 10:44:23.076318,rack_3,326.5992326115274,31.295170728065806
2025-07-06 10:59:23.076318,rack_3,312.9236377450962,31.992984401732972
2025-07-06 11:14:23.076318,rack_3,368.0263005266076,34.56438459837582
2025-07-06 11:29:23.076318,rack_3,343.39224706137145,35.339374610894865
2025-07-06 11:44:23.076318,rack_3,338.17802378105813,33.68766971399534
2025-07-06 11:59:23.076318,rack_3,346.7800083798342,34.1620228108736
2025-07-06 12:14:23.076318,rack_3,346.28743482609525,30.532987128571044
2025-07-06 12:29:23.076318,rack_3,327.31264501163065,33.48817943078495
2025-07-06 12:44:23.076318,rack_3,289.51740736490746,32.618057312885135
2025-07-06 12:59:23.076318,rack_3,384.4145241199949,34.561354787518525
2025-07-06 13:14:23.076318,rack_3,330.4487605931876,36.24325629085107
2025-07-06 13:29:23.076318,rack_3,348.36426604364834,34.41460895711691
2025-07-06 13:44:23.076318,rack_3,358.17471076776303,33.53317041469769
2025-07-06 13:59:23.076318,rack_3,333.8935190213747,33.706203420355806
2025-07-06 14:14:23.076318,rack_3,343.4236948220799,31.860205514896318
2025-07-06 14:29:23.076318,rack_3,334.35155222179685,33.9981197520697
2025-07-06 14:44:23.076318,rack_3,334.4636055422478,31.985886248604615
2025-07-06 14:59:23.076318,rack_3,344.1769234516955,35.882937169241416
2025-07-06 15:14:23.076318,rack_3,325.7949684410598,32.95615932670424
2025-07-06 15:29:23.076318,rack_3,304.3969260134469,30.957596488107146
2025-07-06 15:44:23.076318,rack_3,330.7857433150454,33.224269601528164
2025-07-06 15:59:23.076318,rack_3,351.71073277605,34.687345375038035
2025-07-06 16:14:23.076318,rack_3,355.4814028635499,31.174688165720067
2025-07-06 16:29:23.076318,rack_3,310.83090768777504,32.11885450446056
2025-07-06 16:44:23.076318,rack_3,391.33962295711075,35.905181501859346
2025-07-06 16:59:23.076318,rack_3,306.5755026606264,33.42056124537537
2025-07-06 17:14:23.076318,rack_3,368.80247054194894,35.66445792428916
2025-07-06 17:29:23.076318,rack_3,361.625584969974,33.651727470200164
2025-07-06 17:44:23.076318,rack_3,320.7075573209634,32.7942237480332
2025-06-29 17:59:23.076318,rack_4,302.4555040630255,31.10994976631047
2025-06-29 18:14:23.076318,rack_4,247.90728459471828,32.11166066556132
2025-06-29 18:29:23.076318,rack_4,240.08672053988565,31.71641671411272
2025-06-29 18:44:23.076318,rack_4,302.7625817716817,32.73131183680856
2025-06-29 18:59:23.076318,rack_4,300.927236015373,32.09813112847382
2025-06-29 19:14:23.076318,rack_4,291.1582333719745,32.75387147899003
2025-06-29 19:29:23.076318,rack_4,290.8626925249933,32.15833379795397
2025-06-29 19:44:23.076318,rack_4,220.6506147779777,29.339422707504117
2025-06-29 19:59:23.076318,rack_4,225.25764234793505,28.982397381460697
2025-06-29 20:14:23.076318,rack_4,304.6475864473708,32.02833506716137
2025-06-29 20:29:23.076318,rack_4,221.13528244393387,31.433221538058557
2025-06-29 20:44:23.076318,rack_4,293.59935274259277,33.02862647591471
2025-06-29 20:59:23.076318,rack_4,330.46673234332906,32.4090964466564
2025-06-29 21:14:23.076318,rack_4,332.22401787917966,33.17271902855326
2025-06-29 21:29:23.076318,rack_4,271.8755511038962,32.12718734536478
2025-06-29 21:44:23.076318,rack_4,297.66366877522415,32.27897917123414
2025-06-29 21:59:23.076318,rack_4,278.47382640623414,34.00132524952007
2025-06-29 22:14:23.076318,rack_4,314.391039525219,34.19229067029825
2025-06-29 22:29:23.076318,rack_4,307.8504946150352,32.500807075838104
2025-06-29 22:44:23.076318,rack_4,325.40637211441685,33.15623512531618
2025-06-29 22:59:23.076318,rack_4,290.205668462948,31.597730977405842
2025-06-29 23:14:23.076318,rack_4,292.12544491742676,29.17595850987386
2025-06-29 23:29:23.076318,rack_4,270.511973943194,33.23158696471629
2025-06-29 23:44:23.076318,rack_4,292.3799422957396,31.064170661892167
2025-06-29 23:59:23.076318,rack_4,236.61217753176882,29.59409241008687
2025-06-30 00:14:23.076318,rack_4,212.2084859287621,30.750989959947336
2025-06-30 00:29:23.076318,rack_4,266.87845145243597,31.74195089929318
2025-06-30 00:44:23.076318,rack_4,266.4731208445109,32.46650687636812
2025-06-30 00:59:23.076318,rack_4,272.2766997619592,31.933163091680914
2025-06-30 01:14:23.076318,rack_4,316.052658689885,32.12101660873503
2025-06-30 01:29:23.076318,rack_4,241.5204727794943,33.52149530880105
2025-06-30 01:44:23.076318,rack_4,307.2958235548706,33.327879067642314
2025-06-30 01:59:23.076318,rack_4,292.64533369780804,33.63496898910675
2025-06-30 02:14:23.076318,rack_4,265.98830448557624,29.906543443162057
2025-06-30 02:29:23.076318,rack_4,286.18031870262496,33.10442188148573
2025-06-30 02:44:23.076318,rack_4,269.02498896697625,31.60049407106218
2025-06-30 02:59:23.076318,rack_4,312.09602657342776,34.849077186413176
2025-06-30 03:14:23.076318,rack_4,287.43134390774446,35.47016840303692
2025-06-30 03:29:23.076318,rack_4,293.14120383069786,31.115428804778592
2025-06-30 03:44:23.076318,rack_4,284.14244584016546,33.34471914637547
2025-06-30 03:59:23.076318,rack_4,302.67231008538704,32.114071870681464
2025-06-30 04:14:23.076318,rack_4,280.4940558639652,33.87126022677119
2025-06-30 04:29:23.076318,rack_4,367.58849795175695,34.496262623649315
2025-06-30 04:44:23.076318,rack_4,269.8409521362569,31.5518854984957
2025-06-30 04:59:23.076318,rack_4,272.4312466989088,35.10749633163548
2025-06-30 05:14:23.076318,rack_4,294.30652878058703,31.402565260028567
2025-06-30 05:29:23.076318,rack_4,237.31005729049744,33.722229912195175
2025-06-30 05:44:23.076318,rack_4,320.32024755032865,35.43441549430223
2025-06-30 05:59:23.076318,rack_4,258.7485210300542,33.3060830521228
2025-06-30 06:14:23.076318,rack_4,292.0435319284869,31.244921156276675
2025-06-30 06:29:23.076318,rack_4,297.7907630041647,32.15120399525108
2025-06-30 06:44:23.076318,rack_4,282.7444287974926,32.95453681766566
2025-06-30 06:59:23.076318,rack_4,312.1017347104508,33.82006634886183
2025-06-30 07:14:23.076318,rack_4,280.10905689304235,33.62507139173142
2025-06-30 07:29:23.076318,rack_4,294.93888857382086,29.358567061952293
2025-06-30 07:44:23.076318,rack_4,276.58808624944015,31.461921491348658
2025-06-30 07:59:23.076318,rack_4,299.712384223483,35.21899281450679
2025-06-30 08:14:23.076318,rack_4,275.93505445699935,32.881023831212566
2025-06-30 08:29:23.076318,rack_4,193.93554540483598,31.02387293078118
2025-06-30 08:44:23.076318,rack_4,322.4749497065914,33.840970149408285
2025-06-30 08:59:23.076318,rack_4,321.21837107041296,33.45669258915505
2025-06-30 09:14:23.076318,rack_4,313.89627921680096,31.047968066041513
2025-06-30 09:29:23.076318,rack_4,279.96504901462896,31.070379338145955
2025-06-30 09:44:23.076318,rack_4,280.6922383765606,27.531536628153514
2025-06-30 09:59:23.076318,rack_4,314.9653968757124,32.113952048851054
2025-06-30 10:14:23.076318,rack_4,268.31353202616407,32.34468460432761
2025-06-30 10:29:23.076318,rack_4,312.06174809454495,30.71875869275946
2025-06-30 10:44:23.076318,rack_4,239.1950664407793,31.373753710510385
2025-06-30 10:59:23.076318,rack_4,291.92078121149854,34.439406335177544
2025-06-30 11:14:23.076318,rack_4,256.0323333465777,31.092807133745342
2025-06-30 11:29:23.076318,rack_4,254.0357091425726,31.724853864709278
2025-06-30 11:44:23.076318,rack_4,268.25782685026763,32.44050508377159
2025-06-30 11:59:23.076318,rack_4,319.38329415766236,34.90161356350772
2025-06-30 12:14:23.076318,rack_4,315.6083357983049,31.536616966974307
2025-06-30 12:29:23.076318,rack_4,288.56748708852695,32.995805307184995
2025-06-30 12:44:23.076318,rack_4,266.2957791742657,33.20544524851215
2025-06-30 12:59:23.076318,rack_4,250.48543867142075,31.076288150629388
2025-06-30 13:14:23.076318,rack_4,269.40206253849374,33.4525385916903
2025-06-30 13:29:23.076318,rack_4,285.7249701971626,34.06463734099152
2025-06-30 13:44:23.076318,rack_4,294.86128700710447,33.65968003374975
2025-06-30 13:59:23.076318,rack_4,331.64155394689124,33.340261851881856
2025-06-30 14:14:23.076318,rack_4,264.2409940018998,30.40747030319422
2025-06-30 14:29:23.076318,rack_4,244.77677097441278,30.473446885785055
2025-06-30 14:44:23.076318,rack_4,263.95514792238913,32.85843835798358
2025-06-30 14:59:23.076318,rack_4,283.5664804605125,32.343630916201924
2025-06-30 15:14:23.076318,rack_4,267.7473344587477,33.05472282905707
2025-06-30 15:29:23.076318,rack_4,287.079923527511,34.03545623639837
2025-06-30 15:44:23.076318,rack_4,272.9921503009533,30.477560024978597
2025-06-30 15:59:23.076318,rack_4,281.88223687495594,32.218151744120604
2025-06-30 16:14:23.076318,rack_4,295.03445563409974,30.623796944192502
2025-06-30 16:29:23.076318,rack_4,307.00774261847465,30.9630718713259
2025-06-30 16:44:23.076318,rack_4,289.9458456067826,34.869685197658484
2025-06-30 16:59:23.076318,rack_4,289.63331239942113,33.26349697127996
2025-06-30 17:14:23.076318,rack_4,274.4747986789213,32.601214574588795
2025-06-30 17:29:23.076318,rack_4,328.24304221469265,34.23738711475841
2025-06-30 17:44:23.076318,rack_4,298.2351144935,31.872376463369534
2025-06-30 17:59:23.076318,rack_4,280.4141401879887,32.60296961441446
2025-06-30 18:14:23.076318,rack_4,246.68318273101258,33.65804846903329
2025-06-30 18:29:23.076318,rack_4,243.03695796382854,31.808470608902258
2025-06-30 18:44:23.076318,rack_4,280.79363125750456,31.656155618704414
2025-06-30 18:59:23.076318,rack_4,261.9326894640639,30.43757468787046
2025-06-30 19:14:23.076318,rack_4,248.66022037404423,32.4934749577887
2025-06-30 19:29:23.076318,rack_4,308.15592587690884,33.347658926988494
2025-06-30 19:44:23.076318,rack_4,261.91646983461015,32.7676137549832
2025-06-30 19:59:23.076318,rack_4,250.01003361866464,31.54195725919436
2025-06-30 20:14:23.076318,rack_4,289.6808644367476,30.155589945548336
2025-06-30 20:29:23.076318,rack_4,289.75841530641736,28.530231827489345
2025-06-30 20:44:23.076318,rack_4,262.28745428692264,33.29307306250907
2025-06-30 20:59:23.076318,rack_4,286.72868396925884,33.20740359049497
2025-06-30 21:14:23.076318,rack_4,268.2191225633358,30.62591814860743
2025-06-30 21:29:23.076318,rack_4,289.946380918797,32.239417307779426
2025-06-30 21:44:23.076318,rack_4,285.8546602912832,32.520582444280045
2025-06-30 21:59:23.076318,rack_4,259.3478898224461,31.69307434822235
2025-06-30 22:14:23.076318,rack_4,282.2112851649535,32.891665217639456
2025-06-30 22:29:23.076318,rack_4,278.0232068769772,32.909298724126714
2025-06-30 22:44:23.076318,rack_4,315.101940172607,33.8977705235046
2025-06-30 22:59:23.076318,rack_4,300.66657438197956,34.210890835229414
2025-06-30 23:14:23.076318,rack_4,315.3022563274488,33.142538317914195
2025-06-30 23:29:23.076318,rack_4,249.24851276390706,34.48664153033372
2025-06-30 23:44:23.076318,rack_4,302.7011229387605,34.83614238113886
2025-06-30 23:59:23.076318,rack_4,307.40787478202276,33.22124170652016
2025-07-01 00:14:23.076318,rack_4,311.39885451698717,34.57624968973359
2025-07-01 00:29:23.076318,rack_4,317.8341759141832,35.08822293887837
2025-07-01 00:44:23.076318,rack_4,330.122364211146,34.019547931618874
2025-07-01 00:59:23.076318,rack_4,291.7720667166805,32.031893749039625
2025-07-01 01:14:23.076318,rack_4,262.6677699965313,30.11852219497981
2025-07-01 01:29:23.076318,rack_4,197.2183404616003,29.115663880905558
2025-07-01 01:44:23.076318,rack_4,274.28457580058387,33.42949183142766
2025-07-01 01:59:23.076318,rack_4,293.20058256441087,33.60569715762406
2025-07-01 02:14:23.076318,rack_4,260.6982797589866,32.98461151504122
2025-07-01 02:29:23.076318,rack_4,252.18345624955285,34.44375897303451
2025-07-01 02:44:23.076318,rack_4,300.13809771759543,33.27568797713516
2025-07-01 02:59:23.076318,rack_4,278.826196214826,35.08135340910605
2025-07-01 03:14:23.076318,rack_4,283.0510836723027,34.09522618848458
2025-07-01 03:29:23.076318,rack_4,309.4821604245938,33.504826887601496
2025-07-01 03:44:23.076318,rack_4,282.3760643786983,30.77548749581674
2025-07-01 03:59:23.076318,rack_4,289.4737392841362,31.517831133670516
2025-07-01 04:14:23.076318,rack_4,280.4939460796599,32.710422035476995
2025-07-01 04:29:23.076318,rack_4,319.0886407567831,32.9225883300779
2025-07-01 04:44:23.076318,rack_4,294.77093020367795,33.534922923251564
2025-07-01 04:59:23.076318,rack_4,259.4826782585692,33.575436780301345
2025-07-01 05:14:23.076318,rack_4,277.51964057739696,33.59124433600664
2025-07-01 05:29:23.076318,rack_4,269.2553285047116,32.34675788454376
2025-07-01 05:44:23.076318,rack_4,290.6646959462794,31.392859389320446
2025-07-01 05:59:23.076318,rack_4,295.76228245754373,35.239570663581745
2025-07-01 06:14:23.076318,rack_4,287.89182493881816,31.528057528931246
2025-07-01 06:29:23.076318,rack_4,255.3847180507297,34.39622465327991
2025-07-01 06:44:23.076318,rack_4,252.54527067701935,29.85427055362463
2025-07-01 06:59:23.076318,rack_4,312.5644545890693,31.74179344670773
2025-07-01 07:14:23.076318,rack_4,280.75277062939114,31.250923821377896
2025-07-01 07:29:23.076318,rack_4,299.66336674664,32.68946304528599
2025-07-01 07:44:23.076318,rack_4,310.666277829271,36.381462593453236
2025-07-01 07:59:23.076318,rack_4,297.54243874021927,30.054619305243584
2025-07-01 08:14:23.076318,rack_4,245.23128258772033,32.89633822340578
2025-07-01 08:29:23.076318,rack_4,266.62528990365564,32.20191413846386
2025-07-01 08:44:23.076318,rack_4,267.7011524742051,32.59354006530969
2025-07-01 08:59:23.076318,rack_4,304.60505991295844,34.90497649805179
2025-07-01 09:14:23.076318,rack_4,309.05704859071744,34.882905162937895
2025-07-01 09:29:23.076318,rack_4,275.34941773782117,30.794044384835885
2025-07-01 09:44:23.076318,rack_4,344.56347656923475,33.61849066660777
2025-07-01 09:59:23.076318,rack_4,257.182329860526,32.5615782931394
2025-07-01 10:14:23.076318,rack_4,256.23367512574407,32.81776747524321
2025-07-01 10:29:23.076318,rack_4,251.46180978357006,34.06020330507784
2025-07-01 10:44:23.076318,rack_4,309.04313369171757,33.509260800218755
2025-07-01 10:59:23.076318,rack_4,257.70554932467206,32.809372443764225
2025-07-01 11:14:23.076318,rack_4,211.30295985001823,31.257140919210954
2025-07-01 11:29:23.076318,rack_4,274.61690523057484,30.92130926454275
2025-07-01 11:44:23.076318,rack_4,288.01166299034037,30.88194737080233
2025-07-01 11:59:23.076318,rack_4,285.5364218264596,32.19547383710353
2025-07-01 12:14:23.076318,rack_4,280.6419739588214,29.38724451999755
2025-07-01 12:29:23.076318,rack_4,269.8138900080148,34.80949183694144
2025-07-01 12:44:23.076318,rack_4,281.79148939353684,34.24108239216177
2025-07-01 12:59:23.076318,rack_4,255.64569964173856,32.17644702205877
2025-07-01 13:14:23.076318,rack_4,267.06943904473894,33.21875872385531
2025-07-01 13:29:23.076318,rack_4,304.39756455212853,35.09157950583057
2025-07-01 13:44:23.076318,rack_4,288.483132264856,34.15152544740904
2025-07-01 13:59:23.076318,rack_4,342.407377651041,33.75030670805266
2025-07-01 14:14:23.076318,rack_4,343.9047907743676,33.69466062348605
2025-07-01 14:29:23.076318,rack_4,273.54792996218896,34.581725919573714
2025-07-01 14:44:23.076318,rack_4,291.1655104003668,33.84201645427609
2025-07-01 14:59:23.076318,rack_4,313.9605135122807,35.45985005964415
2025-07-01 15:14:23.076318,rack_4,249.70608135107875,31.29783522325057
2025-07-01 15:29:23.076318,rack_4,319.794644449471,35.684381669358075
2025-07-01 15:44:23.076318,rack_4,276.6210922113202,33.440792919939796
2025-07-01 15:59:23.076318,rack_4,352.5834480852273,32.7779391968204
2025-07-01 16:14:23.076318,rack_4,299.1897853667338,31.94323757947772
2025-07-01 16:29:23.076318,rack_4,286.31501698078955,33.466773376658026
2025-07-01 16:44:23.076318,rack_4,277.3055778051985,32.73615753347325
2025-07-01 16:59:23.076318,rack_4,307.6654318461634,32.67025138536886
2025-07-01 17:14:23.076318,rack_4,292.4413176183093,31.9163985352821
2025-07-01 17:29:23.076318,rack_4,283.46854311766634,33.376027285765154
2025-07-01 17:44:23.076318,rack_4,299.3322429310552,33.89855138755804
2025-07-01 17:59:23.076318,rack_4,323.5413565963153,32.978823579116494
2025-07-01 18:14:23.076318,rack_4,255.2159201939312,31.11056466228205
2025-07-01 18:29:23.076318,rack_4,308.86229612167966,34.283022503678886
2025-07-01 18:44:23.076318,rack_4,288.31387313346715,33.46572939710012
2025-07-01 18:59:23.076318,rack_4,249.68999493342707,33.485868917399934
2025-07-01 19:14:23.076318,rack_4,292.30917822575833,31.85817658224522
2025-07-01 19:29:23.076318,rack_4,331.87382571444635,30.773053978228027
2025-07-01 19:44:23.076318,rack_4,319.7989397241991,33.616346849764206
2025-07-01 19:59:23.076318,rack_4,258.1527332766841,32.09094139212968
2025-07-01 20:14:23.076318,rack_4,292.2184465298897,36.33286646603864
2025-07-01 20:29:23.076318,rack_4,258.4475652875927,33.79255329009642
2025-07-01 20:44:23.076318,rack_4,243.89662514341902,33.099894460127636
2025-07-01 20:59:23.076318,rack_4,276.71657556405256,33.74796149124323
2025-07-01 21:14:23.076318,rack_4,263.1417289608613,33.06161194131742
2025-07-01 21:29:23.076318,rack_4,291.5423801600109,34.83357726478128
2025-07-01 21:44:23.076318,rack_4,241.1457153875301,30.22469902615162
2025-07-01 21:59:23.076318,rack_4,259.74564010412,31.464134068035055
2025-07-01 22:14:23.076318,rack_4,285.76975818474,33.52769549733238
2025-07-01 22:29:23.076318,rack_4,266.95793830615787,29.805374212383963
2025-07-01 22:44:23.076318,rack_4,310.1654028728472,30.528924348200754
2025-07-01 22:59:23.076318,rack_4,304.1446494946478,31.55300768006405
2025-07-01 23:14:23.076318,rack_4,245.62082302570934,29.406409895426048
2025-07-01 23:29:23.076318,rack_4,233.91471984134628,31.319492853553797
2025-07-01 23:44:23.076318,rack_4,236.15142774957332,31.9814882341846
2025-07-01 23:59:23.076318,rack_4,235.25063012894873,32.38825550021339
2025-07-02 00:14:23.076318,rack_4,274.0215504686877,34.24627943221702
2025-07-02 00:29:23.076318,rack_4,312.25141215469176,34.696049317992
2025-07-02 00:44:23.076318,rack_4,355.8841457928721,34.618736965689
2025-07-02 00:59:23.076318,rack_4,292.38613751204497,32.20071606637559
2025-07-02 01:14:23.076318,rack_4,254.8801537059929,32.89915210272737
2025-07-02 01:29:23.076318,rack_4,305.7239607805949,32.05741490550429
2025-07-02 01:44:23.076318,rack_4,287.151149279519,34.05829139862698
2025-07-02 01:59:23.076318,rack_4,273.69890885117917,31.51860034855733
2025-07-02 02:14:23.076318,rack_4,281.10946132728856,30.219663699285498
2025-07-02 02:29:23.076318,rack_4,264.12120671691696,31.84848932912793
2025-07-02 02:44:23.076318,rack_4,289.3134126464719,34.519962378176565
2025-07-02 02:59:23.076318,rack_4,341.0172613456964,35.24496171291111
2025-07-02 03:14:23.076318,rack_4,281.71255784059315,34.77557224170689
2025-07-02 03:29:23.076318,rack_4,340.26806729834,34.36029502759615
2025-07-02 03:44:23.076318,rack_4,317.17133411861033,34.50105650840749
2025-07-02 03:59:23.076318,rack_4,251.681154054793,31.832843349929295
2025-07-02 04:14:23.076318,rack_4,331.64214392548763,35.171899962767746
2025-07-02 04:29:23.076318,rack_4,221.86039270580068,33.01563687094257
2025-07-02 04:44:23.076318,rack_4,274.43328890662843,34.059730406470834
2025-07-02 04:59:23.076318,rack_4,278.78560202448955,31.60133072821377
2025-07-02 05:14:23.076318,rack_4,261.47406642457736,33.91263622572217
2025-07-02 05:29:23.076318,rack_4,353.276101833467,33.289150566965745
2025-07-02 05:44:23.076318,rack_4,328.3969629612313,30.88326628157663
2025-07-02 05:59:23.076318,rack_4,286.4202687961841,32.40369893860905
2025-07-02 06:14:23.076318,rack_4,288.49347269192447,31.67047156338039
2025-07-02 06:29:23.076318,rack_4,303.7652171872285,31.887433678579132
2025-07-02 06:44:23.076318,rack_4,222.6560788399158,28.418653047287798
2025-07-02 06:59:23.076318,rack_4,315.1359037161726,32.316806937059795
2025-07-02 07:14:23.076318,rack_4,297.8418815524305,33.77600411056631
2025-07-02 07:29:23.076318,rack_4,308.3217947583881,34.9231726214077
2025-07-02 07:44:23.076318,rack_4,321.1881805990212,34.1078067708509
2025-07-02 07:59:23.076318,rack_4,266.17547837295007,33.41111590714209
2025-07-02 08:14:23.076318,rack_4,265.2090532902378,31.53837582283741
2025-07-02 08:29:23.076318,rack_4,251.1393536527005,32.69421420427004
2025-07-02 08:44:23.076318,rack_4,314.2926743236625,32.86150020856701
2025-07-02 08:59:23.076318,rack_4,274.770200408207,32.53671651566472
2025-07-02 09:14:23.076318,rack_4,284.9119000212723,33.431212112839766
2025-07-02 09:29:23.076318,rack_4,320.74542094021035,33.699996950563595
2025-07-02 09:44:23.076318,rack_4,255.42893985907565,32.43229453849264
2025-07-02 09:59:23.076318,rack_4,252.16794486716904,30.49337205133903
2025-07-02 10:14:23.076318,rack_4,278.79415256370316,32.93764135337532
2025-07-02 10:29:23.076318,rack_4,271.6474110680297,33.63124380513595
2025-07-02 10:44:23.076318,rack_4,345.50197721955453,36.22916871984787
2025-07-02 10:59:23.076318,rack_4,296.4957680337236,31.88499845545742
2025-07-02 11:14:23.076318,rack_4,241.99814482562687,29.94536702799137
2025-07-02 11:29:23.076318,rack_4,311.4537710885369,33.10596981344446
2025-07-02 11:44:23.076318,rack_4,285.1056961824263,32.69258522605441
2025-07-02 11:59:23.076318,rack_4,305.283085888292,33.349117394616826
2025-07-02 12:14:23.076318,rack_4,365.8258326497474,33.96415506930013
2025-07-02 12:29:23.076318,rack_4,279.38426673951716,33.84338490487627
2025-07-02 12:44:23.076318,rack_4,273.7715316884857,30.289372220700443
2025-07-02 12:59:23.076318,rack_4,269.5758103202072,29.547722056230416
2025-07-02 13:14:23.076318,rack_4,312.1037040350314,33.39759257332772
2025-07-02 13:29:23.076318,rack_4,247.17407772174062,32.99145097830936
2025-07-02 13:44:23.076318,rack_4,242.57174567318225,33.896967403961426
2025-07-02 13:59:23.076318,rack_4,332.5041585109399,33.41590693401862
2025-07-02 14:14:23.076318,rack_4,359.7578430532559,33.09298735006993
2025-07-02 14:29:23.076318,rack_4,300.2491867289287,32.90367381563096
2025-07-02 14:44:23.076318,rack_4,295.7760906842948,30.090120861907337
2025-07-02 14:59:23.076318,rack_4,229.1644395597802,28.138704286604053
2025-07-02 15:14:23.076318,rack_4,263.06767047388485,31.86763351886128
2025-07-02 15:29:23.076318,rack_4,300.9079732473423,34.13142556404558
2025-07-02 15:44:23.076318,rack_4,235.9247982043391,31.105420041060803
2025-07-02 15:59:23.076318,rack_4,268.61923294346565,31.456631875939483
2025-07-02 16:14:23.076318,rack_4,300.21718044059895,32.398797497396174
2025-07-02 16:29:23.076318,rack_4,251.8238072746375,31.4063722909329
2025-07-02 16:44:23.076318,rack_4,292.2363955109842,34.81214788135803
2025-07-02 16:59:23.076318,rack_4,324.233376584282,34.902880836391354
2025-07-02 17:14:23.076318,rack_4,292.5731333989747,32.75967399612948
2025-07-02 17:29:23.076318,rack_4,243.09522616151725,31.57813689307376
2025-07-02 17:44:23.076318,rack_4,299.28830780759125,33.11845117231377
2025-07-02 17:59:23.076318,rack_4,279.7381094627101,33.728464440800856
2025-07-02 18:14:23.076318,rack_4,289.92944755328983,29.988778436384866
2025-07-02 18:29:23.076318,rack_4,256.62991611055526,31.00426112318533
2025-07-02 18:44:23.076318,rack_4,276.3550066809736,33.96485774912438
2025-07-02 18:59:23.076318,rack_4,246.1417870675669,31.11263002722297
2025-07-02 19:14:23.076318,rack_4,278.0397533582284,30.66726236936246
2025-07-02 19:29:23.076318,rack_4,334.0876810542898,33.54529845987211
2025-07-02 19:44:23.076318,rack_4,279.2004335844907,32.32001966464093
2025-07-02 19:59:23.076318,rack_4,295.65588082060873,34.98427791440765
2025-07-02 20:14:23.076318,rack_4,297.24825187134627,29.44514223617638
2025-07-02 20:29:23.076318,rack_4,298.94089244878296,33.61656133038162
2025-07-02 20:44:23.076318,rack_4,284.0554502127026,31.4816182348285
2025-07-02 20:59:23.076318,rack_4,263.30470569999903,31.712149503043076
2025-07-02 21:14:23.076318,rack_4,273.0578434187461,33.68544349296626
2025-07-02 21:29:23.076318,rack_4,226.46967115208082,30.224388695947574
2025-07-02 21:44:23.076318,rack_4,303.28549627398286,31.50477255601269
2025-07-02 21:59:23.076318,rack_4,281.78639078266104,29.72798696236151
2025-07-02 22:14:23.076318,rack_4,307.8828624272553,31.488528010483982
2025-07-02 22:29:23.076318,rack_4,256.8692175216939,32.51606854398921
2025-07-02 22:44:23.076318,rack_4,303.4500041696391,32.89492928286914
2025-07-02 22:59:23.076318,rack_4,276.9670761309154,33.16511981701958
2025-07-02 23:14:23.076318,rack_4,272.67545187507454,32.541687028252035
2025-07-02 23:29:23.076318,rack_4,309.59164194991945,32.14642327724783
2025-07-02 23:44:23.076318,rack_4,240.68679670999467,30.80833620895773
2025-07-02 23:59:23.076318,rack_4,282.6729848728408,31.64895276398349
2025-07-03 00:14:23.076318,rack_4,245.17404560527842,32.34637458975407
2025-07-03 00:29:23.076318,rack_4,276.83823018473095,33.43870427508545
2025-07-03 00:44:23.076318,rack_4,329.34995457254615,31.518310763175975
2025-07-03 00:59:23.076318,rack_4,244.18302760593647,31.58378867150561
2025-07-03 01:14:23.076318,rack_4,239.473114877061,31.407145381560508
2025-07-03 01:29:23.076318,rack_4,390.6044379399329,36.01222207569384
2025-07-03 01:44:23.076318,rack_4,294.45997933103513,31.750953578047977
2025-07-03 01:59:23.076318,rack_4,276.4878882527136,32.162848235211456
2025-07-03 02:14:23.076318,rack_4,332.13619962196685,36.33354346753068
2025-07-03 02:29:23.076318,rack_4,276.8706748567984,32.41951998334409
2025-07-03 02:44:23.076318,rack_4,255.13930516981316,31.713217756415876
2025-07-03 02:59:23.076318,rack_4,350.35085730474464,35.001848793662724
2025-07-03 03:14:23.076318,rack_4,274.51127867807406,33.506623136317614
2025-07-03 03:29:23.076318,rack_4,298.3385909577615,30.21530646991574
2025-07-03 03:44:23.076318,rack_4,258.10124101171857,30.826775673474152
2025-07-03 03:59:23.076318,rack_4,288.8485257208189,32.30349585986303
2025-07-03 04:14:23.076318,rack_4,267.07671739666614,31.111024049857384
2025-07-03 04:29:23.076318,rack_4,294.40450088128864,32.71180993644977
2025-07-03 04:44:23.076318,rack_4,280.2688466868506,31.69039076567598
2025-07-03 04:59:23.076318,rack_4,251.17707621369215,29.704525784792907
2025-07-03 05:14:23.076318,rack_4,351.4700556031287,33.034051173881664
2025-07-03 05:29:23.076318,rack_4,276.36166918906576,33.28309940427228
2025-07-03 05:44:23.076318,rack_4,274.1287397708505,29.86738482695016
2025-07-03 05:59:23.076318,rack_4,216.79397991946928,29.427062870240416
2025-07-03 06:14:23.076318,rack_4,291.0548145120091,33.99294258776636
2025-07-03 06:29:23.076318,rack_4,321.31549696303074,33.0659810597169
2025-07-03 06:44:23.076318,rack_4,270.3917915480565,32.428579010382535
2025-07-03 06:59:23.076318,rack_4,243.80842248763156,30.90674878726734
2025-07-03 07:14:23.076318,rack_4,230.76328017943757,30.88036005606504
2025-07-03 07:29:23.076318,rack_4,266.593439679351,32.495740234521634
2025-07-03 07:44:23.076318,rack_4,302.3649554063599,33.14705650097705
2025-07-03 07:59:23.076318,rack_4,308.05146464874576,33.440834741416346
2025-07-03 08:14:23.076318,rack_4,298.7931505227792,34.57253314673614
2025-07-03 08:29:23.076318,rack_4,277.10460218915927,33.21773342159842
2025-07-03 08:44:23.076318,rack_4,243.38912512962344,29.072564578917284
2025-07-03 08:59:23.076318,rack_4,341.5860387612788,33.59177987876607
2025-07-03 09:14:23.076318,rack_4,240.4929114162886,30.14270762623517
2025-07-03 09:29:23.076318,rack_4,282.1867324654804,34.64881604975329
2025-07-03 09:44:23.076318,rack_4,260.0011480050967,31.206860413133615
2025-07-03 09:59:23.076318,rack_4,254.6358192571151,32.599699250560406
2025-07-03 10:14:23.076318,rack_4,258.43036365366527,32.964197119149404
2025-07-03 10:29:23.076318,rack_4,251.1422285448608,31.8361124731177
2025-07-03 10:44:23.076318,rack_4,294.2595086483566,33.82660856617789
2025-07-03 10:59:23.076318,rack_4,287.97094563816654,33.30708995254312
2025-07-03 11:14:23.076318,rack_4,287.4942807528108,31.51457131854817
2025-07-03 11:29:23.076318,rack_4,252.8597015944113,34.59975749026915
2025-07-03 11:44:23.076318,rack_4,263.1992203354972,31.17958369199023
2025-07-03 11:59:23.076318,rack_4,332.2369211911044,35.140803704440145
2025-07-03 12:14:23.076318,rack_4,306.1840903723051,31.545354037046913
2025-07-03 12:29:23.076318,rack_4,242.50152690479356,30.99912009756352
2025-07-03 12:44:23.076318,rack_4,270.3944969659874,30.07792763520017
2025-07-03 12:59:23.076318,rack_4,223.00721210500947,31.125991767998926
2025-07-03 13:14:23.076318,rack_4,273.82035704401545,32.46760488211406
2025-07-03 13:29:23.076318,rack_4,258.6438486304127,31.82421927703951
2025-07-03 13:44:23.076318,rack_4,281.48691942237457,32.66118301835226
2025-07-03 13:59:23.076318,rack_4,281.9354172170802,31.830122166796528
2025-07-03 14:14:23.076318,rack_4,249.8768053831651,30.858162660495008
2025-07-03 14:29:23.076318,rack_4,272.25290116578003,32.238505489859726
2025-07-03 14:44:23.076318,rack_4,323.59900967921226,35.7816342279588
2025-07-03 14:59:23.076318,rack_4,287.8956015239883,33.68811505607301
2025-07-03 15:14:23.076318,rack_4,284.6048539392826,29.661173804672877
2025-07-03 15:29:23.076318,rack_4,273.0035252882863,32.9526680505824
2025-07-03 15:44:23.076318,rack_4,260.1942333756981,29.05869249272985
2025-07-03 15:59:23.076318,rack_4,307.6746367371982,32.333409770612995
2025-07-03 16:14:23.076318,rack_4,294.6386408524715,29.53153893788559
2025-07-03 16:29:23.076318,rack_4,263.21453944837924,31.511855354599145
2025-07-03 16:44:23.076318,rack_4,295.07874141657953,34.60229175577665
2025-07-03 16:59:23.076318,rack_4,291.26275285678344,34.618542315592094
2025-07-03 17:14:23.076318,rack_4,237.0378096649169,27.755178288419465
2025-07-03 17:29:23.076318,rack_4,249.2926010319532,31.16099381119618
2025-07-03 17:44:23.076318,rack_4,210.30277458619122,33.121498404238125
2025-07-03 17:59:23.076318,rack_4,260.82522932679785,31.760172608915106
2025-07-03 18:14:23.076318,rack_4,263.57765831671423,31.163964155439
2025-07-03 18:29:23.076318,rack_4,271.1787871293014,34.331005232658526
2025-07-03 18:44:23.076318,rack_4,271.0829161945683,33.20409211524468
2025-07-03 18:59:23.076318,rack_4,330.82237731573446,35.3648939073242
2025-07-03 19:14:23.076318,rack_4,255.7774323996129,29.14606724109284
2025-07-03 19:29:23.076318,rack_4,338.0372823002276,32.796161751919726
2025-07-03 19:44:23.076318,rack_4,285.56506700497033,31.122753432058026
2025-07-03 19:59:23.076318,rack_4,314.54330470399356,31.291449619722705
2025-07-03 20:14:23.076318,rack_4,250.98285583852538,33.037439360996395
2025-07-03 20:29:23.076318,rack_4,275.05397363245726,32.065875156020745
2025-07-03 20:44:23.076318,rack_4,229.4186721176348,31.459348332351475
2025-07-03 20:59:23.076318,rack_4,249.43895869506,29.224690935354488
2025-07-03 21:14:23.076318,rack_4,314.45093031024817,32.9397662700185
2025-07-03 21:29:23.076318,rack_4,338.7538208670209,34.70724427966981
2025-07-03 21:44:23.076318,rack_4,263.1830824305855,31.70106434424777
2025-07-03 21:59:23.076318,rack_4,272.28006361620965,36.32447421021176
2025-07-03 22:14:23.076318,rack_4,258.23700575368946,33.27450887742009
2025-07-03 22:29:23.076318,rack_4,276.26991040584363,30.659682230396093
2025-07-03 22:44:23.076318,rack_4,260.6349705574185,33.838900915440995
2025-07-03 22:59:23.076318,rack_4,324.483020713853,33.472303245346744
2025-07-03 23:14:23.076318,rack_4,275.9702271336276,30.493393611328372
2025-07-03 23:29:23.076318,rack_4,269.2413414517931,31.532083123694722
2025-07-03 23:44:23.076318,rack_4,291.2183904533676,32.601409449752296
2025-07-03 23:59:23.076318,rack_4,328.54487831473153,34.707190885982634
2025-07-04 00:14:23.076318,rack_4,299.0178710619905,33.980159096634665
2025-07-04 00:29:23.076318,rack_4,280.4125909167688,32.609626146153786
2025-07-04 00:44:23.076318,rack_4,235.09984766117717,31.9351842513256
2025-07-04 00:59:23.076318,rack_4,327.9999624552336,34.31136770459895
2025-07-04 01:14:23.076318,rack_4,231.57552614865995,33.88085097639229
2025-07-04 01:29:23.076318,rack_4,257.0832868124055,29.919601746478765
2025-07-04 01:44:23.076318,rack_4,268.05050673265373,31.074919839221582
2025-07-04 01:59:23.076318,rack_4,303.9231886161418,31.88007273264365
2025-07-04 02:14:23.076318,rack_4,250.49482132179583,30.850483729206974
2025-07-04 02:29:23.076318,rack_4,264.9543446833947,32.42524183520007
2025-07-04 02:44:23.076318,rack_4,255.78420999691897,31.353160125585262
2025-07-04 02:59:23.076318,rack_4,312.54155061487324,33.5639755566029
2025-07-04 03:14:23.076318,rack_4,245.09136759232638,33.351750900933546
2025-07-04 03:29:23.076318,rack_4,260.66736309589413,31.06241725248019
2025-07-04 03:44:23.076318,rack_4,307.08780413268386,32.98608087844797
2025-07-04 03:59:23.076318,rack_4,274.53576463669935,32.302130956248234
2025-07-04 04:14:23.076318,rack_4,303.5361058027707,32.451301721774506
2025-07-04 04:29:23.076318,rack_4,301.2391363786776,31.232517143457496
2025-07-04 04:44:23.076318,rack_4,263.20461952971493,30.13752702400033
2025-07-04 04:59:23.076318,rack_4,279.1450964224012,35.047733094566475
2025-07-04 05:14:23.076318,rack_4,278.75366453323653,31.983108049523704
2025-07-04 05:29:23.076318,rack_4,308.47155642922866,33.29306453881381
2025-07-04 05:44:23.076318,rack_4,297.04465900871577,33.94673042729399
2025-07-04 05:59:23.076318,rack_4,316.2028024753193,33.722693585988786
2025-07-04 06:14:23.076318,rack_4,294.0942027706002,31.09924111302167
2025-07-04 06:29:23.076318,rack_4,259.45276741263973,29.601247499292846
2025-07-04 06:44:23.076318,rack_4,264.9562867501442,32.016314757001005
2025-07-04 06:59:23.076318,rack_4,308.5458137948788,34.64510016681709
2025-07-04 07:14:23.076318,rack_4,331.8414280909815,34.619732799374795
2025-07-04 07:29:23.076318,rack_4,326.40040983213487,34.19016426789111
2025-07-04 07:44:23.076318,rack_4,255.57219431363387,32.062582401657934
2025-07-04 07:59:23.076318,rack_4,287.44028502690827,32.28094669093903
2025-07-04 08:14:23.076318,rack_4,310.77517053759937,33.92356934958484
2025-07-04 08:29:23.076318,rack_4,254.24286460994227,32.5753480991901
2025-07-04 08:44:23.076318,rack_4,242.12146788122567,31.067163513887532
2025-07-04 08:59:23.076318,rack_4,303.3809479542209,35.244513178475025
2025-07-04 09:14:23.076318,rack_4,320.8570540536681,31.857643540504125
2025-07-04 09:29:23.076318,rack_4,248.69916515873604,32.518031988204335
2025-07-04 09:44:23.076318,rack_4,306.3321660468549,32.83847854090032
2025-07-04 09:59:23.076318,rack_4,306.9529981261423,34.555771719485705
2025-07-04 10:14:23.076318,rack_4,281.2523184297165,28.855845315493767
2025-07-04 10:29:23.076318,rack_4,259.282076748432,31.170699071530404
2025-07-04 10:44:23.076318,rack_4,307.31528857240585,33.155583423533706
2025-07-04 10:59:23.076318,rack_4,319.7186673001764,33.64042426029587
2025-07-04 11:14:23.076318,rack_4,277.2445844626017,35.03127930716528
2025-07-04 11:29:23.076318,rack_4,239.39309057236812,29.787179243709215
2025-07-04 11:44:23.076318,rack_4,305.8659733673496,34.63568790093939
2025-07-04 11:59:23.076318,rack_4,316.8470815972761,33.25915191620254
2025-07-04 12:14:23.076318,rack_4,273.7208779815809,31.684379680020715
2025-07-04 12:29:23.076318,rack_4,306.3747280885663,30.91691804598662
2025-07-04 12:44:23.076318,rack_4,287.1549136457845,29.83257978219778
2025-07-04 12:59:23.076318,rack_4,237.80271254969807,31.99981151184662
2025-07-04 13:14:23.076318,rack_4,318.17823735041117,34.16750408775671
2025-07-04 13:29:23.076318,rack_4,216.96686381817548,30.99059187025088
2025-07-04 13:44:23.076318,rack_4,251.57154262319006,32.281287277367106
2025-07-04 13:59:23.076318,rack_4,327.4490444999657,34.24212448319831
2025-07-04 14:14:23.076318,rack_4,274.79461607693986,32.247927327606796
2025-07-04 14:29:23.076318,rack_4,296.2661972927708,31.43436040977247
2025-07-04 14:44:23.076318,rack_4,344.74439781375355,35.23688717830766
2025-07-04 14:59:23.076318,rack_4,295.8552967620764,35.092107177416096
2025-07-04 15:14:23.076318,rack_4,286.77249993126804,31.732273163369562
2025-07-04 15:29:23.076318,rack_4,296.7380258536424,33.84333362270154
2025-07-04 15:44:23.076318,rack_4,331.83137241192264,33.01655309278992
2025-07-04 15:59:23.076318,rack_4,292.87081288841097,32.93323788704758
2025-07-04 16:14:23.076318,rack_4,258.06051019133514,31.37185939068413
2025-07-04 16:29:23.076318,rack_4,269.7532270720259,29.046167461769073
2025-07-04 16:44:23.076318,rack_4,236.1829966028113,29.007759617567473
2025-07-04 16:59:23.076318,rack_4,337.0988060248864,31.927770139268596
2025-07-04 17:14:23.076318,rack_4,296.231868064742,31.15823770024134
2025-07-04 17:29:23.076318,rack_4,309.2397315847898,33.586727303506756
2025-07-04 17:44:23.076318,rack_4,239.66981505460717,30.518399131770188
2025-07-04 17:59:23.076318,rack_4,232.9985996188567,32.48115850905663
2025-07-04 18:14:23.076318,rack_4,283.21777417688685,32.90290318876705
2025-07-04 18:29:23.076318,rack_4,248.04099623102996,32.05228603681917
2025-07-04 18:44:23.076318,rack_4,304.37250470793583,30.57195562592222
2025-07-04 18:59:23.076318,rack_4,294.0178828598703,30.928323718610518
2025-07-04 19:14:23.076318,rack_4,311.99771200591283,33.324343940362766
2025-07-04 19:29:23.076318,rack_4,314.82936085943226,31.689401089378144
2025-07-04 19:44:23.076318,rack_4,242.60885089623764,33.56497071772545
2025-07-04 19:59:23.076318,rack_4,253.74762607682365,30.34009459795249
2025-07-04 20:14:23.076318,rack_4,241.5745095430785,30.73023640964193
2025-07-04 20:29:23.076318,rack_4,301.9771190827755,32.986109162540394
2025-07-04 20:44:23.076318,rack_4,268.2407658937641,33.60982973679118
2025-07-04 20:59:23.076318,rack_4,309.306030367683,34.893155624607076
2025-07-04 21:14:23.076318,rack_4,248.51852293678886,29.990930756328705
2025-07-04 21:29:23.076318,rack_4,285.09199250067184,32.81780524741601
2025-07-04 21:44:23.076318,rack_4,317.15874575297147,33.11211105388989
2025-07-04 21:59:23.076318,rack_4,228.10881923610657,31.780226396302897
2025-07-04 22:14:23.076318,rack_4,321.5924766989446,34.85860347609202
2025-07-04 22:29:23.076318,rack_4,316.47251082499366,34.179952510914596
2025-07-04 22:44:23.076318,rack_4,257.58835710723486,31.844503895874944
2025-07-04 22:59:23.076318,rack_4,283.8101433557358,32.69223871427945
2025-07-04 23:14:23.076318,rack_4,314.1174192325582,33.192012599044695
2025-07-04 23:29:23.076318,rack_4,286.5246520332512,31.848383320467537
2025-07-04 23:44:23.076318,rack_4,274.34527244923,34.42850490028024
2025-07-04 23:59:23.076318,rack_4,258.06375159838353,30.59660007235177
2025-07-05 00:14:23.076318,rack_4,270.9900377081088,31.563557934700277
2025-07-05 00:29:23.076318,rack_4,294.14069943469065,32.74322292447137
2025-07-05 00:44:23.076318,rack_4,223.20588371361038,28.51915681820196
2025-07-05 00:59:23.076318,rack_4,272.9087705137733,32.43523182620844
2025-07-05 01:14:23.076318,rack_4,259.76364664437943,31.671343313908064
2025-07-05 01:29:23.076318,rack_4,287.9904883136928,32.0789894814567
2025-07-05 01:44:23.076318,rack_4,353.5420743146318,35.59006496631255
2025-07-05 01:59:23.076318,rack_4,312.4214395425713,32.577791256461886
2025-07-05 02:14:23.076318,rack_4,281.795638650603,33.71860218403973
2025-07-05 02:29:23.076318,rack_4,286.42850672663667,32.987711302374315
2025-07-05 02:44:23.076318,rack_4,259.70291159231726,31.711570229433864
2025-07-05 02:59:23.076318,rack_4,306.3883978215217,36.3797917491181
2025-07-05 03:14:23.076318,rack_4,216.41808088279026,31.970380134179408
2025-07-05 03:29:23.076318,rack_4,249.62966033842002,31.56375311407952
2025-07-05 03:44:23.076318,rack_4,271.18836108226753,34.40561231513575
2025-07-05 03:59:23.076318,rack_4,279.48449225137773,33.41149466190802
2025-07-05 04:14:23.076318,rack_4,283.4741945454207,33.32850882466706
2025-07-05 04:29:23.076318,rack_4,277.75118519569764,32.033565818173656
2025-07-05 04:44:23.076318,rack_4,258.6061339215663,33.386401654258584
2025-07-05 04:59:23.076318,rack_4,257.4668598410975,32.68520342062993
2025-07-05 05:14:23.076318,rack_4,277.6543848170597,27.910524249136866
2025-07-05 05:29:23.076318,rack_4,275.645096749929,31.580732286978105
2025-07-05 05:44:23.076318,rack_4,347.0437422537504,34.64633738321498
2025-07-05 05:59:23.076318,rack_4,292.5098465535317,33.29232464662687
2025-07-05 06:14:23.076318,rack_4,279.2041058229082,33.486834023995435
2025-07-05 06:29:23.076318,rack_4,239.95883867073653,32.07439625033672
2025-07-05 06:44:23.076318,rack_4,301.6832575037916,33.43407063697613
2025-07-05 06:59:23.076318,rack_4,285.9702165080905,34.63109240644569
2025-07-05 07:14:23.076318,rack_4,283.88127167011027,30.054235557449182
2025-07-05 07:29:23.076318,rack_4,281.28272454860496,32.44477129128484
2025-07-05 07:44:23.076318,rack_4,299.0526841034513,31.15803470769394
2025-07-05 07:59:23.076318,rack_4,284.643155279229,30.33179823272716
2025-07-05 08:14:23.076318,rack_4,270.70005986799714,33.302569819951906
2025-07-05 08:29:23.076318,rack_4,220.06355231987237,31.32751783092168
2025-07-05 08:44:23.076318,rack_4,263.1939962183497,32.15457107292674
2025-07-05 08:59:23.076318,rack_4,241.33830810248327,30.01034831277032
2025-07-05 09:14:23.076318,rack_4,320.6482087132622,35.89545449946957
2025-07-05 09:29:23.076318,rack_4,257.70698842170117,32.89695960730899
2025-07-05 09:44:23.076318,rack_4,305.4074704924822,33.35701987569865
2025-07-05 09:59:23.076318,rack_4,269.9016854311182,34.2830457738772
2025-07-05 10:14:23.076318,rack_4,362.26949714272587,37.59052000879161
2025-07-05 10:29:23.076318,rack_4,300.5199799507564,32.03250366886496
2025-07-05 10:44:23.076318,rack_4,329.4469660484957,36.38870589276234
2025-07-05 10:59:23.076318,rack_4,308.42935009133555,33.551812744765854
2025-07-05 11:14:23.076318,rack_4,301.95847682051703,33.64020537371577
2025-07-05 11:29:23.076318,rack_4,338.37246816938836,34.69997308529876
2025-07-05 11:44:23.076318,rack_4,268.12246892277295,29.328056706605693
2025-07-05 11:59:23.076318,rack_4,317.74444419504295,30.949091230409028
2025-07-05 12:14:23.076318,rack_4,309.4238912837261,29.518631208367463
2025-07-05 12:29:23.076318,rack_4,279.3680304588652,32.52224155108774
2025-07-05 12:44:23.076318,rack_4,250.0265708065009,30.910800618555882
2025-07-05 12:59:23.076318,rack_4,307.7153311961742,32.76957954735805
2025-07-05 13:14:23.076318,rack_4,293.45725164812166,32.15783598220481
2025-07-05 13:29:23.076318,rack_4,331.6796142322057,33.84163398971153
2025-07-05 13:44:23.076318,rack_4,264.28219485916935,31.373920948815865
2025-07-05 13:59:23.076318,rack_4,319.22328350143346,33.01249698117104
2025-07-05 14:14:23.076318,rack_4,270.47441665651405,31.984982474523175
2025-07-05 14:29:23.076318,rack_4,310.33655011062297,34.48347094308595
2025-07-05 14:44:23.076318,rack_4,289.29581366548786,31.81692942940401
2025-07-05 14:59:23.076318,rack_4,255.57174902897836,33.20803413341072
2025-07-05 15:14:23.076318,rack_4,316.0863700753441,31.988555992227543
2025-07-05 15:29:23.076318,rack_4,257.74459564225833,31.126303454785035
2025-07-05 15:44:23.076318,rack_4,281.8437750171535,33.4412951487362
2025-07-05 15:59:23.076318,rack_4,258.2615997045921,29.33965121178974
2025-07-05 16:14:23.076318,rack_4,299.05196124442216,32.5280968250853
2025-07-05 16:29:23.076318,rack_4,271.24690088066535,30.926644447936706
2025-07-05 16:44:23.076318,rack_4,370.0906953521557,32.31102446613004
2025-07-05 16:59:23.076318,rack_4,326.56159806346204,32.07941032731704
2025-07-05 17:14:23.076318,rack_4,295.54975390169847,31.69083046702698
2025-07-05 17:29:23.076318,rack_4,295.237707039463,33.27731126878577
2025-07-05 17:44:23.076318,rack_4,273.07194823374067,31.08605522825743
2025-07-05 17:59:23.076318,rack_4,254.34996234077124,31.704176290524558
2025-07-05 18:14:23.076318,rack_4,245.87206560684695,32.70896012676853
2025-07-05 18:29:23.076318,rack_4,279.4789694550817,33.14041096573202
2025-07-05 18:44:23.076318,rack_4,244.52188885684603,30.252231120717195
2025-07-05 18:59:23.076318,rack_4,292.7882598015865,31.106162413432852
2025-07-05 19:14:23.076318,rack_4,292.9971033446656,31.46545639533492
2025-07-05 19:29:23.076318,rack_4,292.1121485392804,33.46116321128389
2025-07-05 19:44:23.076318,rack_4,283.8090341947453,32.41105465032326
2025-07-05 19:59:23.076318,rack_4,310.72935521252003,33.35323465267857
2025-07-05 20:14:23.076318,rack_4,274.7576528870826,31.156163401585705
2025-07-05 20:29:23.076318,rack_4,320.6615891475276,33.52572274048814
2025-07-05 20:44:23.076318,rack_4,338.12377881047576,34.40613142742107
2025-07-05 20:59:23.076318,rack_4,311.79732037091003,36.318614985615106
2025-07-05 21:14:23.076318,rack_4,253.04723059347907,30.946490875015183
2025-07-05 21:29:23.076318,rack_4,297.44043888273796,33.665947929495175
2025-07-05 21:44:23.076318,rack_4,268.4131473461265,32.876471730979716
2025-07-05 21:59:23.076318,rack_4,247.03103186295556,31.835323349109782
2025-07-05 22:14:23.076318,rack_4,289.8374227567258,33.95783995542036
2025-07-05 22:29:23.076318,rack_4,275.7115192004585,29.55221463033382
2025-07-05 22:44:23.076318,rack_4,320.3302346527286,31.83035041587307
2025-07-05 22:59:23.076318,rack_4,281.8626170189854,33.66123986300205
2025-07-05 23:14:23.076318,rack_4,321.7905296914853,34.24757240762687
2025-07-05 23:29:23.076318,rack_4,306.1517799642683,34.43958930501006
2025-07-05 23:44:23.076318,rack_4,244.49905885576453,31.75075450507531
2025-07-05 23:59:23.076318,rack_4,345.94128320600214,37.102876874769535
2025-07-06 00:14:23.076318,rack_4,285.35097152515243,31.32326268087803
2025-07-06 00:29:23.076318,rack_4,277.8947522420201,33.654704526397545
2025-07-06 00:44:23.076318,rack_4,269.79284821258824,32.11437606499224
2025-07-06 00:59:23.076318,rack_4,262.97881045498826,32.15012364331472
2025-07-06 01:14:23.076318,rack_4,329.9467448043416,32.510454997918366
2025-07-06 01:29:23.076318,rack_4,217.17980094329363,28.2314118153223
2025-07-06 01:44:23.076318,rack_4,300.59538962665175,31.619074350873127
2025-07-06 01:59:23.076318,rack_4,287.22990310492844,34.482388965703755
2025-07-06 02:14:23.076318,rack_4,263.38902665175624,31.983004124623037
2025-07-06 02:29:23.076318,rack_4,281.7533713290587,32.686925614934914
2025-07-06 02:44:23.076318,rack_4,296.3524183954456,34.06523869550713
2025-07-06 02:59:23.076318,rack_4,298.43935122915013,31.52382171681692
2025-07-06 03:14:23.076318,rack_4,296.9237332829534,34.28086621509454
2025-07-06 03:29:23.076318,rack_4,245.04901159800045,31.69672994081608
2025-07-06 03:44:23.076318,rack_4,244.07510127777556,31.540701926824152
2025-07-06 03:59:23.076318,rack_4,276.90705403620404,31.675089903649454
2025-07-06 04:14:23.076318,rack_4,269.5183375091627,33.17702164406158
2025-07-06 04:29:23.076318,rack_4,312.6088458759391,33.52025519690042
2025-07-06 04:44:23.076318,rack_4,245.33900954381508,29.784777721698486
2025-07-06 04:59:23.076318,rack_4,208.91467084595712,32.250127255844355
2025-07-06 05:14:23.076318,rack_4,302.90471043321986,34.19645631360317
2025-07-06 05:29:23.076318,rack_4,301.57598129183657,30.260686528445145
2025-07-06 05:44:23.076318,rack_4,312.6455980055781,32.09506927096077
2025-07-06 05:59:23.076318,rack_4,209.3319841782843,32.322336057649395
2025-07-06 06:14:23.076318,rack_4,319.7788976853035,34.46115630502105
2025-07-06 06:29:23.076318,rack_4,287.04016113283484,33.45995186790225
2025-07-06 06:44:23.076318,rack_4,292.97674774580867,35.08144592797967
2025-07-06 06:59:23.076318,rack_4,277.75671834811794,33.691800895928935
2025-07-06 07:14:23.076318,rack_4,299.93236082282,34.399202751637894
2025-07-06 07:29:23.076318,rack_4,274.189250991921,33.88639919643175
2025-07-06 07:44:23.076318,rack_4,253.62834050695443,28.958742101589294
2025-07-06 07:59:23.076318,rack_4,275.1225035828842,34.736103549305305
2025-07-06 08:14:23.076318,rack_4,276.8699250076275,31.14390710564048
2025-07-06 08:29:23.076318,rack_4,276.54060548068765,32.00627832826127
2025-07-06 08:44:23.076318,rack_4,257.34912046872296,32.34329138198209
2025-07-06 08:59:23.076318,rack_4,258.36210469049337,33.713675373659626
2025-07-06 09:14:23.076318,rack_4,261.4380354681928,33.98319570300765
2025-07-06 09:29:23.076318,rack_4,290.5974944829418,37.684686420118425
2025-07-06 09:44:23.076318,rack_4,295.7340672596479,30.579467702835885
2025-07-06 09:59:23.076318,rack_4,293.47413345127495,33.67653675815058
2025-07-06 10:14:23.076318,rack_4,317.4556243941115,34.920146351990994
2025-07-06 10:29:23.076318,rack_4,305.8022340101341,31.480467260213285
2025-07-06 10:44:23.076318,rack_4,299.9185408868487,35.14875446833449
2025-07-06 10:59:23.076318,rack_4,279.9308838572492,35.527432205608484
2025-07-06 11:14:23.076318,rack_4,266.7971026324853,32.03373203949549
2025-07-06 11:29:23.076318,rack_4,277.8722339926781,33.67902964566303
2025-07-06 11:44:23.076318,rack_4,268.10396684601744,31.932708018970462
2025-07-06 11:59:23.076318,rack_4,291.4076709093198,34.39422741927514
2025-07-06 12:14:23.076318,rack_4,237.73337324368288,27.887130077155565
2025-07-06 12:29:23.076318,rack_4,263.88564490014767,31.10618985721072
2025-07-06 12:44:23.076318,rack_4,299.768682940342,30.11897718280514
2025-07-06 12:59:23.076318,rack_4,327.2515135458124,33.35203965124957
2025-07-06 13:14:23.076318,rack_4,295.47147503741286,34.35857203819709
2025-07-06 13:29:23.076318,rack_4,220.24764902128348,31.758115714994847
2025-07-06 13:44:23.076318,rack_4,222.90654351015417,30.0038090728211
2025-07-06 13:59:23.076318,rack_4,286.43286919150455,33.41667184948466
2025-07-06 14:14:23.076318,rack_4,259.0338188735222,29.376115579763145
2025-07-06 14:29:23.076318,rack_4,267.3946635261003,31.11069067071038
2025-07-06 14:44:23.076318,rack_4,293.8900207239261,33.77979992498712
2025-07-06 14:59:23.076318,rack_4,357.1226073906266,37.136464629565374
2025-07-06 15:14:23.076318,rack_4,318.1197976040477,33.06577906879866
2025-07-06 15:29:23.076318,rack_4,298.0371849864753,35.1353370186928
2025-07-06 15:44:23.076318,rack_4,304.8827526227567,34.34522362234192
2025-07-06 15:59:23.076318,rack_4,308.5025948414496,33.49344957503407
2025-07-06 16:14:23.076318,rack_4,312.1804777492547,32.934548572679255
2025-07-06 16:29:23.076318,rack_4,269.7061144265837,32.10116765920598
2025-07-06 16:44:23.076318,rack_4,315.09862082973945,32.886779771292986
2025-07-06 16:59:23.076318,rack_4,286.13684594051745,32.27405620930388
2025-07-06 17:14:23.076318,rack_4,280.526304405355,30.57594195673096
2025-07-06 17:29:23.076318,rack_4,237.4796500693538,29.58043351245724
2025-07-06 17:44:23.076318,rack_4,326.1274579137892,31.711346518674812
2025-06-29 17:59:23.076318,rack_5,389.50214346267353,36.253818534941786
2025-06-29 18:14:23.076318,rack_5,352.8869457252114,36.08391645164655
2025-06-29 18:29:23.076318,rack_5,307.4230519910624,33.13779688247201
2025-06-29 18:44:23.076318,rack_5,379.440359354783,33.14715141873517
2025-06-29 18:59:23.076318,rack_5,354.48641844961736,35.067026948403715
2025-06-29 19:14:23.076318,rack_5,319.4731400619392,33.226733208959985
2025-06-29 19:29:23.076318,rack_5,280.4730344707632,32.77355325639703
2025-06-29 19:44:23.076318,rack_5,279.64567438711583,33.40283403368544
2025-06-29 19:59:23.076318,rack_5,368.64977444489,32.943984412559026
2025-06-29 20:14:23.076318,rack_5,361.0158381476143,36.18981645867293
2025-06-29 20:29:23.076318,rack_5,327.6112830684713,33.72996916071291
2025-06-29 20:44:23.076318,rack_5,331.6477701618814,32.67308437294879
2025-06-29 20:59:23.076318,rack_5,300.98707335459824,34.3935882142424
2025-06-29 21:14:23.076318,rack_5,329.96549173880214,33.17206295272914
2025-06-29 21:29:23.076318,rack_5,328.61279032488136,35.42145588107753
2025-06-29 21:44:23.076318,rack_5,288.21556490029485,30.616480853410692
2025-06-29 21:59:23.076318,rack_5,323.73420581600016,35.42516127890788
2025-06-29 22:14:23.076318,rack_5,309.9107374105005,30.840186447291586
2025-06-29 22:29:23.076318,rack_5,330.71894834636174,33.689272198542064
2025-06-29 22:44:23.076318,rack_5,359.80940978331756,36.43677466318924
2025-06-29 22:59:23.076318,rack_5,330.2471819703793,32.448009992034585
2025-06-29 23:14:23.076318,rack_5,387.4869537262817,34.492252734303854
2025-06-29 23:29:23.076318,rack_5,256.88438745588036,30.170529676799926
2025-06-29 23:44:23.076318,rack_5,354.1770054895247,34.85797373322804
2025-06-29 23:59:23.076318,rack_5,338.946146683727,31.730082333113355
2025-06-30 00:14:23.076318,rack_5,332.65248204927076,34.48816185666219
2025-06-30 00:29:23.076318,rack_5,333.37709975976946,34.37897841034687
2025-06-30 00:44:23.076318,rack_5,302.43117943332663,32.43859582672578
2025-06-30 00:59:23.076318,rack_5,326.5757397640497,31.14296887834806
2025-06-30 01:14:23.076318,rack_5,352.8827011852317,35.74992587336521
2025-06-30 01:29:23.076318,rack_5,298.75955761439906,31.855200801437846
2025-06-30 01:44:23.076318,rack_5,352.7811590309241,32.8376675511506
2025-06-30 01:59:23.076318,rack_5,346.07307542041997,34.691201629142796
2025-06-30 02:14:23.076318,rack_5,322.31727147611963,32.73436396801775
2025-06-30 02:29:23.076318,rack_5,294.0335789288207,33.02495983135641
2025-06-30 02:44:23.076318,rack_5,299.9219856144817,30.986432191937695
2025-06-30 02:59:23.076318,rack_5,339.9861538056691,30.892830863516377
2025-06-30 03:14:23.076318,rack_5,413.2774425754054,36.100296746588654
2025-06-30 03:29:23.076318,rack_5,300.9574594129456,32.69149452664048
2025-06-30 03:44:23.076318,rack_5,338.82062933155044,31.33360770124537
2025-06-30 03:59:23.076318,rack_5,306.80929154238686,34.07730324183004
2025-06-30 04:14:23.076318,rack_5,295.46004543088065,33.07201829693065
2025-06-30 04:29:23.076318,rack_5,303.8813666299077,33.771934936303445
2025-06-30 04:44:23.076318,rack_5,315.10220286583984,31.57257849402903
2025-06-30 04:59:23.076318,rack_5,248.03530211606906,30.585702885596927
2025-06-30 05:14:23.076318,rack_5,333.3891778222527,33.26916172176621
2025-06-30 05:29:23.076318,rack_5,308.17264509374166,32.89614943763474
2025-06-30 05:44:23.076318,rack_5,291.01252432847264,32.40900806350551
2025-06-30 05:59:23.076318,rack_5,286.47278278628096,31.655462494107635
2025-06-30 06:14:23.076318,rack_5,338.72502301153133,34.141537533392686
2025-06-30 06:29:23.076318,rack_5,365.6806021985778,32.53559348173446
2025-06-30 06:44:23.076318,rack_5,311.67823101455275,32.531034940228366
2025-06-30 06:59:23.076318,rack_5,379.99412800631256,32.23069207292874
2025-06-30 07:14:23.076318,rack_5,335.686839474694,36.081806413259116
2025-06-30 07:29:23.076318,rack_5,341.5433685217901,34.79762626286747
2025-06-30 07:44:23.076318,rack_5,364.02410713166023,34.376621079073495
2025-06-30 07:59:23.076318,rack_5,314.5659125336948,34.04025686603248
2025-06-30 08:14:23.076318,rack_5,365.7892333656156,36.33043999061847
2025-06-30 08:29:23.076318,rack_5,304.86195770130047,31.736652275179292
2025-06-30 08:44:23.076318,rack_5,258.79777659880983,32.937897646097845
2025-06-30 08:59:23.076318,rack_5,357.2007254273932,34.57286224128607
2025-06-30 09:14:23.076318,rack_5,346.3818686428245,34.142248754999734
2025-06-30 09:29:23.076318,rack_5,343.5574458087517,37.028548030822165
2025-06-30 09:44:23.076318,rack_5,324.71251603351004,35.42395263773021
2025-06-30 09:59:23.076318,rack_5,317.6413009232722,32.63429870702564
2025-06-30 10:14:23.076318,rack_5,324.71557427274115,34.369311882935826
2025-06-30 10:29:23.076318,rack_5,301.8276639589816,32.00537189564659
2025-06-30 10:44:23.076318,rack_5,360.4369510015109,34.9093937241892
2025-06-30 10:59:23.076318,rack_5,354.19680797168826,34.75886543135713
2025-06-30 11:14:23.076318,rack_5,354.64756012439597,33.49495248141001
2025-06-30 11:29:23.076318,rack_5,332.47212475530176,35.453871636903784
2025-06-30 11:44:23.076318,rack_5,364.5728677149765,33.556259862154874
2025-06-30 11:59:23.076318,rack_5,288.94969970584026,33.41040298837455
2025-06-30 12:14:23.076318,rack_5,325.99577620768025,35.38226402191028
2025-06-30 12:29:23.076318,rack_5,358.82397310117335,30.772189419677403
2025-06-30 12:44:23.076318,rack_5,318.0784762824165,33.418213869866186
2025-06-30 12:59:23.076318,rack_5,316.6163541646056,30.507512255377996
2025-06-30 13:14:23.076318,rack_5,316.16636796636084,34.7979498286968
2025-06-30 13:29:23.076318,rack_5,286.8083299661779,31.97720595129302
2025-06-30 13:44:23.076318,rack_5,305.5867132391586,29.973679866899026
2025-06-30 13:59:23.076318,rack_5,315.6603222281871,36.18094598388311
2025-06-30 14:14:23.076318,rack_5,337.53311830726165,36.154363295396166
2025-06-30 14:29:23.076318,rack_5,369.4148550776164,35.04906241655709
2025-06-30 14:44:23.076318,rack_5,317.6104967027801,33.47759902455008
2025-06-30 14:59:23.076318,rack_5,340.3382543876573,32.01681492869055
2025-06-30 15:14:23.076318,rack_5,314.41359879446736,32.12708172135445
2025-06-30 15:29:23.076318,rack_5,340.14184462538645,35.51340870595152
2025-06-30 15:44:23.076318,rack_5,301.4509439164902,34.43124487980797
2025-06-30 15:59:23.076318,rack_5,329.0250490609459,32.88891957093502
2025-06-30 16:14:23.076318,rack_5,307.28229098406916,32.502544127886225
2025-06-30 16:29:23.076318,rack_5,335.333621944766,33.82585140482468
2025-06-30 16:44:23.076318,rack_5,317.4916432789176,30.97492466088654
2025-06-30 16:59:23.076318,rack_5,340.0226242519734,34.95389851423444
2025-06-30 17:14:23.076318,rack_5,282.817718910486,31.73666591622757
2025-06-30 17:29:23.076318,rack_5,291.22510741438964,33.981435511462344
2025-06-30 17:44:23.076318,rack_5,341.15273310813234,34.48138702552013
2025-06-30 17:59:23.076318,rack_5,375.0397735909195,34.0608218171695
2025-06-30 18:14:23.076318,rack_5,296.17799888436974,34.19489935375801
2025-06-30 18:29:23.076318,rack_5,346.20166803728966,32.65741068958149
2025-06-30 18:44:23.076318,rack_5,296.470111382854,35.61425260498115
2025-06-30 18:59:23.076318,rack_5,315.455057161527,34.144272750741216
2025-06-30 19:14:23.076318,rack_5,330.35684533655314,34.798440760658174
2025-06-30 19:29:23.076318,rack_5,336.1212289375023,32.93441079041815
2025-06-30 19:44:23.076318,rack_5,370.29358407632486,35.015037178932225
2025-06-30 19:59:23.076318,rack_5,396.80033103567536,38.06877908487177
2025-06-30 20:14:23.076318,rack_5,302.8755657044637,32.628079144581946
2025-06-30 20:29:23.076318,rack_5,294.94906849089546,31.091464574298538
2025-06-30 20:44:23.076318,rack_5,332.5335256580361,36.301189772991314
2025-06-30 20:59:23.076318,rack_5,326.45191485896385,31.19694616153098
2025-06-30 21:14:23.076318,rack_5,328.69401457846476,33.39932725527714
2025-06-30 21:29:23.076318,rack_5,388.1281590977463,33.905527966727604
2025-06-30 21:44:23.076318,rack_5,312.4071377077461,36.066057590375685
2025-06-30 21:59:23.076318,rack_5,354.5944251456303,34.35093743625869
2025-06-30 22:14:23.076318,rack_5,274.78634211975157,30.62843982076509
2025-06-30 22:29:23.076318,rack_5,296.3116970387225,34.393140427912975
2025-06-30 22:44:23.076318,rack_5,406.4786656795021,34.3455328266245
2025-06-30 22:59:23.076318,rack_5,319.015902530787,32.71382770226629
2025-06-30 23:14:23.076318,rack_5,324.28253597618055,34.23785649050474
2025-06-30 23:29:23.076318,rack_5,372.28108560019865,36.210892268935226
2025-06-30 23:44:23.076318,rack_5,327.886277464555,31.518605176693534
2025-06-30 23:59:23.076318,rack_5,320.1176480128556,32.398730327739706
2025-07-01 00:14:23.076318,rack_5,292.8248162743529,30.7608584566958
2025-07-01 00:29:23.076318,rack_5,377.2708788470203,36.91160332920566
2025-07-01 00:44:23.076318,rack_5,338.8652602627856,32.97772798206719
2025-07-01 00:59:23.076318,rack_5,358.9880394263602,34.64559859500975
2025-07-01 01:14:23.076318,rack_5,317.11210366408375,32.1507233966517
2025-07-01 01:29:23.076318,rack_5,320.8194441435645,33.94409245044116
2025-07-01 01:44:23.076318,rack_5,282.64633336606465,30.14463082163438
2025-07-01 01:59:23.076318,rack_5,304.3722692453978,31.15552642007801
2025-07-01 02:14:23.076318,rack_5,386.13004158396956,38.26271283727764
2025-07-01 02:29:23.076318,rack_5,322.1880572524158,31.541037725319843
2025-07-01 02:44:23.076318,rack_5,384.16130263090986,34.385819197671495
2025-07-01 02:59:23.076318,rack_5,352.351433617299,34.54262368331231
2025-07-01 03:14:23.076318,rack_5,341.9762994634157,34.321811315263254
2025-07-01 03:29:23.076318,rack_5,312.9548201614854,32.535384059145606
2025-07-01 03:44:23.076318,rack_5,325.6812111389022,32.44431053922171
2025-07-01 03:59:23.076318,rack_5,314.4870648857744,32.7452715583587
2025-07-01 04:14:23.076318,rack_5,325.87754029567947,35.068907227400885
2025-07-01 04:29:23.076318,rack_5,290.9066736033295,31.587623507920057
2025-07-01 04:44:23.076318,rack_5,294.15347709013,32.591101925860634
2025-07-01 04:59:23.076318,rack_5,279.2726141733364,30.84838518434244
2025-07-01 05:14:23.076318,rack_5,296.3182433839331,31.277845777035893
2025-07-01 05:29:23.076318,rack_5,310.09605921224977,33.010816985404986
2025-07-01 05:44:23.076318,rack_5,336.5430358096242,33.29198669668199
2025-07-01 05:59:23.076318,rack_5,277.8098267827948,32.90844919906803
2025-07-01 06:14:23.076318,rack_5,272.4607315985997,32.683588324266275
2025-07-01 06:29:23.076318,rack_5,317.73131147867826,33.759969371000665
2025-07-01 06:44:23.076318,rack_5,311.7990070645598,32.928788429719965
2025-07-01 06:59:23.076318,rack_5,305.5810191154507,32.60648733528037
2025-07-01 07:14:23.076318,rack_5,327.9567414017259,33.61428743893584
2025-07-01 07:29:23.076318,rack_5,371.9747581830096,34.04763194270129
2025-07-01 07:44:23.076318,rack_5,258.5060597883677,30.311633786967832
2025-07-01 07:59:23.076318,rack_5,344.5114356468602,34.843972345512874
2025-07-01 08:14:23.076318,rack_5,313.5782520368685,32.99187002053714
2025-07-01 08:29:23.076318,rack_5,350.6498713759288,35.45448037814898
2025-07-01 08:44:23.076318,rack_5,333.79914538365125,33.6732908128629
2025-07-01 08:59:23.076318,rack_5,311.640629162848,32.49539916239404
2025-07-01 09:14:23.076318,rack_5,288.8475995011732,29.27104228795705
2025-07-01 09:29:23.076318,rack_5,347.27319843371254,37.01191548318956
2025-07-01 09:44:23.076318,rack_5,337.23496139913175,33.65545750862078
2025-07-01 09:59:23.076318,rack_5,281.12945691702845,31.754387127626657
2025-07-01 10:14:23.076318,rack_5,314.1237121929423,32.337090304608424
2025-07-01 10:29:23.076318,rack_5,299.76012840221733,33.76518548570582
2025-07-01 10:44:23.076318,rack_5,315.9939519211868,31.197817826577605
2025-07-01 10:59:23.076318,rack_5,278.3245186870829,33.853394409247805
2025-07-01 11:14:23.076318,rack_5,278.94091533071105,32.05305839696413
2025-07-01 11:29:23.076318,rack_5,345.4362271185428,34.368004415311205
2025-07-01 11:44:23.076318,rack_5,307.12454666190007,32.65810688023362
2025-07-01 11:59:23.076318,rack_5,293.7080904984512,29.522807669209534
2025-07-01 12:14:23.076318,rack_5,317.71415564104745,34.09073591092827
2025-07-01 12:29:23.076318,rack_5,348.49954354501995,34.047060492324086
2025-07-01 12:44:23.076318,rack_5,338.76621847638006,34.245610926055676
2025-07-01 12:59:23.076318,rack_5,312.2332481392599,32.41449999540672
2025-07-01 13:14:23.076318,rack_5,307.8344240893754,31.456709150235184
2025-07-01 13:29:23.076318,rack_5,333.7247761258726,35.678847926120966
2025-07-01 13:44:23.076318,rack_5,327.051519862751,34.61388711813251
2025-07-01 13:59:23.076318,rack_5,306.5468893589137,34.77055231059488
2025-07-01 14:14:23.076318,rack_5,365.6392446398126,33.922235609043845
2025-07-01 14:29:23.076318,rack_5,368.59875458671866,33.82842350157844
2025-07-01 14:44:23.076318,rack_5,345.83607414376803,32.3990240941403
2025-07-01 14:59:23.076318,rack_5,351.9655604846291,36.15457877576538
2025-07-01 15:14:23.076318,rack_5,324.9803031291364,34.335004183969225
2025-07-01 15:29:23.076318,rack_5,312.5946718416015,31.400477285941562
2025-07-01 15:44:23.076318,rack_5,255.97371845728827,30.39628007790732
2025-07-01 15:59:23.076318,rack_5,300.6319530927581,30.918966875008635
2025-07-01 16:14:23.076318,rack_5,312.1382259949304,31.889319663788605
2025-07-01 16:29:23.076318,rack_5,327.8300239492974,34.36937882684214
2025-07-01 16:44:23.076318,rack_5,312.74639610098666,31.025213972346272
2025-07-01 16:59:23.076318,rack_5,307.8720525761275,33.22411289276131
2025-07-01 17:14:23.076318,rack_5,257.44552910296505,29.49928747413546
2025-07-01 17:29:23.076318,rack_5,337.7936686234039,37.30703072792997
2025-07-01 17:44:23.076318,rack_5,400.7559105325891,34.50748525464747
2025-07-01 17:59:23.076318,rack_5,353.9931734179252,35.159565097301275
2025-07-01 18:14:23.076318,rack_5,354.49071958264295,34.96105343193924
2025-07-01 18:29:23.076318,rack_5,343.78411379159405,34.106292933318564
2025-07-01 18:44:23.076318,rack_5,368.7974028579951,34.46137507066643
2025-07-01 18:59:23.076318,rack_5,313.31149133274926,30.316291685311963
2025-07-01 19:14:23.076318,rack_5,301.7347389013993,32.798905171968265
2025-07-01 19:29:23.076318,rack_5,307.83330156167676,34.18405609710302
2025-07-01 19:44:23.076318,rack_5,306.88468611048086,32.26195981874396
2025-07-01 19:59:23.076318,rack_5,331.7718360654257,35.256332034196625
2025-07-01 20:14:23.076318,rack_5,361.29454025993283,35.76593270922195
2025-07-01 20:29:23.076318,rack_5,343.4797121048406,32.08744460342946
2025-07-01 20:44:23.076318,rack_5,358.77461558653755,34.804877679035954
2025-07-01 20:59:23.076318,rack_5,293.87916763377154,33.893956931094195
2025-07-01 21:14:23.076318,rack_5,282.8878767024262,31.291149462321158
2025-07-01 21:29:23.076318,rack_5,310.51176793224244,33.418850053052914
2025-07-01 21:44:23.076318,rack_5,298.1512770337134,31.296811506834548
2025-07-01 21:59:23.076318,rack_5,350.8447521807176,33.79252026356098
2025-07-01 22:14:23.076318,rack_5,346.58601823445133,33.819683019681214
2025-07-01 22:29:23.076318,rack_5,361.83829798595497,35.5403510296366
2025-07-01 22:44:23.076318,rack_5,340.19556387236247,34.4557594956804
2025-07-01 22:59:23.076318,rack_5,289.93822860713595,31.873156059661472
2025-07-01 23:14:23.076318,rack_5,357.71464578416294,36.07404078313994
2025-07-01 23:29:23.076318,rack_5,379.4829202312109,36.34186328300458
2025-07-01 23:44:23.076318,rack_5,316.6139847195443,31.15206027929866
2025-07-01 23:59:23.076318,rack_5,290.05255736243123,33.992374652485466
2025-07-02 00:14:23.076318,rack_5,317.05425281661826,32.87970304198663
2025-07-02 00:29:23.076318,rack_5,268.1304478402898,30.62234228115955
2025-07-02 00:44:23.076318,rack_5,321.0011932176345,32.13599337001168
2025-07-02 00:59:23.076318,rack_5,292.78617189144313,32.43555653914413
2025-07-02 01:14:23.076318,rack_5,286.47136806344304,32.252221567203144
2025-07-02 01:29:23.076318,rack_5,360.3348534031025,35.12004631261125
2025-07-02 01:44:23.076318,rack_5,283.0354156509591,31.941751625162258
2025-07-02 01:59:23.076318,rack_5,319.60638330691484,34.05511049772402
2025-07-02 02:14:23.076318,rack_5,249.2408019623855,29.691702924476463
2025-07-02 02:29:23.076318,rack_5,285.7531562439007,32.48716977066618
2025-07-02 02:44:23.076318,rack_5,310.61903543284666,33.719577596428444
2025-07-02 02:59:23.076318,rack_5,309.3202610398091,33.41584210806153
2025-07-02 03:14:23.076318,rack_5,387.747546525423,36.23606007805876
2025-07-02 03:29:23.076318,rack_5,373.9175503617873,34.29382714527786
2025-07-02 03:44:23.076318,rack_5,340.90411553887515,36.423859964064214
2025-07-02 03:59:23.076318,rack_5,338.52611763121035,33.03019172351397
2025-07-02 04:14:23.076318,rack_5,294.60119471136534,32.56504809130536
2025-07-02 04:29:23.076318,rack_5,292.3593322090332,34.40293163399238
2025-07-02 04:44:23.076318,rack_5,308.8319652734416,32.3834582897942
2025-07-02 04:59:23.076318,rack_5,302.46844826161157,35.595506671250526
2025-07-02 05:14:23.076318,rack_5,299.0510455446157,33.08252280310458
2025-07-02 05:29:23.076318,rack_5,367.30237035377814,33.07820477149357
2025-07-02 05:44:23.076318,rack_5,331.78013709045047,34.629429927282125
2025-07-02 05:59:23.076318,rack_5,321.3390673552819,33.384933840386466
2025-07-02 06:14:23.076318,rack_5,318.73301061010056,32.23064033066773
2025-07-02 06:29:23.076318,rack_5,284.4938622424951,29.776213288396917
2025-07-02 06:44:23.076318,rack_5,372.4167287649778,31.803855708362644
2025-07-02 06:59:23.076318,rack_5,278.2446560850949,31.01145983419614
2025-07-02 07:14:23.076318,rack_5,319.7961182423481,33.62983844499241
2025-07-02 07:29:23.076318,rack_5,300.35415899428995,31.829713084360165
2025-07-02 07:44:23.076318,rack_5,323.96350916091956,33.648185327081464
2025-07-02 07:59:23.076318,rack_5,351.79954031447755,34.589590253668604
2025-07-02 08:14:23.076318,rack_5,299.2539088625393,33.831380096442565
2025-07-02 08:29:23.076318,rack_5,329.4009842184182,33.028542289832515
2025-07-02 08:44:23.076318,rack_5,275.8787917311007,31.271983425102153
2025-07-02 08:59:23.076318,rack_5,396.9373342103517,33.57690245541453
2025-07-02 09:14:23.076318,rack_5,345.58668018733727,34.6654168960965
2025-07-02 09:29:23.076318,rack_5,312.58551991217143,34.343819384407446
2025-07-02 09:44:23.076318,rack_5,349.0425280884987,35.72230799235361
2025-07-02 09:59:23.076318,rack_5,368.22223368563596,35.77006656541341
2025-07-02 10:14:23.076318,rack_5,379.55813083520906,34.38360427681085
2025-07-02 10:29:23.076318,rack_5,350.3544776464823,32.905993833285315
2025-07-02 10:44:23.076318,rack_5,384.7635961473513,34.14792066051954
2025-07-02 10:59:23.076318,rack_5,349.7090222262954,33.0540307206599
2025-07-02 11:14:23.076318,rack_5,305.2326789698182,31.8618631567863
2025-07-02 11:29:23.076318,rack_5,307.7946488711129,32.347738709151535
2025-07-02 11:44:23.076318,rack_5,303.93025333880627,31.334456423778875
2025-07-02 11:59:23.076318,rack_5,252.23392139241258,29.607729992613642
2025-07-02 12:14:23.076318,rack_5,326.8909750412797,29.860121974381702
2025-07-02 12:29:23.076318,rack_5,326.2566770566961,34.053190406582196
2025-07-02 12:44:23.076318,rack_5,291.75673940236,30.413655642056497
2025-07-02 12:59:23.076318,rack_5,360.74022485005577,33.262533610095694
2025-07-02 13:14:23.076318,rack_5,364.3060546141519,34.79815874801484
2025-07-02 13:29:23.076318,rack_5,346.9592075321564,37.73370543548115
2025-07-02 13:44:23.076318,rack_5,305.0658897397202,34.20280320746255
2025-07-02 13:59:23.076318,rack_5,321.7722802932258,32.5013267114739
2025-07-02 14:14:23.076318,rack_5,303.1590460982629,29.508757642189217
2025-07-02 14:29:23.076318,rack_5,308.3660945127357,35.95488297270062
2025-07-02 14:44:23.076318,rack_5,336.6284800784142,34.323764915833365
2025-07-02 14:59:23.076318,rack_5,331.55357928497807,34.48872047872642
2025-07-02 15:14:23.076318,rack_5,357.3186119708056,31.11199295980254
2025-07-02 15:29:23.076318,rack_5,345.699213769773,35.65930443023965
2025-07-02 15:44:23.076318,rack_5,370.8106173020251,35.606176875546666
2025-07-02 15:59:23.076318,rack_5,375.3577909487966,35.35717324301206
2025-07-02 16:14:23.076318,rack_5,293.83310791577566,35.337531468502874
2025-07-02 16:29:23.076318,rack_5,349.5423639108692,32.53465185123546
2025-07-02 16:44:23.076318,rack_5,294.27969422024904,32.651663780405585
2025-07-02 16:59:23.076318,rack_5,377.4470949262063,34.04462617850864
2025-07-02 17:14:23.076318,rack_5,313.4677194457119,34.95458669723016
2025-07-02 17:29:23.076318,rack_5,313.8799202955713,32.93753565403563
2025-07-02 17:44:23.076318,rack_5,345.5437128425188,32.58371630483545
2025-07-02 17:59:23.076318,rack_5,307.2332381486058,34.93794971843276
2025-07-02 18:14:23.076318,rack_5,375.73655385266744,36.128610930316384
2025-07-02 18:29:23.076318,rack_5,296.854515133731,31.10317542524289
2025-07-02 18:44:23.076318,rack_5,356.0293605608104,30.165528666212264
2025-07-02 18:59:23.076318,rack_5,396.07094819263557,34.80279029499997
2025-07-02 19:14:23.076318,rack_5,392.5967814894875,36.747307345726526
2025-07-02 19:29:23.076318,rack_5,337.9379901069411,34.96811848087108
2025-07-02 19:44:23.076318,rack_5,340.41779314597056,34.00889397911778
2025-07-02 19:59:23.076318,rack_5,330.8606181234918,32.79663943712287
2025-07-02 20:14:23.076318,rack_5,344.0745710352875,33.87055620704218
2025-07-02 20:29:23.076318,rack_5,308.2956929681113,33.519739533337656
2025-07-02 20:44:23.076318,rack_5,345.47543134934455,34.65316648326612
2025-07-02 20:59:23.076318,rack_5,265.0733251684966,31.600177527486938
2025-07-02 21:14:23.076318,rack_5,372.66627429592614,34.32709417853825
2025-07-02 21:29:23.076318,rack_5,344.4472801591136,31.850379740313144
2025-07-02 21:44:23.076318,rack_5,332.62415618321825,33.49909467191969
2025-07-02 21:59:23.076318,rack_5,312.7413430058983,34.20421303009541
2025-07-02 22:14:23.076318,rack_5,324.7594712703169,35.46622611725234
2025-07-02 22:29:23.076318,rack_5,342.5445340703737,34.620955261699855
2025-07-02 22:44:23.076318,rack_5,357.27521682468836,32.03049809989195
2025-07-02 22:59:23.076318,rack_5,315.7090841284597,32.071982013454495
2025-07-02 23:14:23.076318,rack_5,360.8952191054597,32.19502740568541
2025-07-02 23:29:23.076318,rack_5,356.0082694963801,34.86604997252197
2025-07-02 23:44:23.076318,rack_5,341.9636495708028,33.09711827334926
2025-07-02 23:59:23.076318,rack_5,339.9164307424096,32.824502608856605
2025-07-03 00:14:23.076318,rack_5,352.75169661401094,34.1404620356732
2025-07-03 00:29:23.076318,rack_5,332.2200867209639,33.28476740075938
2025-07-03 00:44:23.076318,rack_5,320.41312873523276,34.88471350024822
2025-07-03 00:59:23.076318,rack_5,297.87154722461315,32.91695929230595
2025-07-03 01:14:23.076318,rack_5,293.61175621596067,31.14445802094956
2025-07-03 01:29:23.076318,rack_5,292.638872100375,32.132383794135315
2025-07-03 01:44:23.076318,rack_5,345.0267619236319,35.3153166226077
2025-07-03 01:59:23.076318,rack_5,336.4863819626617,34.36432403378955
2025-07-03 02:14:23.076318,rack_5,374.8250692892974,34.69303292223472
2025-07-03 02:29:23.076318,rack_5,326.8688302299101,34.0294916990834
2025-07-03 02:44:23.076318,rack_5,359.0894410010418,29.819681437524515
2025-07-03 02:59:23.076318,rack_5,330.6968155854223,35.0208292069745
2025-07-03 03:14:23.076318,rack_5,315.0039415923615,32.94971075299112
2025-07-03 03:29:23.076318,rack_5,313.07504081339266,32.27072714959244
2025-07-03 03:44:23.076318,rack_5,358.38670969927676,36.36540926981642
2025-07-03 03:59:23.076318,rack_5,294.97889453985715,32.35142699581825
2025-07-03 04:14:23.076318,rack_5,357.78357428322084,35.384863365874324
2025-07-03 04:29:23.076318,rack_5,356.1535124335764,33.62757519581462
2025-07-03 04:44:23.076318,rack_5,332.5273544668028,35.13644117453082
2025-07-03 04:59:23.076318,rack_5,328.64828482584255,33.45812716360459
2025-07-03 05:14:23.076318,rack_5,307.09173801013895,32.013459576107806
2025-07-03 05:29:23.076318,rack_5,301.30577503048505,31.454974858961045
2025-07-03 05:44:23.076318,rack_5,331.6196239027185,35.134695507993115
2025-07-03 05:59:23.076318,rack_5,354.99563884601525,35.27656135732737
2025-07-03 06:14:23.076318,rack_5,349.174116409454,35.742377863157984
2025-07-03 06:29:23.076318,rack_5,336.80960652054233,34.552476064410754
2025-07-03 06:44:23.076318,rack_5,344.5092260520055,33.006110121320944
2025-07-03 06:59:23.076318,rack_5,326.4133547768652,32.5821109345566
2025-07-03 07:14:23.076318,rack_5,370.8443215984229,32.747023046995444
2025-07-03 07:29:23.076318,rack_5,312.32051021492606,32.82882505276948
2025-07-03 07:44:23.076318,rack_5,311.4120919400475,33.02315773448366
2025-07-03 07:59:23.076318,rack_5,279.79888826887304,33.26954592315723
2025-07-03 08:14:23.076318,rack_5,313.50005994949464,30.95264354980769
2025-07-03 08:29:23.076318,rack_5,363.9358435647042,36.247423722984216
2025-07-03 08:44:23.076318,rack_5,357.45268257384953,34.89983806012888
2025-07-03 08:59:23.076318,rack_5,358.8664429739156,35.321578675563714
2025-07-03 09:14:23.076318,rack_5,357.2873380235378,33.082763687719016
2025-07-03 09:29:23.076318,rack_5,338.0151087965923,34.828345083385756
2025-07-03 09:44:23.076318,rack_5,294.05867174475895,33.412131128742296
2025-07-03 09:59:23.076318,rack_5,359.811749867977,34.75001384203491
2025-07-03 10:14:23.076318,rack_5,361.50284705833286,34.456054936936184
2025-07-03 10:29:23.076318,rack_5,319.9895488367223,34.20726006467463
2025-07-03 10:44:23.076318,rack_5,340.4305286827836,32.983718378505145
2025-07-03 10:59:23.076318,rack_5,316.76634353211625,30.18995991134286
2025-07-03 11:14:23.076318,rack_5,343.6126532551475,32.020187992976005
2025-07-03 11:29:23.076318,rack_5,305.5971169869148,32.9936639976511
2025-07-03 11:44:23.076318,rack_5,332.38247466344745,34.68034372681119
2025-07-03 11:59:23.076318,rack_5,395.61502401910684,34.386781804598535
2025-07-03 12:14:23.076318,rack_5,351.0279172179288,33.40353523619206
2025-07-03 12:29:23.076318,rack_5,371.0159622263088,34.83687676293354
2025-07-03 12:44:23.076318,rack_5,364.63171991204666,33.72254225852824
2025-07-03 12:59:23.076318,rack_5,295.0264173702572,31.508660263959523
2025-07-03 13:14:23.076318,rack_5,294.15102851726533,30.785374648603984
2025-07-03 13:29:23.076318,rack_5,271.4703457393701,29.733476530254027
2025-07-03 13:44:23.076318,rack_5,267.71700233862634,32.446891458322675
2025-07-03 13:59:23.076318,rack_5,305.4758862979655,31.326932265448843
2025-07-03 14:14:23.076318,rack_5,294.7028043227712,32.17910016206758
2025-07-03 14:29:23.076318,rack_5,376.72293639631965,35.71149055504104
2025-07-03 14:44:23.076318,rack_5,311.06152775588305,32.65438842869532
2025-07-03 14:59:23.076318,rack_5,334.4739838957434,36.1341371055473
2025-07-03 15:14:23.076318,rack_5,345.723039164727,30.769918339438195
2025-07-03 15:29:23.076318,rack_5,353.8361114125897,32.94646163378252
2025-07-03 15:44:23.076318,rack_5,356.31167950058705,36.08441636502706
2025-07-03 15:59:23.076318,rack_5,287.8206145793208,30.094855759021527
2025-07-03 16:14:23.076318,rack_5,319.5231257079405,36.100918639499575
2025-07-03 16:29:23.076318,rack_5,314.3289573363937,33.29070094993435
2025-07-03 16:44:23.076318,rack_5,338.57357887537336,36.09013052736236
2025-07-03 16:59:23.076318,rack_5,292.43189559610505,30.157097919509283
2025-07-03 17:14:23.076318,rack_5,355.17751475396767,32.72836779340024
2025-07-03 17:29:23.076318,rack_5,335.17377028053187,36.3295948719563
2025-07-03 17:44:23.076318,rack_5,318.6939102144037,34.31904885469832
2025-07-03 17:59:23.076318,rack_5,335.5307623345261,36.475958177724024
2025-07-03 18:14:23.076318,rack_5,322.412092425335,33.19927090755095
2025-07-03 18:29:23.076318,rack_5,331.1492895301758,32.99648404323652
2025-07-03 18:44:23.076318,rack_5,343.9118865165077,32.42862158739957
2025-07-03 18:59:23.076318,rack_5,357.19444180783506,31.68746080907858
2025-07-03 19:14:23.076318,rack_5,239.97371038457882,31.499539508170493
2025-07-03 19:29:23.076318,rack_5,365.4624429991824,33.59564240331253
2025-07-03 19:44:23.076318,rack_5,360.1795692862482,35.50871165971461
2025-07-03 19:59:23.076318,rack_5,343.1704270156281,32.30451852022471
2025-07-03 20:14:23.076318,rack_5,316.86641107236045,30.38500420427665
2025-07-03 20:29:23.076318,rack_5,319.46221141665507,33.265530475737776
2025-07-03 20:44:23.076318,rack_5,375.9928591808734,35.404273530015345
2025-07-03 20:59:23.076318,rack_5,275.66367528477025,34.114340678412496
2025-07-03 21:14:23.076318,rack_5,348.72349572283474,31.168935419135664
2025-07-03 21:29:23.076318,rack_5,335.36640007869426,34.84169110175442
2025-07-03 21:44:23.076318,rack_5,318.52404197785665,32.575406979104066
2025-07-03 21:59:23.076318,rack_5,366.5545223788272,34.46505576841908
2025-07-03 22:14:23.076318,rack_5,337.7281570849259,32.44332526030848
2025-07-03 22:29:23.076318,rack_5,327.7441706300133,30.20591779416565
2025-07-03 22:44:23.076318,rack_5,300.93500164059833,33.79918651348949
2025-07-03 22:59:23.076318,rack_5,353.4686975157561,33.249762502834756
2025-07-03 23:14:23.076318,rack_5,341.0901909293938,31.902201519529374
2025-07-03 23:29:23.076318,rack_5,315.6035070338643,31.605726077848395
2025-07-03 23:44:23.076318,rack_5,336.91724314066994,34.03566599402427
2025-07-03 23:59:23.076318,rack_5,334.30683644077146,33.242965058063646
2025-07-04 00:14:23.076318,rack_5,343.0913631261179,33.13236797085582
2025-07-04 00:29:23.076318,rack_5,296.7151965392118,30.332062934036557
2025-07-04 00:44:23.076318,rack_5,332.9492441285045,33.71646919551938
2025-07-04 00:59:23.076318,rack_5,318.92239661053236,32.44778232596212
2025-07-04 01:14:23.076318,rack_5,416.8687511812768,37.252912198756164
2025-07-04 01:29:23.076318,rack_5,357.49190413955836,32.81231003563531
2025-07-04 01:44:23.076318,rack_5,297.6185336347368,34.087684343174956
2025-07-04 01:59:23.076318,rack_5,374.10574041773026,36.74638266423178
2025-07-04 02:14:23.076318,rack_5,307.6488089772566,32.83652138222789
2025-07-04 02:29:23.076318,rack_5,355.64893454948384,33.77241240389811
2025-07-04 02:44:23.076318,rack_5,429.58409580951513,35.59123268856036
2025-07-04 02:59:23.076318,rack_5,367.456519321289,35.57526856719493
2025-07-04 03:14:23.076318,rack_5,356.99056548152487,30.788635793247597
2025-07-04 03:29:23.076318,rack_5,362.846547740364,33.355932008392664
2025-07-04 03:44:23.076318,rack_5,353.3519955808842,30.98539528122403
2025-07-04 03:59:23.076318,rack_5,273.2665220593724,31.64006558774388
2025-07-04 04:14:23.076318,rack_5,265.1837201380882,29.29470046508703
2025-07-04 04:29:23.076318,rack_5,368.30172951918377,34.05121722229004
2025-07-04 04:44:23.076318,rack_5,299.4268125645508,35.86291721939634
2025-07-04 04:59:23.076318,rack_5,346.1946332866429,33.29404613829263
2025-07-04 05:14:23.076318,rack_5,339.18269557900936,33.67740933039233
2025-07-04 05:29:23.076318,rack_5,356.22504462950434,33.853237770187526
2025-07-04 05:44:23.076318,rack_5,354.85748595283576,34.28468734175979
2025-07-04 05:59:23.076318,rack_5,313.53813455442895,32.15478088942842
2025-07-04 06:14:23.076318,rack_5,341.9376043298185,33.757933111558664
2025-07-04 06:29:23.076318,rack_5,318.3426198566204,32.76427010332458
2025-07-04 06:44:23.076318,rack_5,314.07183893272287,34.749933292028764
2025-07-04 06:59:23.076318,rack_5,307.88320247203643,33.5667753087199
2025-07-04 07:14:23.076318,rack_5,409.5007542353644,30.969051322695343
2025-07-04 07:29:23.076318,rack_5,288.4540105784026,31.772927290065972
2025-07-04 07:44:23.076318,rack_5,410.65191919964906,36.81226843636719
2025-07-04 07:59:23.076318,rack_5,318.9851960627914,34.77028017824145
2025-07-04 08:14:23.076318,rack_5,307.0696820790064,32.54283862728147
2025-07-04 08:29:23.076318,rack_5,319.79555653079245,33.36098617175504
2025-07-04 08:44:23.076318,rack_5,349.7148349990193,32.03305071348272
2025-07-04 08:59:23.076318,rack_5,323.44669612691445,31.90587311372752
2025-07-04 09:14:23.076318,rack_5,326.1310272783552,33.87158660761178
2025-07-04 09:29:23.076318,rack_5,327.6236037296068,33.12087120537106
2025-07-04 09:44:23.076318,rack_5,304.1717436954358,30.993018502745443
2025-07-04 09:59:23.076318,rack_5,281.2685181553728,32.35438861337332
2025-07-04 10:14:23.076318,rack_5,304.8151961611867,31.467792457529132
2025-07-04 10:29:23.076318,rack_5,324.00678471282316,32.45907386966602
2025-07-04 10:44:23.076318,rack_5,318.4279163784134,35.00139217991981
2025-07-04 10:59:23.076318,rack_5,315.4363516011838,32.537973052294184
2025-07-04 11:14:23.076318,rack_5,346.1212518689342,34.3861107808495
2025-07-04 11:29:23.076318,rack_5,327.8291196356565,30.70909770552982
2025-07-04 11:44:23.076318,rack_5,354.1092494195146,33.19485723784187
2025-07-04 11:59:23.076318,rack_5,329.0863408368067,34.93328435466753
2025-07-04 12:14:23.076318,rack_5,334.51869081156553,33.66329149002518
2025-07-04 12:29:23.076318,rack_5,312.9648852185577,29.180027492097523
2025-07-04 12:44:23.076318,rack_5,352.6314568955694,34.57004917454619
2025-07-04 12:59:23.076318,rack_5,315.9463708025786,35.48958392214574
2025-07-04 13:14:23.076318,rack_5,292.60257006388997,31.79405179230438
2025-07-04 13:29:23.076318,rack_5,314.60416056116446,33.87794617300007
2025-07-04 13:44:23.076318,rack_5,281.7152440028216,32.54246663935415
2025-07-04 13:59:23.076318,rack_5,346.56479845447717,32.035115479664924
2025-07-04 14:14:23.076318,rack_5,384.3197253257693,34.231728929089655
2025-07-04 14:29:23.076318,rack_5,335.9479972874954,33.752370671947936
2025-07-04 14:44:23.076318,rack_5,335.74218110363125,34.28473086872992
2025-07-04 14:59:23.076318,rack_5,379.58940895259866,34.774094446322565
2025-07-04 15:14:23.076318,rack_5,320.0813434667769,33.42883682275981
2025-07-04 15:29:23.076318,rack_5,333.07458716519477,31.83826525213704
2025-07-04 15:44:23.076318,rack_5,358.30102765081983,35.20646532677559
2025-07-04 15:59:23.076318,rack_5,306.3587737975496,28.63429120472422
2025-07-04 16:14:23.076318,rack_5,341.3801734108365,31.891771069395094
2025-07-04 16:29:23.076318,rack_5,342.21871977821024,34.474214436207745
2025-07-04 16:44:23.076318,rack_5,309.8950442870345,31.36152764578277
2025-07-04 16:59:23.076318,rack_5,348.1681167010179,33.97443366601682
2025-07-04 17:14:23.076318,rack_5,331.8353426766446,33.0095953534714
2025-07-04 17:29:23.076318,rack_5,389.38496235548865,35.5253163965328
2025-07-04 17:44:23.076318,rack_5,345.4648493318102,35.47058914111298
2025-07-04 17:59:23.076318,rack_5,372.4474790495721,34.29823778672876
2025-07-04 18:14:23.076318,rack_5,356.66553855443925,35.545807737933956
2025-07-04 18:29:23.076318,rack_5,390.74267833001727,33.332855928026866
2025-07-04 18:44:23.076318,rack_5,300.4577516047961,33.89051659036224
2025-07-04 18:59:23.076318,rack_5,346.0119443150147,34.42915440191282
2025-07-04 19:14:23.076318,rack_5,337.3246149858253,36.29808824100565
2025-07-04 19:29:23.076318,rack_5,311.60957077872825,31.827818483489715
2025-07-04 19:44:23.076318,rack_5,314.642689782074,30.609453024378496
2025-07-04 19:59:23.076318,rack_5,322.45428667409885,33.87644772470622
2025-07-04 20:14:23.076318,rack_5,315.03083677352697,32.27423204362085
2025-07-04 20:29:23.076318,rack_5,327.6125204405679,32.75043157532707
2025-07-04 20:44:23.076318,rack_5,318.7912877882271,30.758037481225152
2025-07-04 20:59:23.076318,rack_5,365.1797602167361,35.322940459191
2025-07-04 21:14:23.076318,rack_5,448.1651135461132,36.46272005413358
2025-07-04 21:29:23.076318,rack_5,330.64400966761673,33.039445100694145
2025-07-04 21:44:23.076318,rack_5,301.0820621988788,31.573862444646572
2025-07-04 21:59:23.076318,rack_5,330.4570635554909,34.445986201974755
2025-07-04 22:14:23.076318,rack_5,350.3542711749784,34.848567737396536
2025-07-04 22:29:23.076318,rack_5,316.2712800809403,33.948806295896595
2025-07-04 22:44:23.076318,rack_5,331.8575167540262,34.29113664682499
2025-07-04 22:59:23.076318,rack_5,299.20227774780545,36.87262501249814
2025-07-04 23:14:23.076318,rack_5,323.28627334638713,33.528577756353414
2025-07-04 23:29:23.076318,rack_5,286.1420940322276,30.13681042786891
2025-07-04 23:44:23.076318,rack_5,305.28740815192083,32.479804470208805
2025-07-04 23:59:23.076318,rack_5,327.80687640880075,34.40328710291749
2025-07-05 00:14:23.076318,rack_5,354.3226469535643,38.14966363869426
2025-07-05 00:29:23.076318,rack_5,307.19071834990496,34.01730102687491
2025-07-05 00:44:23.076318,rack_5,300.6145181343225,31.09853714093309
2025-07-05 00:59:23.076318,rack_5,300.49684396900864,31.15756774277328
2025-07-05 01:14:23.076318,rack_5,313.7467550491244,33.11181553054737
2025-07-05 01:29:23.076318,rack_5,335.9450078688047,35.62271444654967
2025-07-05 01:44:23.076318,rack_5,320.2368669825858,33.44866750121522
2025-07-05 01:59:23.076318,rack_5,357.79016111823796,33.59711637106646
2025-07-05 02:14:23.076318,rack_5,323.0801959694181,32.08923459005279
2025-07-05 02:29:23.076318,rack_5,350.8736542438355,32.631080807017064
2025-07-05 02:44:23.076318,rack_5,342.3482934751075,32.25949616511915
2025-07-05 02:59:23.076318,rack_5,330.89072071309494,34.954610373926045
2025-07-05 03:14:23.076318,rack_5,260.44568009020736,33.157758013730806
2025-07-05 03:29:23.076318,rack_5,287.74858713933236,32.65970631335109
2025-07-05 03:44:23.076318,rack_5,295.7603790743574,34.87501755351992
2025-07-05 03:59:23.076318,rack_5,327.25988985694477,33.803821256633626
2025-07-05 04:14:23.076318,rack_5,328.4352936591775,33.724113665671965
2025-07-05 04:29:23.076318,rack_5,334.4454238325018,31.669728300384616
2025-07-05 04:44:23.076318,rack_5,336.302638910055,31.51340397313077
2025-07-05 04:59:23.076318,rack_5,317.35825594139175,34.10808360302456
2025-07-05 05:14:23.076318,rack_5,389.2268459716744,36.826822440290094
2025-07-05 05:29:23.076318,rack_5,346.9143319545381,34.22258548210724
2025-07-05 05:44:23.076318,rack_5,296.85965417178556,32.189493602469874
2025-07-05 05:59:23.076318,rack_5,404.2529709499348,33.12700667277902
2025-07-05 06:14:23.076318,rack_5,281.25574119602516,31.123154950073705
2025-07-05 06:29:23.076318,rack_5,347.68293107629466,32.64599798936561
2025-07-05 06:44:23.076318,rack_5,348.71948384617605,33.22474309809605
2025-07-05 06:59:23.076318,rack_5,326.5483845390334,32.84340595283577
2025-07-05 07:14:23.076318,rack_5,313.9753305310005,34.05452088033541
2025-07-05 07:29:23.076318,rack_5,314.1461268135789,32.45203180898734
2025-07-05 07:44:23.076318,rack_5,276.25773047693053,33.27647061900423
2025-07-05 07:59:23.076318,rack_5,317.5489248365521,32.94097555404171
2025-07-05 08:14:23.076318,rack_5,343.47955275906514,33.614729280185195
2025-07-05 08:29:23.076318,rack_5,311.98699385179685,33.20455293482412
2025-07-05 08:44:23.076318,rack_5,311.45872625071405,30.022775276730908
2025-07-05 08:59:23.076318,rack_5,337.40908488010194,33.00806798636501
2025-07-05 09:14:23.076318,rack_5,351.2450941095059,33.922536139854174
2025-07-05 09:29:23.076318,rack_5,331.6220145902418,34.95160774304298
2025-07-05 09:44:23.076318,rack_5,342.61938555221866,33.82373339382579
2025-07-05 09:59:23.076318,rack_5,349.60195113776666,36.786008015898126
2025-07-05 10:14:23.076318,rack_5,324.39790627479005,33.52529964503526
2025-07-05 10:29:23.076318,rack_5,341.1148841590801,35.79837471550167
2025-07-05 10:44:23.076318,rack_5,341.98062803741266,34.598813238328084
2025-07-05 10:59:23.076318,rack_5,314.9725250259335,33.211643887384206
2025-07-05 11:14:23.076318,rack_5,297.728157065323,32.4060258962421
2025-07-05 11:29:23.076318,rack_5,376.1716403743722,34.35302453776344
2025-07-05 11:44:23.076318,rack_5,344.8460923357426,32.542014234672735
2025-07-05 11:59:23.076318,rack_5,317.667954914349,33.09363935116837
2025-07-05 12:14:23.076318,rack_5,320.4839887806627,33.75296415289536
2025-07-05 12:29:23.076318,rack_5,322.03601304724504,32.30836385994834
2025-07-05 12:44:23.076318,rack_5,387.32980543004516,35.50721307616934
2025-07-05 12:59:23.076318,rack_5,350.0884840627537,33.21376093972289
2025-07-05 13:14:23.076318,rack_5,355.24246095117695,34.28620470396604
2025-07-05 13:29:23.076318,rack_5,338.57396257867725,33.56756008322083
2025-07-05 13:44:23.076318,rack_5,281.4510051693256,32.02197269253776
2025-07-05 13:59:23.076318,rack_5,381.0567370794927,33.22268249001433
2025-07-05 14:14:23.076318,rack_5,330.9964352162804,33.60118642865458
2025-07-05 14:29:23.076318,rack_5,349.8504192221544,35.500805556134736
2025-07-05 14:44:23.076318,rack_5,370.83351754229346,35.965642281549265
2025-07-05 14:59:23.076318,rack_5,280.1644403711584,32.58837473215496
2025-07-05 15:14:23.076318,rack_5,353.87651108199964,36.04548378243768
2025-07-05 15:29:23.076318,rack_5,354.0538403024144,35.00882831683561
2025-07-05 15:44:23.076318,rack_5,309.69770502684344,33.495866715101926
2025-07-05 15:59:23.076318,rack_5,331.70912789763423,34.157655531689144
2025-07-05 16:14:23.076318,rack_5,360.4440564253314,35.192425288722276
2025-07-05 16:29:23.076318,rack_5,366.0719299007868,32.91258533243595
2025-07-05 16:44:23.076318,rack_5,324.8095860723844,33.32128158689554
2025-07-05 16:59:23.076318,rack_5,356.68802223245996,35.634510069692936
2025-07-05 17:14:23.076318,rack_5,367.70312552649364,35.47984476120278
2025-07-05 17:29:23.076318,rack_5,327.7751569347627,32.829344223297575
2025-07-05 17:44:23.076318,rack_5,311.28095487677786,32.901653371097744
2025-07-05 17:59:23.076318,rack_5,299.35372939292546,33.278650332256646
2025-07-05 18:14:23.076318,rack_5,362.33303543210627,34.730186640849695
2025-07-05 18:29:23.076318,rack_5,280.15050855584036,29.8894515487961
2025-07-05 18:44:23.076318,rack_5,333.3292795402655,32.144951692726785
2025-07-05 18:59:23.076318,rack_5,353.80264177523617,36.95415061647917
2025-07-05 19:14:23.076318,rack_5,352.98570659648806,33.06612879621391
2025-07-05 19:29:23.076318,rack_5,297.1350641043847,32.81858737660928
2025-07-05 19:44:23.076318,rack_5,355.7330003536343,32.505711902125086
2025-07-05 19:59:23.076318,rack_5,336.1531217526579,34.44774337862244
2025-07-05 20:14:23.076318,rack_5,310.67960954131894,34.71855890868282
2025-07-05 20:29:23.076318,rack_5,297.232764807971,33.161426728191174
2025-07-05 20:44:23.076318,rack_5,324.3483110400638,34.522240698248254
2025-07-05 20:59:23.076318,rack_5,282.77777800074193,29.272508237801823
2025-07-05 21:14:23.076318,rack_5,319.80184137201405,32.475456569466445
2025-07-05 21:29:23.076318,rack_5,322.49912067354234,33.2874193560107
2025-07-05 21:44:23.076318,rack_5,354.3936110136217,35.63831312809423
2025-07-05 21:59:23.076318,rack_5,298.7529469807144,31.125626417408828
2025-07-05 22:14:23.076318,rack_5,286.9452791613411,34.217405102373725
2025-07-05 22:29:23.076318,rack_5,330.7708443551404,32.895009565406056
2025-07-05 22:44:23.076318,rack_5,341.34331182103,34.95749275935714
2025-07-05 22:59:23.076318,rack_5,327.10072140276185,32.97069851233968
2025-07-05 23:14:23.076318,rack_5,410.4107201718907,34.625145804914055
2025-07-05 23:29:23.076318,rack_5,294.54333178578435,33.44314644645932
2025-07-05 23:44:23.076318,rack_5,356.43430951209086,34.555394900711484
2025-07-05 23:59:23.076318,rack_5,347.0975663501865,30.634377934502044
2025-07-06 00:14:23.076318,rack_5,321.72140691482275,33.13243446324114
2025-07-06 00:29:23.076318,rack_5,361.91859107777947,35.62072540686653
2025-07-06 00:44:23.076318,rack_5,382.19262454330755,35.61635347175528
2025-07-06 00:59:23.076318,rack_5,347.7321546054298,36.544148690617966
2025-07-06 01:14:23.076318,rack_5,373.119349914049,35.16792960061217
2025-07-06 01:29:23.076318,rack_5,376.78648050199627,33.91429521473685
2025-07-06 01:44:23.076318,rack_5,284.09294969517583,34.734185729152955
2025-07-06 01:59:23.076318,rack_5,374.2470398784592,35.0211165748693
2025-07-06 02:14:23.076318,rack_5,299.51953193167003,30.65789347020027
2025-07-06 02:29:23.076318,rack_5,312.5944045498677,33.933080945730424
2025-07-06 02:44:23.076318,rack_5,368.67391584329147,35.626623211903535
2025-07-06 02:59:23.076318,rack_5,339.7671613125478,32.79963767320235
2025-07-06 03:14:23.076318,rack_5,380.61480797205786,34.69369234236596
2025-07-06 03:29:23.076318,rack_5,330.7811060838043,34.192388908288294
2025-07-06 03:44:23.076318,rack_5,331.3658455889331,29.202175628222836
2025-07-06 03:59:23.076318,rack_5,328.58671300084023,35.057396342472984
2025-07-06 04:14:23.076318,rack_5,311.38612606564595,33.765020425672844
2025-07-06 04:29:23.076318,rack_5,358.9411912858589,32.621136219356934
2025-07-06 04:44:23.076318,rack_5,294.7023019902117,33.81778828614677
2025-07-06 04:59:23.076318,rack_5,351.7851671394469,33.50512834567587
2025-07-06 05:14:23.076318,rack_5,380.8173242183644,37.283775255808976
2025-07-06 05:29:23.076318,rack_5,273.70177279184537,32.27882579605729
2025-07-06 05:44:23.076318,rack_5,363.690891763632,33.02285366960604
2025-07-06 05:59:23.076318,rack_5,315.8168059322279,30.31643096882677
2025-07-06 06:14:23.076318,rack_5,333.58537351694577,33.774124042028895
2025-07-06 06:29:23.076318,rack_5,375.4037275269175,36.28736408474794
2025-07-06 06:44:23.076318,rack_5,337.52740597704076,32.62041699005229
2025-07-06 06:59:23.076318,rack_5,357.3562698282162,33.9799505991387
2025-07-06 07:14:23.076318,rack_5,299.0366026456112,32.266067117349785
2025-07-06 07:29:23.076318,rack_5,315.6840200823734,31.4245057928477
2025-07-06 07:44:23.076318,rack_5,298.73246617827823,31.787304686043395
2025-07-06 07:59:23.076318,rack_5,372.42402061126086,34.945112014469956
2025-07-06 08:14:23.076318,rack_5,310.30823719660106,33.245378676854514
2025-07-06 08:29:23.076318,rack_5,335.1280600768025,34.98043772863834
2025-07-06 08:44:23.076318,rack_5,340.79672080423467,36.506526721453994
2025-07-06 08:59:23.076318,rack_5,362.1973469658758,37.13537465059639
2025-07-06 09:14:23.076318,rack_5,349.9904601458584,32.59757769810907
2025-07-06 09:29:23.076318,rack_5,359.2757408938058,34.88413513467678
2025-07-06 09:44:23.076318,rack_5,353.5835343196122,34.357470638563356
2025-07-06 09:59:23.076318,rack_5,344.82874960440046,35.18473474033286
2025-07-06 10:14:23.076318,rack_5,349.0796311975929,31.691710849415642
2025-07-06 10:29:23.076318,rack_5,346.39990454946553,31.510143643520692
2025-07-06 10:44:23.076318,rack_5,342.77880672353064,33.84945337694537
2025-07-06 10:59:23.076318,rack_5,297.7670793937802,29.74932041769282
2025-07-06 11:14:23.076318,rack_5,320.52906435596947,32.78248672138292
2025-07-06 11:29:23.076318,rack_5,352.5116055708748,33.378893561658714
2025-07-06 11:44:23.076318,rack_5,303.3890453691968,32.427179858412465
2025-07-06 11:59:23.076318,rack_5,305.56631180241305,33.44241544772264
2025-07-06 12:14:23.076318,rack_5,356.5245268565156,35.69422893316278
2025-07-06 12:29:23.076318,rack_5,298.1490571670261,31.889609446112633
2025-07-06 12:44:23.076318,rack_5,333.8363812647207,34.014891659782556
2025-07-06 12:59:23.076318,rack_5,333.0911220333832,33.49593835050553
2025-07-06 13:14:23.076318,rack_5,314.6052066320705,31.29775806229015
2025-07-06 13:29:23.076318,rack_5,390.5393725018821,33.77369008911151
2025-07-06 13:44:23.076318,rack_5,368.45751562796875,33.372591657870245
2025-07-06 13:59:23.076318,rack_5,346.0032794195237,30.0795751747636
2025-07-06 14:14:23.076318,rack_5,310.40186157660645,33.76561244250781
2025-07-06 14:29:23.076318,rack_5,326.3594096616671,34.03956015910752
2025-07-06 14:44:23.076318,rack_5,349.3752802665923,34.367908990360476
2025-07-06 14:59:23.076318,rack_5,338.954050268753,32.99740684722383
2025-07-06 15:14:23.076318,rack_5,287.6752937798446,30.856189363032136
2025-07-06 15:29:23.076318,rack_5,374.8648333873205,33.37551581195144
2025-07-06 15:44:23.076318,rack_5,369.7217195553524,33.56142145633847
2025-07-06 15:59:23.076318,rack_5,399.9124271926167,36.08671975599707
2025-07-06 16:14:23.076318,rack_5,346.88742024440495,33.67973277584335
2025-07-06 16:29:23.076318,rack_5,290.50611620895774,31.902919992058134
2025-07-06 16:44:23.076318,rack_5,329.0557843388915,32.41536188959287
2025-07-06 16:59:23.076318,rack_5,377.1641402948465,35.75768918594039
2025-07-06 17:14:23.076318,rack_5,350.3386730690725,33.69570115709099
2025-07-06 17:29:23.076318,rack_5,342.65759370661937,33.00917960575123
2025-07-06 17:44:23.076318,rack_5,320.9191385975709,33.89044198627235
2025-06-29 17:59:23.076318,rack_6,269.10780747844746,30.745735667114488
2025-06-29 18:14:23.076318,rack_6,245.87619063798337,33.30243827573271
2025-06-29 18:29:23.076318,rack_6,331.5380393158123,34.529740566845625
2025-06-29 18:44:23.076318,rack_6,273.3790162431315,30.331043882352088
2025-06-29 18:59:23.076318,rack_6,329.92262056411386,32.884316885166484
2025-06-29 19:14:23.076318,rack_6,286.6248123543578,31.381114298145363
2025-06-29 19:29:23.076318,rack_6,294.8267514628809,32.188043793377915
2025-06-29 19:44:23.076318,rack_6,317.4701139241508,32.0555136455407
2025-06-29 19:59:23.076318,rack_6,348.04028094379834,32.903272638493256
2025-06-29 20:14:23.076318,rack_6,324.08369993831093,34.737196288743554
2025-06-29 20:29:23.076318,rack_6,291.0261505032676,31.120892439442994
2025-06-29 20:44:23.076318,rack_6,341.29236291134487,37.44548652055933
2025-06-29 20:59:23.076318,rack_6,320.0684475890767,33.87852045496925
2025-06-29 21:14:23.076318,rack_6,351.0928916567722,33.318145413426606
2025-06-29 21:29:23.076318,rack_6,305.42948962881394,32.20686888645064
2025-06-29 21:44:23.076318,rack_6,295.36169699452387,32.150041967784624
2025-06-29 21:59:23.076318,rack_6,255.2100890190443,30.83552863163635
2025-06-29 22:14:23.076318,rack_6,345.56957034595666,34.686433076101125
2025-06-29 22:29:23.076318,rack_6,300.58401460844243,30.444013375657363
2025-06-29 22:44:23.076318,rack_6,303.91309155363325,29.197344040766723
2025-06-29 22:59:23.076318,rack_6,280.781101938741,32.56666243768987
2025-06-29 23:14:23.076318,rack_6,337.5093956773059,34.85274445432556
2025-06-29 23:29:23.076318,rack_6,262.93735480967825,32.17708541676093
2025-06-29 23:44:23.076318,rack_6,271.19958556169837,31.95287815987304
2025-06-29 23:59:23.076318,rack_6,300.85872858431065,32.00592744914659
2025-06-30 00:14:23.076318,rack_6,277.7923627734886,32.11035387062623
2025-06-30 00:29:23.076318,rack_6,324.10164375438603,32.79154291614368
2025-06-30 00:44:23.076318,rack_6,250.92225925568133,31.59462847008911
2025-06-30 00:59:23.076318,rack_6,281.72731209144627,34.63230036176203
2025-06-30 01:14:23.076318,rack_6,307.6449082226867,32.36281478542381
2025-06-30 01:29:23.076318,rack_6,277.87343198321,31.774547674681642
2025-06-30 01:44:23.076318,rack_6,281.0743152557004,33.15788834584625
2025-06-30 01:59:23.076318,rack_6,276.72190435367213,29.763424323398528
2025-06-30 02:14:23.076318,rack_6,256.1573478280951,30.682254805914205
2025-06-30 02:29:23.076318,rack_6,263.2515889259831,30.087139151466175
2025-06-30 02:44:23.076318,rack_6,259.3933579047784,30.79263219697345
2025-06-30 02:59:23.076318,rack_6,340.76979697815904,36.655584205665555
2025-06-30 03:14:23.076318,rack_6,276.17651516158696,31.50506535096517
2025-06-30 03:29:23.076318,rack_6,302.17490763806796,32.60941336128264
2025-06-30 03:44:23.076318,rack_6,270.0095761434885,32.315081121501045
2025-06-30 03:59:23.076318,rack_6,284.1861083547275,30.313976912850016
2025-06-30 04:14:23.076318,rack_6,264.9358481641976,31.28243656861043
2025-06-30 04:29:23.076318,rack_6,288.25796684278504,31.269597581468698
2025-06-30 04:44:23.076318,rack_6,338.4235105799197,33.47627090282999
2025-06-30 04:59:23.076318,rack_6,304.30662590594994,33.094916304012315
2025-06-30 05:14:23.076318,rack_6,278.69486541155476,32.74531539035563
2025-06-30 05:29:23.076318,rack_6,272.92381695522016,35.77038749253872
2025-06-30 05:44:23.076318,rack_6,316.74910536703635,33.271067262719264
2025-06-30 05:59:23.076318,rack_6,271.9534265282535,33.300823417798576
2025-06-30 06:14:23.076318,rack_6,276.6642648625646,31.417924778830127
2025-06-30 06:29:23.076318,rack_6,310.0130669737816,32.237274656241404
2025-06-30 06:44:23.076318,rack_6,288.28391539824554,33.30241250033732
2025-06-30 06:59:23.076318,rack_6,281.10232738807554,34.118934544287235
2025-06-30 07:14:23.076318,rack_6,289.857582933013,28.15548554914785
2025-06-30 07:29:23.076318,rack_6,307.33543771472694,32.7982731135297
2025-06-30 07:44:23.076318,rack_6,308.9328899964163,33.33254716462879
2025-06-30 07:59:23.076318,rack_6,275.0869354505959,33.0535934810991
2025-06-30 08:14:23.076318,rack_6,326.34056393698,32.51731331371129
2025-06-30 08:29:23.076318,rack_6,336.48556504896976,33.788440401652615
2025-06-30 08:44:23.076318,rack_6,263.86375653942827,29.7890944298213
2025-06-30 08:59:23.076318,rack_6,319.2441760408082,31.280670560015807
2025-06-30 09:14:23.076318,rack_6,330.1951355558943,31.681007589694374
2025-06-30 09:29:23.076318,rack_6,339.7327554259909,35.21763363698085
2025-06-30 09:44:23.076318,rack_6,323.58340036840605,34.22257534213351
2025-06-30 09:59:23.076318,rack_6,332.7992324699226,34.12461186896907
2025-06-30 10:14:23.076318,rack_6,244.05743796356265,30.823472042488337
2025-06-30 10:29:23.076318,rack_6,316.3319182120751,33.531686701788
2025-06-30 10:44:23.076318,rack_6,238.0497175412464,31.19447022430072
2025-06-30 10:59:23.076318,rack_6,236.89393364136424,29.05418991420104
2025-06-30 11:14:23.076318,rack_6,287.51120569911797,31.199171622056376
2025-06-30 11:29:23.076318,rack_6,294.2508049148006,30.85273678001901
2025-06-30 11:44:23.076318,rack_6,310.18357726214464,31.17258118546794
2025-06-30 11:59:23.076318,rack_6,276.6587313359691,31.43890929318272
2025-06-30 12:14:23.076318,rack_6,368.7440191550709,34.279000145340376
2025-06-30 12:29:23.076318,rack_6,336.372079468653,36.39936180016758
2025-06-30 12:44:23.076318,rack_6,333.03161662611416,34.129107957861095
2025-06-30 12:59:23.076318,rack_6,291.60792722035194,32.97977405694282
2025-06-30 13:14:23.076318,rack_6,273.69403531592184,31.79091781027923
2025-06-30 13:29:23.076318,rack_6,281.3202820965596,34.8265120578297
2025-06-30 13:44:23.076318,rack_6,309.28800779071474,32.450684637337964
2025-06-30 13:59:23.076318,rack_6,328.6827801038364,32.00777818751821
2025-06-30 14:14:23.076318,rack_6,256.90258871456933,31.79976665071476
2025-06-30 14:29:23.076318,rack_6,287.97588433847164,31.342409542433977
2025-06-30 14:44:23.076318,rack_6,290.5598365873011,34.75858063534966
2025-06-30 14:59:23.076318,rack_6,295.2718699209265,33.435956811247664
2025-06-30 15:14:23.076318,rack_6,272.0480944655311,34.573067294111254
2025-06-30 15:29:23.076318,rack_6,336.3025639275743,33.95548569306426
2025-06-30 15:44:23.076318,rack_6,344.56188331555694,33.45055653456357
2025-06-30 15:59:23.076318,rack_6,299.7509089455107,35.389326834342654
2025-06-30 16:14:23.076318,rack_6,335.06338489618594,35.25925309798203
2025-06-30 16:29:23.076318,rack_6,309.97375794338984,32.38898641167386
2025-06-30 16:44:23.076318,rack_6,234.51041752889984,32.11989610409787
2025-06-30 16:59:23.076318,rack_6,256.8863610836514,31.22692386549933
2025-06-30 17:14:23.076318,rack_6,332.86523183884674,32.471359482129834
2025-06-30 17:29:23.076318,rack_6,295.91377924763566,31.578088795230713
2025-06-30 17:44:23.076318,rack_6,307.2385814667762,33.48710256570021
2025-06-30 17:59:23.076318,rack_6,290.57336009340224,31.798593572442076
2025-06-30 18:14:23.076318,rack_6,360.53649852128405,35.40221306311852
2025-06-30 18:29:23.076318,rack_6,334.31801341609975,34.48649893423576
2025-06-30 18:44:23.076318,rack_6,297.21022144008856,33.02512492471339
2025-06-30 18:59:23.076318,rack_6,269.5565460268114,31.9642486549239
2025-06-30 19:14:23.076318,rack_6,320.50058144221396,36.22861727944469
2025-06-30 19:29:23.076318,rack_6,336.6955541471729,36.11577486495538
2025-06-30 19:44:23.076318,rack_6,304.34687042675887,33.888025138224066
2025-06-30 19:59:23.076318,rack_6,286.21921972016247,31.42534202127558
2025-06-30 20:14:23.076318,rack_6,302.32983586727335,31.89875842608505
2025-06-30 20:29:23.076318,rack_6,285.73006170245117,33.62909576008769
2025-06-30 20:44:23.076318,rack_6,337.9583393515214,32.57244693669723
2025-06-30 20:59:23.076318,rack_6,283.05237422983237,31.80581433463878
2025-06-30 21:14:23.076318,rack_6,267.61406262045324,32.104034560869685
2025-06-30 21:29:23.076318,rack_6,354.4887196265924,32.235373470551195
2025-06-30 21:44:23.076318,rack_6,294.2292772793706,32.534364477353286
2025-06-30 21:59:23.076318,rack_6,270.74401887528853,33.67070691118606
2025-06-30 22:14:23.076318,rack_6,300.99719714906956,33.06291015669012
2025-06-30 22:29:23.076318,rack_6,300.2733737532344,31.773608099922324
2025-06-30 22:44:23.076318,rack_6,292.81190019914766,30.81151978708676
2025-06-30 22:59:23.076318,rack_6,294.67932417792895,31.676745272881206
2025-06-30 23:14:23.076318,rack_6,246.5192108714336,33.00942487868339
2025-06-30 23:29:23.076318,rack_6,282.2439251418729,33.1987513220038
2025-06-30 23:44:23.076318,rack_6,318.85432378198254,36.03821044400632
2025-06-30 23:59:23.076318,rack_6,319.2777764238938,32.29179661004144
2025-07-01 00:14:23.076318,rack_6,313.4921876960478,35.399119847348835
2025-07-01 00:29:23.076318,rack_6,273.39680436207885,29.79957699752684
2025-07-01 00:44:23.076318,rack_6,297.36430680861645,31.520914048166944
2025-07-01 00:59:23.076318,rack_6,319.24795602409165,32.55906908685782
2025-07-01 01:14:23.076318,rack_6,301.3408452784651,31.06040604996747
2025-07-01 01:29:23.076318,rack_6,279.7135455337986,31.505189440711447
2025-07-01 01:44:23.076318,rack_6,309.26779650356025,31.69645375313521
2025-07-01 01:59:23.076318,rack_6,266.7354239883841,31.479873770050894
2025-07-01 02:14:23.076318,rack_6,223.70305728867032,30.39972274322169
2025-07-01 02:29:23.076318,rack_6,278.0571781908831,30.568812177933694
2025-07-01 02:44:23.076318,rack_6,297.9298683880015,33.641004681945994
2025-07-01 02:59:23.076318,rack_6,306.7260402844996,31.210736769137263
2025-07-01 03:14:23.076318,rack_6,244.49009946649514,32.11501230875048
2025-07-01 03:29:23.076318,rack_6,283.6827590908656,29.266911676882962
2025-07-01 03:44:23.076318,rack_6,285.63221522569273,30.971011758358706
2025-07-01 03:59:23.076318,rack_6,297.7232401894453,34.652375696297796
2025-07-01 04:14:23.076318,rack_6,283.9437117713572,31.906483192339095
2025-07-01 04:29:23.076318,rack_6,318.42330050578926,33.71483229438502
2025-07-01 04:44:23.076318,rack_6,347.4910212920595,34.21468749978846
2025-07-01 04:59:23.076318,rack_6,316.9899349292607,34.72503299341877
2025-07-01 05:14:23.076318,rack_6,321.27096488251044,34.523269806660494
2025-07-01 05:29:23.076318,rack_6,316.04367125496503,36.69079036253021
2025-07-01 05:44:23.076318,rack_6,257.05257695549716,32.01972320536647
2025-07-01 05:59:23.076318,rack_6,348.3463757764922,32.36925060973922
2025-07-01 06:14:23.076318,rack_6,331.0701296366989,33.55882709203802
2025-07-01 06:29:23.076318,rack_6,291.140916915603,32.61800957101715
2025-07-01 06:44:23.076318,rack_6,254.2464415553991,34.13543907596495
2025-07-01 06:59:23.076318,rack_6,288.0974193650371,31.577624509909175
2025-07-01 07:14:23.076318,rack_6,307.6258544681313,34.26426778320359
2025-07-01 07:29:23.076318,rack_6,292.2986615577427,33.42830407757147
2025-07-01 07:44:23.076318,rack_6,279.6961618682395,32.81381310339646
2025-07-01 07:59:23.076318,rack_6,234.49115296328765,30.35176397519123
2025-07-01 08:14:23.076318,rack_6,333.6709731487797,31.586024365174417
2025-07-01 08:29:23.076318,rack_6,290.9362578831664,30.685143581565008
2025-07-01 08:44:23.076318,rack_6,305.22923723248147,32.87998683222816
2025-07-01 08:59:23.076318,rack_6,291.81675747593937,34.49036950212686
2025-07-01 09:14:23.076318,rack_6,295.68308870409606,31.36740165556902
2025-07-01 09:29:23.076318,rack_6,282.7187373182518,33.58739900283233
2025-07-01 09:44:23.076318,rack_6,325.7218706411239,32.11234832795272
2025-07-01 09:59:23.076318,rack_6,339.0376042328031,30.870950079409468
2025-07-01 10:14:23.076318,rack_6,309.6993697726119,29.110527595143942
2025-07-01 10:29:23.076318,rack_6,303.1427861709827,32.6568073075576
2025-07-01 10:44:23.076318,rack_6,288.534039303298,33.450729558695066
2025-07-01 10:59:23.076318,rack_6,347.56805232884835,34.27322366974895
2025-07-01 11:14:23.076318,rack_6,304.1325820548136,31.07466417544165
2025-07-01 11:29:23.076318,rack_6,286.48860517660916,32.29837234792789
2025-07-01 11:44:23.076318,rack_6,258.4777481979669,27.96414928972448
2025-07-01 11:59:23.076318,rack_6,292.12323753685695,33.856433111402495
2025-07-01 12:14:23.076318,rack_6,367.4018740061947,35.467161941426696
2025-07-01 12:29:23.076318,rack_6,245.83901030716487,31.385977303282733
2025-07-01 12:44:23.076318,rack_6,283.95771482500373,32.62864206164758
2025-07-01 12:59:23.076318,rack_6,273.3250015018633,32.00844784222938
2025-07-01 13:14:23.076318,rack_6,258.15948498324184,32.07170728843314
2025-07-01 13:29:23.076318,rack_6,308.97399329146543,35.98228747851867
2025-07-01 13:44:23.076318,rack_6,259.2743596172353,31.904163872808713
2025-07-01 13:59:23.076318,rack_6,318.48922328483553,35.64358875927773
2025-07-01 14:14:23.076318,rack_6,311.0575875345864,30.905115804700017
2025-07-01 14:29:23.076318,rack_6,328.5069986511576,33.367146611586556
2025-07-01 14:44:23.076318,rack_6,247.94180232406325,32.39635969695555
2025-07-01 14:59:23.076318,rack_6,308.6553774730991,34.494324659989104
2025-07-01 15:14:23.076318,rack_6,327.76097232494305,34.692081183846746
2025-07-01 15:29:23.076318,rack_6,278.6464640434712,33.84997087878786
2025-07-01 15:44:23.076318,rack_6,310.527235012435,31.62187097305495
2025-07-01 15:59:23.076318,rack_6,292.0985488858704,31.440348001332207
2025-07-01 16:14:23.076318,rack_6,286.41341158983033,33.77571757551186
2025-07-01 16:29:23.076318,rack_6,344.3874235272071,34.02606651628754
2025-07-01 16:44:23.076318,rack_6,331.2092400737886,30.738475037945307
2025-07-01 16:59:23.076318,rack_6,333.6416045728138,37.51155156384057
2025-07-01 17:14:23.076318,rack_6,292.11507510030214,35.67803923079527
2025-07-01 17:29:23.076318,rack_6,252.35891361167245,32.31920787241419
2025-07-01 17:44:23.076318,rack_6,309.1671500409211,34.51997087493784
2025-07-01 17:59:23.076318,rack_6,319.8956436058067,33.52046744344532
2025-07-01 18:14:23.076318,rack_6,292.77136932969734,30.745147200404194
2025-07-01 18:29:23.076318,rack_6,313.81850795536417,33.10537352307035
2025-07-01 18:44:23.076318,rack_6,291.8636584296582,31.825500079674143
2025-07-01 18:59:23.076318,rack_6,288.4211276611878,35.66696359270565
2025-07-01 19:14:23.076318,rack_6,273.92783634836303,32.97193884237034
2025-07-01 19:29:23.076318,rack_6,298.1142877715972,33.1039388684867
2025-07-01 19:44:23.076318,rack_6,370.63656751348555,35.50472505349949
2025-07-01 19:59:23.076318,rack_6,272.66179954276174,31.36014941811864
2025-07-01 20:14:23.076318,rack_6,312.78607733912185,34.119949649514055
2025-07-01 20:29:23.076318,rack_6,326.0130123295225,35.30407558664541
2025-07-01 20:44:23.076318,rack_6,312.7605499704459,30.416339637810893
2025-07-01 20:59:23.076318,rack_6,328.16888448048024,35.70232433427887
2025-07-01 21:14:23.076318,rack_6,284.0157058019913,30.119156824600328
2025-07-01 21:29:23.076318,rack_6,297.36648534099425,33.301586791976014
2025-07-01 21:44:23.076318,rack_6,329.0414113845205,36.05483375315381
2025-07-01 21:59:23.076318,rack_6,290.0479672252751,30.638665066971036
2025-07-01 22:14:23.076318,rack_6,283.02231510126177,34.43092542330743
2025-07-01 22:29:23.076318,rack_6,269.18522230934053,34.40562375210574
2025-07-01 22:44:23.076318,rack_6,288.40465092318095,29.836730385212594
2025-07-01 22:59:23.076318,rack_6,320.2298817701987,32.07727497931727
2025-07-01 23:14:23.076318,rack_6,280.0790962462536,31.72789604208935
2025-07-01 23:29:23.076318,rack_6,253.77646595115593,32.46684163067799
2025-07-01 23:44:23.076318,rack_6,339.4304472032061,35.52515875270357
2025-07-01 23:59:23.076318,rack_6,306.9378520234004,31.76264452475188
2025-07-02 00:14:23.076318,rack_6,340.81405451911627,32.097647448835964
2025-07-02 00:29:23.076318,rack_6,315.611674966202,33.70044673778691
2025-07-02 00:44:23.076318,rack_6,351.2747173413911,33.7688721558793
2025-07-02 00:59:23.076318,rack_6,317.66386731626426,32.33462589454553
2025-07-02 01:14:23.076318,rack_6,235.63277097504857,30.470836260548158
2025-07-02 01:29:23.076318,rack_6,218.8175781030896,31.10934624204575
2025-07-02 01:44:23.076318,rack_6,307.0319627750862,34.9358394687163
2025-07-02 01:59:23.076318,rack_6,294.80909101104487,32.252852871065826
2025-07-02 02:14:23.076318,rack_6,293.3431368890101,32.67095764186474
2025-07-02 02:29:23.076318,rack_6,316.2072106484965,33.43714180312378
2025-07-02 02:44:23.076318,rack_6,295.2033884373756,31.801012210206412
2025-07-02 02:59:23.076318,rack_6,250.88625465113574,34.222107609513614
2025-07-02 03:14:23.076318,rack_6,334.847408159226,32.9543478558999
2025-07-02 03:29:23.076318,rack_6,323.59994145826755,31.95017139856084
2025-07-02 03:44:23.076318,rack_6,308.1445550887059,32.28455639324336
2025-07-02 03:59:23.076318,rack_6,245.03395367845906,29.83294006502679
2025-07-02 04:14:23.076318,rack_6,282.77773195375136,32.24219088836764
2025-07-02 04:29:23.076318,rack_6,315.82456749180994,34.77187929236935
2025-07-02 04:44:23.076318,rack_6,287.80909318455764,33.78095967427954
2025-07-02 04:59:23.076318,rack_6,265.5499241965382,32.852016872934136
2025-07-02 05:14:23.076318,rack_6,281.412604215055,32.57432788182568
2025-07-02 05:29:23.076318,rack_6,304.70330389923106,32.55647974202261
2025-07-02 05:44:23.076318,rack_6,318.11940072801997,34.74808495252185
2025-07-02 05:59:23.076318,rack_6,315.0900345453054,31.650373961023067
2025-07-02 06:14:23.076318,rack_6,290.83326772230447,32.179406525319166
2025-07-02 06:29:23.076318,rack_6,391.393051193907,37.14630901551518
2025-07-02 06:44:23.076318,rack_6,245.6877996051088,29.80374997324362
2025-07-02 06:59:23.076318,rack_6,277.6129722194753,35.120964015464494
2025-07-02 07:14:23.076318,rack_6,327.76954707803276,37.33905432741582
2025-07-02 07:29:23.076318,rack_6,302.7330338269727,33.93675746045354
2025-07-02 07:44:23.076318,rack_6,311.5525349843296,32.97419009820776
2025-07-02 07:59:23.076318,rack_6,311.6610050954069,34.06249061749719
2025-07-02 08:14:23.076318,rack_6,314.54065203350655,31.627496437753493
2025-07-02 08:29:23.076318,rack_6,287.8923336119261,33.44742409004888
2025-07-02 08:44:23.076318,rack_6,299.12502265620014,33.21924184474871
2025-07-02 08:59:23.076318,rack_6,313.15407728167474,34.373585572028645
2025-07-02 09:14:23.076318,rack_6,343.9829389698727,33.05852873270382
2025-07-02 09:29:23.076318,rack_6,332.94282392964703,35.88671069771519
2025-07-02 09:44:23.076318,rack_6,297.6873106394923,33.01825855866956
2025-07-02 09:59:23.076318,rack_6,233.13351079268955,33.18928189568905
2025-07-02 10:14:23.076318,rack_6,275.9471656236863,30.285340619272468
2025-07-02 10:29:23.076318,rack_6,276.459027219612,31.577811694659857
2025-07-02 10:44:23.076318,rack_6,341.2596322154783,33.144865069761934
2025-07-02 10:59:23.076318,rack_6,302.1546229224203,33.32629755676001
2025-07-02 11:14:23.076318,rack_6,299.6979455488911,31.470462125987126
2025-07-02 11:29:23.076318,rack_6,293.68869460814176,33.63624006940772
2025-07-02 11:44:23.076318,rack_6,290.14094196715047,30.486640983724595
2025-07-02 11:59:23.076318,rack_6,320.0356211423205,33.921635211437405
2025-07-02 12:14:23.076318,rack_6,286.0779612299778,32.458868343634265
2025-07-02 12:29:23.076318,rack_6,365.46926285155854,33.73288714783795
2025-07-02 12:44:23.076318,rack_6,321.18826825003345,33.545150703842566
2025-07-02 12:59:23.076318,rack_6,309.94117919404977,29.57513856599123
2025-07-02 13:14:23.076318,rack_6,304.82763384490204,33.632920508643515
2025-07-02 13:29:23.076318,rack_6,257.47738193617965,29.936176326822363
2025-07-02 13:44:23.076318,rack_6,282.86206101447135,31.45706855099714
2025-07-02 13:59:23.076318,rack_6,313.4903000089257,32.412914929832496
2025-07-02 14:14:23.076318,rack_6,259.71535567920415,29.402694752040627
2025-07-02 14:29:23.076318,rack_6,266.0108884912917,30.012905256211624
2025-07-02 14:44:23.076318,rack_6,301.72895247853415,32.497849004724806
2025-07-02 14:59:23.076318,rack_6,299.20846548020825,32.208835576277295
2025-07-02 15:14:23.076318,rack_6,319.62984665887444,34.297139495149935
2025-07-02 15:29:23.076318,rack_6,300.0851201395093,30.66395880457301
2025-07-02 15:44:23.076318,rack_6,323.3055346767261,34.280513431366764
2025-07-02 15:59:23.076318,rack_6,332.6957057931497,31.93880939212244
2025-07-02 16:14:23.076318,rack_6,290.0639989509193,32.02175379062263
2025-07-02 16:29:23.076318,rack_6,274.7473922985154,31.800403129785835
2025-07-02 16:44:23.076318,rack_6,359.6124840367639,35.79490417208036
2025-07-02 16:59:23.076318,rack_6,331.3745887298013,32.492940009436595
2025-07-02 17:14:23.076318,rack_6,266.22578596042644,31.173531838701336
2025-07-02 17:29:23.076318,rack_6,287.3448197384416,31.63312933079537
2025-07-02 17:44:23.076318,rack_6,260.170553242761,32.708545619465326
2025-07-02 17:59:23.076318,rack_6,282.74824248686605,34.42491987928837
2025-07-02 18:14:23.076318,rack_6,340.2241208294265,32.72412147343684
2025-07-02 18:29:23.076318,rack_6,312.52502185985145,31.43387346042219
2025-07-02 18:44:23.076318,rack_6,342.99633346366744,32.478717539801856
2025-07-02 18:59:23.076318,rack_6,323.89020669671686,32.32190746193879
2025-07-02 19:14:23.076318,rack_6,317.4768192399302,31.817019651833682
2025-07-02 19:29:23.076318,rack_6,316.5528676788042,31.524942664043248
2025-07-02 19:44:23.076318,rack_6,289.84014933676025,32.18388095596074
2025-07-02 19:59:23.076318,rack_6,267.78403817210227,32.582075844790886
2025-07-02 20:14:23.076318,rack_6,240.2941459402229,28.526440208138084
2025-07-02 20:29:23.076318,rack_6,348.5655506679458,33.243553410088715
2025-07-02 20:44:23.076318,rack_6,266.356657274376,32.371885172043875
2025-07-02 20:59:23.076318,rack_6,276.07208312719916,32.515343529112464
2025-07-02 21:14:23.076318,rack_6,274.0750710071312,31.709730212839737
2025-07-02 21:29:23.076318,rack_6,333.6106014340539,32.04307424537198
2025-07-02 21:44:23.076318,rack_6,305.7379237503845,35.054317268444585
2025-07-02 21:59:23.076318,rack_6,281.3367714344545,32.19271111990208
2025-07-02 22:14:23.076318,rack_6,303.24957750255913,31.77457418008611
2025-07-02 22:29:23.076318,rack_6,306.10978278095774,28.195976864123296
2025-07-02 22:44:23.076318,rack_6,335.4807098555626,34.25824923669655
2025-07-02 22:59:23.076318,rack_6,330.8768824326713,35.43631211629643
2025-07-02 23:14:23.076318,rack_6,282.1285892995696,33.25971972500562
2025-07-02 23:29:23.076318,rack_6,322.7472821778677,34.83991399004349
2025-07-02 23:44:23.076318,rack_6,272.69964206343406,34.99344470440712
2025-07-02 23:59:23.076318,rack_6,285.28048561127287,31.676294740428464
2025-07-03 00:14:23.076318,rack_6,277.2315743592426,33.11837166511136
2025-07-03 00:29:23.076318,rack_6,314.84074131658224,33.18073189859074
2025-07-03 00:44:23.076318,rack_6,268.84697097309015,31.44705375889197
2025-07-03 00:59:23.076318,rack_6,292.9902529785738,33.531191004751946
2025-07-03 01:14:23.076318,rack_6,295.84701761090275,32.40579023006849
2025-07-03 01:29:23.076318,rack_6,272.9287521426342,32.71590604143019
2025-07-03 01:44:23.076318,rack_6,293.70304749632527,31.326462343138555
2025-07-03 01:59:23.076318,rack_6,290.97922963047625,30.604260578038975
2025-07-03 02:14:23.076318,rack_6,243.3295433248906,31.266720343018783
2025-07-03 02:29:23.076318,rack_6,319.7746257102989,33.34835417348147
2025-07-03 02:44:23.076318,rack_6,288.9902410652224,33.13158006883017
2025-07-03 02:59:23.076318,rack_6,255.52211951518092,32.12773236796189
2025-07-03 03:14:23.076318,rack_6,256.3891802240836,28.975808952754928
2025-07-03 03:29:23.076318,rack_6,317.1125193240977,32.28266800439798
2025-07-03 03:44:23.076318,rack_6,227.3289218174243,29.80097033938607
2025-07-03 03:59:23.076318,rack_6,251.51979866784558,30.257929450031735
2025-07-03 04:14:23.076318,rack_6,299.8060001751337,33.112727531655096
2025-07-03 04:29:23.076318,rack_6,229.9113984199809,28.76002436527981
2025-07-03 04:44:23.076318,rack_6,302.07958256726556,32.647533205476535
2025-07-03 04:59:23.076318,rack_6,307.46381554024066,31.96142923087211
2025-07-03 05:14:23.076318,rack_6,257.13861515034813,32.51214103472169
2025-07-03 05:29:23.076318,rack_6,322.12957915006945,31.98774675332246
2025-07-03 05:44:23.076318,rack_6,356.1126102699095,33.44877370962433
2025-07-03 05:59:23.076318,rack_6,332.5613655449352,36.08264665253237
2025-07-03 06:14:23.076318,rack_6,320.50598868742475,32.689084280836425
2025-07-03 06:29:23.076318,rack_6,334.9131791108423,35.292445574806806
2025-07-03 06:44:23.076318,rack_6,290.52614338228443,32.51643090580797
2025-07-03 06:59:23.076318,rack_6,296.0062132842733,33.111961715444515
2025-07-03 07:14:23.076318,rack_6,258.42303654937245,33.317101442379645
2025-07-03 07:29:23.076318,rack_6,283.0864921677331,32.89536159755794
2025-07-03 07:44:23.076318,rack_6,329.8452366771229,34.427106375340955
2025-07-03 07:59:23.076318,rack_6,286.1302100941832,35.84619566777172
2025-07-03 08:14:23.076318,rack_6,325.31819857514404,33.44468880208302
2025-07-03 08:29:23.076318,rack_6,291.78694776198773,31.251724138026976
2025-07-03 08:44:23.076318,rack_6,300.13506347317383,33.27068339382398
2025-07-03 08:59:23.076318,rack_6,350.2345384067887,35.19618241210004
2025-07-03 09:14:23.076318,rack_6,270.50021843904926,31.371116027693343
2025-07-03 09:29:23.076318,rack_6,232.31298255989594,31.356203042253227
2025-07-03 09:44:23.076318,rack_6,316.8410624907294,34.7118738000487
2025-07-03 09:59:23.076318,rack_6,263.66575474462144,32.91106821975556
2025-07-03 10:14:23.076318,rack_6,303.02323396980984,31.810053279586946
2025-07-03 10:29:23.076318,rack_6,289.4812725032095,34.8159326097621
2025-07-03 10:44:23.076318,rack_6,282.60781638617794,32.018649121095976
2025-07-03 10:59:23.076318,rack_6,314.58420095186136,35.509181789716855
2025-07-03 11:14:23.076318,rack_6,298.2431462239877,33.976445893343005
2025-07-03 11:29:23.076318,rack_6,218.12769039420942,29.51764228604127
2025-07-03 11:44:23.076318,rack_6,275.4313219477397,31.721295965737397
2025-07-03 11:59:23.076318,rack_6,305.54733598729894,31.821572522167617
2025-07-03 12:14:23.076318,rack_6,313.3444112562871,32.19258906423234
2025-07-03 12:29:23.076318,rack_6,288.353380361611,35.14228003126469
2025-07-03 12:44:23.076318,rack_6,288.4442011728792,35.73982127166633
2025-07-03 12:59:23.076318,rack_6,278.2456348777465,32.963651829180066
2025-07-03 13:14:23.076318,rack_6,349.41434359904656,35.439738410618645
2025-07-03 13:29:23.076318,rack_6,286.4203830919961,33.771909101496455
2025-07-03 13:44:23.076318,rack_6,293.6481088571103,30.9663184078154
2025-07-03 13:59:23.076318,rack_6,249.52657572176017,31.31181689236801
2025-07-03 14:14:23.076318,rack_6,282.83558834013314,32.204392945030776
2025-07-03 14:29:23.076318,rack_6,330.360752708616,34.32646160717665
2025-07-03 14:44:23.076318,rack_6,327.13880738520584,35.83115688662702
2025-07-03 14:59:23.076318,rack_6,295.91157345196785,32.910897587848375
2025-07-03 15:14:23.076318,rack_6,292.08301933614905,34.89700533091929
2025-07-03 15:29:23.076318,rack_6,313.3977334557122,34.80831712335749
2025-07-03 15:44:23.076318,rack_6,248.14861010337526,33.108645852256835
2025-07-03 15:59:23.076318,rack_6,248.30216923351185,33.454751509757926
2025-07-03 16:14:23.076318,rack_6,295.6459188730054,33.283642422062954
2025-07-03 16:29:23.076318,rack_6,354.36536938220655,36.520776342382405
2025-07-03 16:44:23.076318,rack_6,288.6383466240596,32.29648158389585
2025-07-03 16:59:23.076318,rack_6,317.50224787774437,34.124089564891214
2025-07-03 17:14:23.076318,rack_6,315.72043297746086,32.90043744377206
2025-07-03 17:29:23.076318,rack_6,325.22295907134793,33.283865496436704
2025-07-03 17:44:23.076318,rack_6,319.87788811696566,33.838549665133584
2025-07-03 17:59:23.076318,rack_6,341.24266613172017,32.1772680153017
2025-07-03 18:14:23.076318,rack_6,308.22049879557017,34.12933970352012
2025-07-03 18:29:23.076318,rack_6,297.22919820392633,31.656363001368973
2025-07-03 18:44:23.076318,rack_6,268.3950186165033,30.284774042282184
2025-07-03 18:59:23.076318,rack_6,304.7260441604055,35.42525990682529
2025-07-03 19:14:23.076318,rack_6,319.16692398008576,32.19390501515253
2025-07-03 19:29:23.076318,rack_6,259.7092387793765,33.112765528383626
2025-07-03 19:44:23.076318,rack_6,364.77589637656706,34.91659175943724
2025-07-03 19:59:23.076318,rack_6,289.7879108891894,32.754957026433864
2025-07-03 20:14:23.076318,rack_6,280.78854356383346,30.96935457573176
2025-07-03 20:29:23.076318,rack_6,347.31545827105595,35.13051049705217
2025-07-03 20:44:23.076318,rack_6,265.74640717120457,29.494520918953043
2025-07-03 20:59:23.076318,rack_6,304.3875569392088,32.84564151874513
2025-07-03 21:14:23.076318,rack_6,326.59329270684077,35.234999356755246
2025-07-03 21:29:23.076318,rack_6,247.6717087776938,32.51448973007304
2025-07-03 21:44:23.076318,rack_6,289.1784246502818,33.46780645957965
2025-07-03 21:59:23.076318,rack_6,268.1545905187664,30.64820190296753
2025-07-03 22:14:23.076318,rack_6,302.81968965955804,35.24057156306638
2025-07-03 22:29:23.076318,rack_6,323.35851020897763,37.01243071092613
2025-07-03 22:44:23.076318,rack_6,300.46777838717685,31.183261074492435
2025-07-03 22:59:23.076318,rack_6,318.3065476597913,30.785812860907836
2025-07-03 23:14:23.076318,rack_6,309.3476415470469,32.30760311941746
2025-07-03 23:29:23.076318,rack_6,320.2868952801827,33.38094067828217
2025-07-03 23:44:23.076318,rack_6,269.4045833327207,28.791994862420257
2025-07-03 23:59:23.076318,rack_6,327.31335769996474,33.47859211153029
2025-07-04 00:14:23.076318,rack_6,311.42140218160137,33.53070824370611
2025-07-04 00:29:23.076318,rack_6,276.1007496272775,33.21410810592463
2025-07-04 00:44:23.076318,rack_6,265.5842241477968,32.66767759598327
2025-07-04 00:59:23.076318,rack_6,328.2547571948368,31.823237092896825
2025-07-04 01:14:23.076318,rack_6,249.8968531835439,32.47685530180196
2025-07-04 01:29:23.076318,rack_6,331.3299570972305,32.81682290494345
2025-07-04 01:44:23.076318,rack_6,291.4667898607464,34.31873760583251
2025-07-04 01:59:23.076318,rack_6,343.53563684927855,31.797277789278347
2025-07-04 02:14:23.076318,rack_6,301.4452599659941,35.33147700314259
2025-07-04 02:29:23.076318,rack_6,253.39389064028973,32.56876359158122
2025-07-04 02:44:23.076318,rack_6,279.05370961832136,32.67024744598905
2025-07-04 02:59:23.076318,rack_6,348.5754558058182,34.231293855821434
2025-07-04 03:14:23.076318,rack_6,316.36665328967604,31.81948802052717
2025-07-04 03:29:23.076318,rack_6,241.0681576701123,31.760682041426577
2025-07-04 03:44:23.076318,rack_6,323.51749209,34.93638425525654
2025-07-04 03:59:23.076318,rack_6,304.177500955022,33.734061045700216
2025-07-04 04:14:23.076318,rack_6,265.52535991986423,33.59115432318848
2025-07-04 04:29:23.076318,rack_6,322.05988478126324,35.32588426892979
2025-07-04 04:44:23.076318,rack_6,335.48210438234804,34.13190912523411
2025-07-04 04:59:23.076318,rack_6,297.91758669265175,31.96317045562958
2025-07-04 05:14:23.076318,rack_6,280.54638910882807,33.54871799093319
2025-07-04 05:29:23.076318,rack_6,264.78091486739,33.14129859860903
2025-07-04 05:44:23.076318,rack_6,271.83728580324475,31.968296526115537
2025-07-04 05:59:23.076318,rack_6,328.279913062731,35.93953883182082
2025-07-04 06:14:23.076318,rack_6,333.2642915857105,34.3413289240658
2025-07-04 06:29:23.076318,rack_6,272.66598883309945,30.708846772299793
2025-07-04 06:44:23.076318,rack_6,353.2948388407807,35.657860540338724
2025-07-04 06:59:23.076318,rack_6,291.4107160238374,31.382186377224787
2025-07-04 07:14:23.076318,rack_6,293.4911427760075,31.017730562248094
2025-07-04 07:29:23.076318,rack_6,322.56769217541506,32.337232022902
2025-07-04 07:44:23.076318,rack_6,269.7643692060332,30.072794591758708
2025-07-04 07:59:23.076318,rack_6,332.6729161014863,34.34325515342083
2025-07-04 08:14:23.076318,rack_6,262.21843482081897,33.17916291127519
2025-07-04 08:29:23.076318,rack_6,347.8996139279452,33.68236016848669
2025-07-04 08:44:23.076318,rack_6,247.82472771498857,31.76565753399039
2025-07-04 08:59:23.076318,rack_6,302.00549362560844,31.735746666254897
2025-07-04 09:14:23.076318,rack_6,305.65558662099,35.551804997670004
2025-07-04 09:29:23.076318,rack_6,285.01605917334325,34.21913115055436
2025-07-04 09:44:23.076318,rack_6,344.59023442266323,31.531396591176005
2025-07-04 09:59:23.076318,rack_6,331.86820844612464,31.694015165585718
2025-07-04 10:14:23.076318,rack_6,241.40979004119146,31.164289580213268
2025-07-04 10:29:23.076318,rack_6,242.45481981423404,31.00440802723524
2025-07-04 10:44:23.076318,rack_6,334.2458900234292,36.46568472262559
2025-07-04 10:59:23.076318,rack_6,297.13975392531773,33.399204888880526
2025-07-04 11:14:23.076318,rack_6,304.32418861255076,35.06384523530214
2025-07-04 11:29:23.076318,rack_6,344.76106697506526,32.70333426091792
2025-07-04 11:44:23.076318,rack_6,300.57931875228206,34.869895905686334
2025-07-04 11:59:23.076318,rack_6,334.0993736352222,34.55641411898509
2025-07-04 12:14:23.076318,rack_6,301.61516331993863,36.469449716427974
2025-07-04 12:29:23.076318,rack_6,302.6474797807791,33.468653391898116
2025-07-04 12:44:23.076318,rack_6,340.6738394711263,34.5685848469004
2025-07-04 12:59:23.076318,rack_6,316.6972058416186,34.388930341992875
2025-07-04 13:14:23.076318,rack_6,346.24946204338363,36.43816863948881
2025-07-04 13:29:23.076318,rack_6,275.6066797022553,31.85935203194199
2025-07-04 13:44:23.076318,rack_6,299.4946433210797,31.98275017427992
2025-07-04 13:59:23.076318,rack_6,283.23868639615165,32.70128228473595
2025-07-04 14:14:23.076318,rack_6,278.067038308737,28.53689227214407
2025-07-04 14:29:23.076318,rack_6,340.818229672609,34.93250875741227
2025-07-04 14:44:23.076318,rack_6,337.6380582570725,33.4802415565979
2025-07-04 14:59:23.076318,rack_6,291.54050639341284,34.514277709716936
2025-07-04 15:14:23.076318,rack_6,307.1924411095824,34.795101733134146
2025-07-04 15:29:23.076318,rack_6,329.83814151906364,33.87989348186531
2025-07-04 15:44:23.076318,rack_6,348.1881751511475,33.694450632677494
2025-07-04 15:59:23.076318,rack_6,299.0957420252534,34.46695005868633
2025-07-04 16:14:23.076318,rack_6,303.381521138966,32.06169703380961
2025-07-04 16:29:23.076318,rack_6,266.00650842792646,31.609002450890703
2025-07-04 16:44:23.076318,rack_6,299.70067573818784,32.6672469989457
2025-07-04 16:59:23.076318,rack_6,301.36726332210094,33.07842797661644
2025-07-04 17:14:23.076318,rack_6,239.84265822462206,33.3124322915462
2025-07-04 17:29:23.076318,rack_6,343.9911715910673,36.238271173056084
2025-07-04 17:44:23.076318,rack_6,250.74137613576647,30.208366544093984
2025-07-04 17:59:23.076318,rack_6,307.4504426921631,31.381975904611764
2025-07-04 18:14:23.076318,rack_6,239.8650722197669,28.86546520594185
2025-07-04 18:29:23.076318,rack_6,309.8286856345898,33.68264661650682
2025-07-04 18:44:23.076318,rack_6,277.09494389571057,31.923905360047684
2025-07-04 18:59:23.076318,rack_6,275.6973027595678,34.447249650356476
2025-07-04 19:14:23.076318,rack_6,276.850077614807,33.655987513116834
2025-07-04 19:29:23.076318,rack_6,330.88697432045814,32.773018578706065
2025-07-04 19:44:23.076318,rack_6,306.8392417123398,31.423778507224167
2025-07-04 19:59:23.076318,rack_6,347.3579976478384,34.792851002335475
2025-07-04 20:14:23.076318,rack_6,257.5059237025349,31.874336952463196
2025-07-04 20:29:23.076318,rack_6,260.53935990129787,30.93278285721052
2025-07-04 20:44:23.076318,rack_6,267.0980144352977,32.25035685032118
2025-07-04 20:59:23.076318,rack_6,324.85788522832104,36.570726612970326
2025-07-04 21:14:23.076318,rack_6,311.8207926624973,32.37256542071976
2025-07-04 21:29:23.076318,rack_6,332.1290359059062,35.11326580653963
2025-07-04 21:44:23.076318,rack_6,289.2074735955388,31.177341366815565
2025-07-04 21:59:23.076318,rack_6,286.37854759332737,32.01051466619817
2025-07-04 22:14:23.076318,rack_6,353.86881708075566,34.44411612415038
2025-07-04 22:29:23.076318,rack_6,285.5635690692491,32.74288327594692
2025-07-04 22:44:23.076318,rack_6,309.3967419386231,31.240685636361313
2025-07-04 22:59:23.076318,rack_6,261.94118462538967,30.476332186360317
2025-07-04 23:14:23.076318,rack_6,303.64880035381077,33.714549923477904
2025-07-04 23:29:23.076318,rack_6,291.7820908490932,35.994004134755905
2025-07-04 23:44:23.076318,rack_6,343.072889938553,35.85078243869288
2025-07-04 23:59:23.076318,rack_6,288.44007906692093,32.585744462232846
2025-07-05 00:14:23.076318,rack_6,318.5178410644037,32.521464666970196
2025-07-05 00:29:23.076318,rack_6,272.8918297552941,31.660998669644023
2025-07-05 00:44:23.076318,rack_6,254.04478274797128,32.89168335914664
2025-07-05 00:59:23.076318,rack_6,338.4794289861822,34.40915382482098
2025-07-05 01:14:23.076318,rack_6,279.10418376071584,32.48826464599676
2025-07-05 01:29:23.076318,rack_6,284.38520253049325,29.99272757090823
2025-07-05 01:44:23.076318,rack_6,350.3630881905342,34.19030785697548
2025-07-05 01:59:23.076318,rack_6,305.0507932069913,32.15073146596691
2025-07-05 02:14:23.076318,rack_6,262.5263420774555,30.13217499999008
2025-07-05 02:29:23.076318,rack_6,316.268363580835,32.65032680676639
2025-07-05 02:44:23.076318,rack_6,256.027569468668,30.69174396282061
2025-07-05 02:59:23.076318,rack_6,313.2127454645393,33.088717513512165
2025-07-05 03:14:23.076318,rack_6,342.2999236218216,35.539694000530524
2025-07-05 03:29:23.076318,rack_6,258.9477711497975,31.21864614964863
2025-07-05 03:44:23.076318,rack_6,284.5902638800086,32.93204802359139
2025-07-05 03:59:23.076318,rack_6,326.60047153468395,31.488837610848925
2025-07-05 04:14:23.076318,rack_6,315.2276679876246,32.2397366205295
2025-07-05 04:29:23.076318,rack_6,239.58070016600615,29.843841124376144
2025-07-05 04:44:23.076318,rack_6,281.82937323278003,31.21764107309223
2025-07-05 04:59:23.076318,rack_6,247.76742229242552,33.59387935416591
2025-07-05 05:14:23.076318,rack_6,286.3352016411854,34.39552381436751
2025-07-05 05:29:23.076318,rack_6,317.193268027434,33.7527243788909
2025-07-05 05:44:23.076318,rack_6,332.6678048667782,33.06694503149654
2025-07-05 05:59:23.076318,rack_6,302.34487443109816,33.501374923362
2025-07-05 06:14:23.076318,rack_6,328.2007170555813,32.03286399204843
2025-07-05 06:29:23.076318,rack_6,256.61571305438883,32.046350192125786
2025-07-05 06:44:23.076318,rack_6,260.8167970663034,30.700720309858006
2025-07-05 06:59:23.076318,rack_6,297.44981035169576,32.17883163219314
2025-07-05 07:14:23.076318,rack_6,306.0238721450346,36.435245605503
2025-07-05 07:29:23.076318,rack_6,311.97630551398703,36.26146107464708
2025-07-05 07:44:23.076318,rack_6,296.8497952645648,33.72855120309728
2025-07-05 07:59:23.076318,rack_6,361.46059983396157,35.19670373749351
2025-07-05 08:14:23.076318,rack_6,335.7022545323312,32.334844712375585
2025-07-05 08:29:23.076318,rack_6,282.1391608415337,32.51475434826437
2025-07-05 08:44:23.076318,rack_6,343.0983261571305,32.44209391622094
2025-07-05 08:59:23.076318,rack_6,260.14087934257117,29.951750155705437
2025-07-05 09:14:23.076318,rack_6,281.31259215283586,31.80969412401191
2025-07-05 09:29:23.076318,rack_6,262.77876274268147,29.522276619102275
2025-07-05 09:44:23.076318,rack_6,318.5759261559355,33.96318119320263
2025-07-05 09:59:23.076318,rack_6,295.5979472024598,35.78393263627893
2025-07-05 10:14:23.076318,rack_6,299.16067775060725,32.21629321069663
2025-07-05 10:29:23.076318,rack_6,343.80005732991617,33.4591360745267
2025-07-05 10:44:23.076318,rack_6,345.19712678992585,35.149342677874415
2025-07-05 10:59:23.076318,rack_6,239.2978379695929,29.975534212010587
2025-07-05 11:14:23.076318,rack_6,254.35928373066295,31.02390845076897
2025-07-05 11:29:23.076318,rack_6,248.7696146624945,33.332164502027545
2025-07-05 11:44:23.076318,rack_6,301.4283457870333,32.60752162503686
2025-07-05 11:59:23.076318,rack_6,300.72763552393803,32.9719709726739
2025-07-05 12:14:23.076318,rack_6,269.27733073813835,31.575783557995123
2025-07-05 12:29:23.076318,rack_6,308.6281320647585,30.80481810437778
2025-07-05 12:44:23.076318,rack_6,243.57943769329,30.246606389470355
2025-07-05 12:59:23.076318,rack_6,338.8740898132393,35.70014818269882
2025-07-05 13:14:23.076318,rack_6,295.03223466217236,33.28742239116912
2025-07-05 13:29:23.076318,rack_6,275.1416041267394,31.95230916945778
2025-07-05 13:44:23.076318,rack_6,286.0794035966196,33.890231507041776
2025-07-05 13:59:23.076318,rack_6,300.24419051488894,33.423490472887394
2025-07-05 14:14:23.076318,rack_6,295.55138063025606,30.118397301410376
2025-07-05 14:29:23.076318,rack_6,345.473307189381,34.89605252222818
2025-07-05 14:44:23.076318,rack_6,288.7591631735398,31.77739095893739
2025-07-05 14:59:23.076318,rack_6,298.00807404647736,30.620250129816778
2025-07-05 15:14:23.076318,rack_6,284.0118373092361,31.854970356353373
2025-07-05 15:29:23.076318,rack_6,339.82600019088676,36.211029162485936
2025-07-05 15:44:23.076318,rack_6,291.3806911881437,32.82524170357836
2025-07-05 15:59:23.076318,rack_6,355.5849823145205,34.03078549778279
2025-07-05 16:14:23.076318,rack_6,326.0900424410809,33.524491976086075
2025-07-05 16:29:23.076318,rack_6,300.3352859363104,31.99602653346758
2025-07-05 16:44:23.076318,rack_6,278.8904267499174,32.167832396450024
2025-07-05 16:59:23.076318,rack_6,284.281364935892,31.932854412377264
2025-07-05 17:14:23.076318,rack_6,328.2667146036421,33.2499454804708
2025-07-05 17:29:23.076318,rack_6,249.8231446425227,34.6332909576147
2025-07-05 17:44:23.076318,rack_6,309.34722525084345,33.14926202309637
2025-07-05 17:59:23.076318,rack_6,285.71141780598623,33.071177812477416
2025-07-05 18:14:23.076318,rack_6,302.9477088763172,33.129711607199404
2025-07-05 18:29:23.076318,rack_6,246.90948514997913,29.681044427105107
2025-07-05 18:44:23.076318,rack_6,295.26248795550754,34.700116738536146
2025-07-05 18:59:23.076318,rack_6,250.52363876142897,31.35257477874326
2025-07-05 19:14:23.076318,rack_6,297.98109794978194,31.571025472098448
2025-07-05 19:29:23.076318,rack_6,285.5827107138032,35.16104940530808
2025-07-05 19:44:23.076318,rack_6,316.0495086036488,32.70479578697664
2025-07-05 19:59:23.076318,rack_6,253.06530731734154,28.767162327272366
2025-07-05 20:14:23.076318,rack_6,297.06859918482115,31.857868605074362
2025-07-05 20:29:23.076318,rack_6,257.4505409953557,31.630147003056088
2025-07-05 20:44:23.076318,rack_6,267.4639272309575,33.7201033534106
2025-07-05 20:59:23.076318,rack_6,333.8004076763048,31.185163359774712
2025-07-05 21:14:23.076318,rack_6,290.84081393483274,30.14203854828243
2025-07-05 21:29:23.076318,rack_6,325.96806166808216,32.50763403237895
2025-07-05 21:44:23.076318,rack_6,303.37120473441615,31.806160780100537
2025-07-05 21:59:23.076318,rack_6,258.1039592324969,31.783065745945393
2025-07-05 22:14:23.076318,rack_6,278.9811121421295,33.904327455237954
2025-07-05 22:29:23.076318,rack_6,269.63953750841523,31.0851227369631
2025-07-05 22:44:23.076318,rack_6,329.8370254724788,34.62959956219373
2025-07-05 22:59:23.076318,rack_6,270.38899747229715,33.07193206010852
2025-07-05 23:14:23.076318,rack_6,307.2415777934808,31.18407883138133
2025-07-05 23:29:23.076318,rack_6,339.80126813806055,32.04379789093184
2025-07-05 23:44:23.076318,rack_6,326.3566297049481,34.12055326711555
2025-07-05 23:59:23.076318,rack_6,309.87356590036546,35.4087803400672
2025-07-06 00:14:23.076318,rack_6,345.2398758636159,33.001886622854066
2025-07-06 00:29:23.076318,rack_6,273.70271485871336,33.3266260666622
2025-07-06 00:44:23.076318,rack_6,317.64462927924535,33.20946776058589
2025-07-06 00:59:23.076318,rack_6,304.51416777401806,30.799455333325334
2025-07-06 01:14:23.076318,rack_6,327.54908509210446,33.1502856917529
2025-07-06 01:29:23.076318,rack_6,293.89018184524474,30.45805582139781
2025-07-06 01:44:23.076318,rack_6,273.32435716102964,31.099107146060476
2025-07-06 01:59:23.076318,rack_6,353.7059012864406,33.85258113385333
2025-07-06 02:14:23.076318,rack_6,318.9456279506309,36.058957641696026
2025-07-06 02:29:23.076318,rack_6,327.8862232957744,30.754660496117758
2025-07-06 02:44:23.076318,rack_6,304.28556516750723,36.42352094645502
2025-07-06 02:59:23.076318,rack_6,316.5772674779126,36.017706027421696
2025-07-06 03:14:23.076318,rack_6,227.50010662169217,32.99905168772428
2025-07-06 03:29:23.076318,rack_6,291.17000644080514,34.58547262333205
2025-07-06 03:44:23.076318,rack_6,326.2488998406608,34.291370803533766
2025-07-06 03:59:23.076318,rack_6,313.92630780001775,33.54186296128675
2025-07-06 04:14:23.076318,rack_6,333.1220795949231,35.49369916058239
2025-07-06 04:29:23.076318,rack_6,277.6891424351636,32.81484629197613
2025-07-06 04:44:23.076318,rack_6,229.63862556571266,32.52516733836136
2025-07-06 04:59:23.076318,rack_6,322.0596319176463,35.39798538075299
2025-07-06 05:14:23.076318,rack_6,283.8634135171268,32.163608793984096
2025-07-06 05:29:23.076318,rack_6,280.62249935701874,30.660953845690994
2025-07-06 05:44:23.076318,rack_6,296.456612114781,31.4478388646955
2025-07-06 05:59:23.076318,rack_6,399.6463617591359,34.91335955119439
2025-07-06 06:14:23.076318,rack_6,249.0894293904131,30.969673700689537
2025-07-06 06:29:23.076318,rack_6,345.5536641572875,31.993041824329012
2025-07-06 06:44:23.076318,rack_6,289.2777280452405,32.072166835396246
2025-07-06 06:59:23.076318,rack_6,368.0271978765652,35.844587181415356
2025-07-06 07:14:23.076318,rack_6,312.4409896172681,29.24961178937511
2025-07-06 07:29:23.076318,rack_6,250.65004445061157,29.667329399804068
2025-07-06 07:44:23.076318,rack_6,252.73528397007914,30.29035058791658
2025-07-06 07:59:23.076318,rack_6,312.56704271818126,31.776998103888133
2025-07-06 08:14:23.076318,rack_6,269.96502459723575,32.345606086892246
2025-07-06 08:29:23.076318,rack_6,285.7722817093231,33.059926633137444
2025-07-06 08:44:23.076318,rack_6,293.4024470795924,32.63002875948772
2025-07-06 08:59:23.076318,rack_6,336.12542991672814,34.390405183712694
2025-07-06 09:14:23.076318,rack_6,301.46127897205736,33.86329074509219
2025-07-06 09:29:23.076318,rack_6,288.20684486204823,31.153210974179245
2025-07-06 09:44:23.076318,rack_6,294.84539853508323,34.63974223307871
2025-07-06 09:59:23.076318,rack_6,237.1251036776516,32.714927492850286
2025-07-06 10:14:23.076318,rack_6,291.65623809277736,32.63267213741546
2025-07-06 10:29:23.076318,rack_6,335.40521995149464,31.040933241920346
2025-07-06 10:44:23.076318,rack_6,335.18877288014056,34.05393839694724
2025-07-06 10:59:23.076318,rack_6,259.1235674746258,31.889165023504287
2025-07-06 11:14:23.076318,rack_6,290.19309630228895,32.937374041560766
2025-07-06 11:29:23.076318,rack_6,280.65942820596996,31.43085372894884
2025-07-06 11:44:23.076318,rack_6,268.84759159241327,31.61875471025
2025-07-06 11:59:23.076318,rack_6,270.32146991717065,31.18420577165178
2025-07-06 12:14:23.076318,rack_6,325.73323892855575,34.72954876900453
2025-07-06 12:29:23.076318,rack_6,291.5908968577513,32.75230404078593
2025-07-06 12:44:23.076318,rack_6,301.3697471558251,33.14188227305459
2025-07-06 12:59:23.076318,rack_6,245.25008513539748,33.2021187664761
2025-07-06 13:14:23.076318,rack_6,281.63667714865454,32.8623295206044
2025-07-06 13:29:23.076318,rack_6,258.02681418801217,32.084881943569314
2025-07-06 13:44:23.076318,rack_6,317.29446641761405,33.363708480864496
2025-07-06 13:59:23.076318,rack_6,268.30780559825405,32.56960159955456
2025-07-06 14:14:23.076318,rack_6,300.2819805688937,30.12039939801294
2025-07-06 14:29:23.076318,rack_6,299.1460642515035,31.61399160061956
2025-07-06 14:44:23.076318,rack_6,300.70840341512485,31.367409027544667
2025-07-06 14:59:23.076318,rack_6,274.40802180287966,33.40647393475952
2025-07-06 15:14:23.076318,rack_6,284.25591362907545,32.337456315545765
2025-07-06 15:29:23.076318,rack_6,334.42480314926934,34.00604617022647
2025-07-06 15:44:23.076318,rack_6,304.5538531360805,33.25413003847352
2025-07-06 15:59:23.076318,rack_6,271.93744209003853,31.30158468319954
2025-07-06 16:14:23.076318,rack_6,248.05095409977122,30.39627133857083
2025-07-06 16:29:23.076318,rack_6,319.16285206487123,31.589469108001285
2025-07-06 16:44:23.076318,rack_6,264.0481211972463,30.967492704122215
2025-07-06 16:59:23.076318,rack_6,294.69333503619623,32.006074400144186
2025-07-06 17:14:23.076318,rack_6,292.80170404461563,35.41277562400261
2025-07-06 17:29:23.076318,rack_6,303.6771051080193,33.72311662460126
2025-07-06 17:44:23.076318,rack_6,278.0142060839512,30.826999786105574
2025-06-29 17:59:23.076318,rack_7,341.7027200000252,29.06579657824027
2025-06-29 18:14:23.076318,rack_7,318.02054557262295,30.076498166935252
2025-06-29 18:29:23.076318,rack_7,329.5163410034322,32.97495774033438
2025-06-29 18:44:23.076318,rack_7,292.17085247983664,28.623303185418568
2025-06-29 18:59:23.076318,rack_7,353.533788017932,33.73138054723743
2025-06-29 19:14:23.076318,rack_7,302.5585373339044,27.778537878306363
2025-06-29 19:29:23.076318,rack_7,337.67402424141306,33.5115290111759
2025-06-29 19:44:23.076318,rack_7,310.26641673480907,31.14495493456454
2025-06-29 19:59:23.076318,rack_7,226.75170361504468,27.006028680123386
2025-06-29 20:14:23.076318,rack_7,248.3398912669457,28.32780709199712
2025-06-29 20:29:23.076318,rack_7,363.5601745152877,34.3759782888634
2025-06-29 20:44:23.076318,rack_7,290.90048180634045,29.802871740753737
2025-06-29 20:59:23.076318,rack_7,249.26497060413746,25.430176723014203
2025-06-29 21:14:23.076318,rack_7,316.22657642176375,32.412590605825436
2025-06-29 21:29:23.076318,rack_7,274.12807693412407,31.346913965359693
2025-06-29 21:44:23.076318,rack_7,234.0630359608254,29.1926420250887
2025-06-29 21:59:23.076318,rack_7,296.57783257983596,29.426429591873127
2025-06-29 22:14:23.076318,rack_7,279.5889726458677,26.792800578461186
2025-06-29 22:29:23.076318,rack_7,290.0350951273947,28.136030819867315
2025-06-29 22:44:23.076318,rack_7,360.5378627049987,32.194831231378714
2025-06-29 22:59:23.076318,rack_7,293.9223455516402,29.99989869697821
2025-06-29 23:14:23.076318,rack_7,328.49867721963983,27.62008832350656
2025-06-29 23:29:23.076318,rack_7,345.27140075067774,31.43382738718393
2025-06-29 23:44:23.076318,rack_7,312.5297067450348,29.189540730141633
2025-06-29 23:59:23.076318,rack_7,299.0858567846588,29.110975318448133
2025-06-30 00:14:23.076318,rack_7,262.44403866711593,27.51448928937984
2025-06-30 00:29:23.076318,rack_7,286.2678425830901,29.226709336834926
2025-06-30 00:44:23.076318,rack_7,358.54333773380387,29.56607293533599
2025-06-30 00:59:23.076318,rack_7,349.7552233434926,31.58090678980684
2025-06-30 01:14:23.076318,rack_7,224.02617678061748,25.20711087496829
2025-06-30 01:29:23.076318,rack_7,240.6619992062818,28.12972631167367
2025-06-30 01:44:23.076318,rack_7,332.0074359813359,31.43426799498277
2025-06-30 01:59:23.076318,rack_7,304.02329529447286,34.658329495872216
2025-06-30 02:14:23.076318,rack_7,281.6075214161969,29.492374821326326
2025-06-30 02:29:23.076318,rack_7,332.8450841765428,32.45664453609199
2025-06-30 02:44:23.076318,rack_7,310.7416606989424,27.422808605063363
2025-06-30 02:59:23.076318,rack_7,329.5131473184135,30.35201578485686
2025-06-30 03:14:23.076318,rack_7,369.5260932228923,31.2565923478475
2025-06-30 03:29:23.076318,rack_7,314.76819385111116,29.903990579593557
2025-06-30 03:44:23.076318,rack_7,286.9074253148464,29.87705683959368
2025-06-30 03:59:23.076318,rack_7,263.4810050239949,26.758134113715478
2025-06-30 04:14:23.076318,rack_7,342.3669122830082,31.323645122025965
2025-06-30 04:29:23.076318,rack_7,267.5907184049631,29.249866791089026
2025-06-30 04:44:23.076318,rack_7,299.7101809191256,30.40991364766255
2025-06-30 04:59:23.076318,rack_7,301.1618297564404,27.84070498576275
2025-06-30 05:14:23.076318,rack_7,287.37695296436004,30.125009152609195
2025-06-30 05:29:23.076318,rack_7,335.10467171537954,31.2189465720739
2025-06-30 05:44:23.076318,rack_7,274.6753882794378,29.475706231007337
2025-06-30 05:59:23.076318,rack_7,294.6052263924618,29.783835479873456
2025-06-30 06:14:23.076318,rack_7,287.17279708671697,28.78914817006036
2025-06-30 06:29:23.076318,rack_7,311.80136183877784,29.758918210320893
2025-06-30 06:44:23.076318,rack_7,273.8325322054895,27.543660802448617
2025-06-30 06:59:23.076318,rack_7,345.712355057782,32.63691334794653
2025-06-30 07:14:23.076318,rack_7,322.25127229617266,29.99332981193955
2025-06-30 07:29:23.076318,rack_7,274.95032400592436,28.791445627138888
2025-06-30 07:44:23.076318,rack_7,339.27664287959954,29.999749152328672
2025-06-30 07:59:23.076318,rack_7,365.6642157465467,31.69287871583925
2025-06-30 08:14:23.076318,rack_7,328.83502111464503,32.082176074757555
2025-06-30 08:29:23.076318,rack_7,354.7549622903285,31.372321230520257
2025-06-30 08:44:23.076318,rack_7,292.98693334132713,28.978594166019356
2025-06-30 08:59:23.076318,rack_7,292.4932667372096,28.649779366751343
2025-06-30 09:14:23.076318,rack_7,263.77053990209896,26.628701869707587
2025-06-30 09:29:23.076318,rack_7,371.9920477501552,32.04478316430925
2025-06-30 09:44:23.076318,rack_7,314.7828415355036,32.5392145206186
2025-06-30 09:59:23.076318,rack_7,324.0902299659838,29.77107312438643
2025-06-30 10:14:23.076318,rack_7,298.38384664344835,30.98930126413593
2025-06-30 10:29:23.076318,rack_7,306.82135238503537,30.058361488172277
2025-06-30 10:44:23.076318,rack_7,328.38397766166156,31.95364264498965
2025-06-30 10:59:23.076318,rack_7,302.1602378478124,29.946570841330942
2025-06-30 11:14:23.076318,rack_7,268.6375425387655,27.580804358834158
2025-06-30 11:29:23.076318,rack_7,330.3205808044838,30.870789655551032
2025-06-30 11:44:23.076318,rack_7,285.9334961946196,30.581424497372947
2025-06-30 11:59:23.076318,rack_7,281.385586737023,27.21648381350802
2025-06-30 12:14:23.076318,rack_7,294.8887277003888,30.047254187167013
2025-06-30 12:29:23.076318,rack_7,314.26462302747177,29.445659906280937
2025-06-30 12:44:23.076318,rack_7,308.926701765718,31.650948841754868
2025-06-30 12:59:23.076318,rack_7,329.71407676296985,32.94437822015184
2025-06-30 13:14:23.076318,rack_7,366.310305026878,31.883738055121405
2025-06-30 13:29:23.076318,rack_7,231.23605242514378,27.996151812321035
2025-06-30 13:44:23.076318,rack_7,300.97697663624456,31.845674056826603
2025-06-30 13:59:23.076318,rack_7,323.92751449155145,30.040918324290807
2025-06-30 14:14:23.076318,rack_7,372.8029042254973,30.216345986326907
2025-06-30 14:29:23.076318,rack_7,328.72403991804936,29.124417912540984
2025-06-30 14:44:23.076318,rack_7,295.2843595523326,29.58820812994174
2025-06-30 14:59:23.076318,rack_7,325.1298868013378,30.667509711996214
2025-06-30 15:14:23.076318,rack_7,234.29203902441444,27.816756313144516
2025-06-30 15:29:23.076318,rack_7,283.3228194329687,31.530354655785285
2025-06-30 15:44:23.076318,rack_7,302.6271825483174,28.01416648595605
2025-06-30 15:59:23.076318,rack_7,313.82138809042254,31.69921066306668
2025-06-30 16:14:23.076318,rack_7,350.8429083161096,30.01009959405014
2025-06-30 16:29:23.076318,rack_7,325.7488111167558,30.843010865074284
2025-06-30 16:44:23.076318,rack_7,342.46176267173536,31.363286634404716
2025-06-30 16:59:23.076318,rack_7,296.7946766625772,30.023228522356597
2025-06-30 17:14:23.076318,rack_7,280.9848360472698,27.641871022053934
2025-06-30 17:29:23.076318,rack_7,301.02790671913425,31.20017808093284
2025-06-30 17:44:23.076318,rack_7,369.0457373490534,33.67720925532741
2025-06-30 17:59:23.076318,rack_7,323.69560662758033,31.653393295340244
2025-06-30 18:14:23.076318,rack_7,362.94671070182153,33.60907889136631
2025-06-30 18:29:23.076318,rack_7,316.4492847873014,31.399136692444497
2025-06-30 18:44:23.076318,rack_7,332.7092032128581,32.53670588554488
2025-06-30 18:59:23.076318,rack_7,265.3289004186558,31.042299333572213
2025-06-30 19:14:23.076318,rack_7,347.6520267347074,30.151760737262943
2025-06-30 19:29:23.076318,rack_7,295.0206998334431,31.432212551551213
2025-06-30 19:44:23.076318,rack_7,338.4335626564439,33.51590995319281
2025-06-30 19:59:23.076318,rack_7,328.8310186244012,29.15592702951553
2025-06-30 20:14:23.076318,rack_7,297.4625617841714,30.542120558159578
2025-06-30 20:29:23.076318,rack_7,314.62268742489493,30.33967509988782
2025-06-30 20:44:23.076318,rack_7,343.74698547306895,29.723393327687695
2025-06-30 20:59:23.076318,rack_7,291.6451194637262,28.100188550215066
2025-06-30 21:14:23.076318,rack_7,288.4792973378087,29.82833477878738
2025-06-30 21:29:23.076318,rack_7,369.88298213225346,31.75980493669986
2025-06-30 21:44:23.076318,rack_7,290.17094732735995,29.90015465197473
2025-06-30 21:59:23.076318,rack_7,279.2109076520574,29.542614969148794
2025-06-30 22:14:23.076318,rack_7,272.4103005048929,31.532263553548805
2025-06-30 22:29:23.076318,rack_7,254.06781531653428,26.57017790170393
2025-06-30 22:44:23.076318,rack_7,325.54378651160465,29.822473919446505
2025-06-30 22:59:23.076318,rack_7,328.56317036491146,31.686163703052685
2025-06-30 23:14:23.076318,rack_7,257.32585678226854,28.25835833527161
2025-06-30 23:29:23.076318,rack_7,315.85166185821225,30.145268605502206
2025-06-30 23:44:23.076318,rack_7,291.6916577182468,28.15553043715782
2025-06-30 23:59:23.076318,rack_7,331.5829143758265,30.370755899078663
2025-07-01 00:14:23.076318,rack_7,310.7411439948162,31.06477102312106
2025-07-01 00:29:23.076318,rack_7,314.34230421724817,32.99987523089965
2025-07-01 00:44:23.076318,rack_7,319.20214794627606,32.23596048325931
2025-07-01 00:59:23.076318,rack_7,305.26238639505556,29.338888851872117
2025-07-01 01:14:23.076318,rack_7,300.02912576949336,28.742055205756937
2025-07-01 01:29:23.076318,rack_7,276.2100982773961,28.11981636657913
2025-07-01 01:44:23.076318,rack_7,387.177915970461,30.05327422082882
2025-07-01 01:59:23.076318,rack_7,319.744312202049,32.17545533478934
2025-07-01 02:14:23.076318,rack_7,245.13279658399583,27.427165360145178
2025-07-01 02:29:23.076318,rack_7,241.24851527901023,27.008465933994966
2025-07-01 02:44:23.076318,rack_7,286.05817121544266,29.932788173582743
2025-07-01 02:59:23.076318,rack_7,343.90092577537973,32.59596077287582
2025-07-01 03:14:23.076318,rack_7,274.83886898220015,30.19748852923702
2025-07-01 03:29:23.076318,rack_7,284.35488591883905,29.91656945307927
2025-07-01 03:44:23.076318,rack_7,278.7507294839541,29.754482366999603
2025-07-01 03:59:23.076318,rack_7,302.25428454841165,30.45381844180596
2025-07-01 04:14:23.076318,rack_7,323.7811693385785,31.242734959405407
2025-07-01 04:29:23.076318,rack_7,290.55934162919436,29.934837484015468
2025-07-01 04:44:23.076318,rack_7,270.0800316851601,30.94196753712539
2025-07-01 04:59:23.076318,rack_7,310.1610820887736,32.816581063739015
2025-07-01 05:14:23.076318,rack_7,308.77759815221407,29.52253497471991
2025-07-01 05:29:23.076318,rack_7,306.6088852631663,30.623382839723643
2025-07-01 05:44:23.076318,rack_7,336.9221314748292,31.61758836917362
2025-07-01 05:59:23.076318,rack_7,250.9333326074651,30.974507905303042
2025-07-01 06:14:23.076318,rack_7,308.1684754123076,31.74513688070798
2025-07-01 06:29:23.076318,rack_7,272.48314494829356,28.529043004444976
2025-07-01 06:44:23.076318,rack_7,318.55299312839196,28.217529149272732
2025-07-01 06:59:23.076318,rack_7,317.0935757790858,28.778308827124043
2025-07-01 07:14:23.076318,rack_7,298.0313985470916,29.34654163307077
2025-07-01 07:29:23.076318,rack_7,298.1165872032757,29.356114977361845
2025-07-01 07:44:23.076318,rack_7,302.32797194358994,29.47368525335143
2025-07-01 07:59:23.076318,rack_7,338.9934818465444,32.34374623184131
2025-07-01 08:14:23.076318,rack_7,279.1258130334842,28.175998179821015
2025-07-01 08:29:23.076318,rack_7,357.59410783967036,30.94405012941874
2025-07-01 08:44:23.076318,rack_7,279.7474770035141,29.178008919734584
2025-07-01 08:59:23.076318,rack_7,263.1361308297667,28.011421623017924
2025-07-01 09:14:23.076318,rack_7,231.49377663431744,26.372538143457547
2025-07-01 09:29:23.076318,rack_7,299.3908435537839,30.82020657579072
2025-07-01 09:44:23.076318,rack_7,327.44406593131464,30.673260298683132
2025-07-01 09:59:23.076318,rack_7,281.240835947698,31.845842195465714
2025-07-01 10:14:23.076318,rack_7,325.8343146977632,31.757748509313718
2025-07-01 10:29:23.076318,rack_7,281.16936902143345,30.160162231494283
2025-07-01 10:44:23.076318,rack_7,285.47138457103506,29.81365040823795
2025-07-01 10:59:23.076318,rack_7,278.66839828034074,30.26043358479299
2025-07-01 11:14:23.076318,rack_7,271.86631833766387,29.129947549063587
2025-07-01 11:29:23.076318,rack_7,291.0406389834507,29.299247178363803
2025-07-01 11:44:23.076318,rack_7,289.5399009085237,29.587519791856266
2025-07-01 11:59:23.076318,rack_7,330.5464766423982,30.057857955007286
2025-07-01 12:14:23.076318,rack_7,302.90108619150095,31.56768031701447
2025-07-01 12:29:23.076318,rack_7,317.1412886005078,33.48962327500298
2025-07-01 12:44:23.076318,rack_7,269.4356327561103,29.643896417279826
2025-07-01 12:59:23.076318,rack_7,307.7144601004577,30.709092039529864
2025-07-01 13:14:23.076318,rack_7,251.93619298881896,26.4440443861848
2025-07-01 13:29:23.076318,rack_7,277.6432403255625,27.072595355610794
2025-07-01 13:44:23.076318,rack_7,320.21063120781656,31.848043957718982
2025-07-01 13:59:23.076318,rack_7,257.3108862118802,27.849842981751983
2025-07-01 14:14:23.076318,rack_7,334.3075585421344,31.599498936351818
2025-07-01 14:29:23.076318,rack_7,317.94119344976025,31.826750431988135
2025-07-01 14:44:23.076318,rack_7,290.8069903902739,30.387150954758386
2025-07-01 14:59:23.076318,rack_7,303.68059801700036,31.787778140913996
2025-07-01 15:14:23.076318,rack_7,306.6604291295954,30.6596087110218
2025-07-01 15:29:23.076318,rack_7,243.01168806909533,27.94439814275516
2025-07-01 15:44:23.076318,rack_7,336.65227916710535,32.92509693230096
2025-07-01 15:59:23.076318,rack_7,323.59556547124436,31.571472739236373
2025-07-01 16:14:23.076318,rack_7,325.85904886821265,33.75863811998937
2025-07-01 16:29:23.076318,rack_7,253.20634289585809,29.36392306967502
2025-07-01 16:44:23.076318,rack_7,268.47561504784517,29.403025888523963
2025-07-01 16:59:23.076318,rack_7,330.3270566145911,30.056167853113386
2025-07-01 17:14:23.076318,rack_7,274.12279810506084,28.69056142721948
2025-07-01 17:29:23.076318,rack_7,315.6806995302344,32.996731060023386
2025-07-01 17:44:23.076318,rack_7,275.3918827886544,32.705980700968595
2025-07-01 17:59:23.076318,rack_7,317.10115050323424,32.864165605673115
2025-07-01 18:14:23.076318,rack_7,300.1411518530688,27.087902368435184
2025-07-01 18:29:23.076318,rack_7,261.49081566753324,30.459932288208552
2025-07-01 18:44:23.076318,rack_7,314.8168664099123,27.953154302028906
2025-07-01 18:59:23.076318,rack_7,324.5029984730861,30.43998779059584
2025-07-01 19:14:23.076318,rack_7,302.06267840588583,30.405761505881667
2025-07-01 19:29:23.076318,rack_7,261.28348420566476,27.755939504825783
2025-07-01 19:44:23.076318,rack_7,298.9286509177661,28.939579599136184
2025-07-01 19:59:23.076318,rack_7,280.98228923896045,31.319695761942207
2025-07-01 20:14:23.076318,rack_7,296.5492121102659,28.126863680159616
2025-07-01 20:29:23.076318,rack_7,286.4193226719042,30.46333185273726
2025-07-01 20:44:23.076318,rack_7,340.0123468842328,30.640805965908555
2025-07-01 20:59:23.076318,rack_7,316.06695848921436,31.396831055270003
2025-07-01 21:14:23.076318,rack_7,329.39691805534363,29.83255845552172
2025-07-01 21:29:23.076318,rack_7,315.9889619891353,30.23295480928324
2025-07-01 21:44:23.076318,rack_7,312.75039559943446,29.036930385887356
2025-07-01 21:59:23.076318,rack_7,329.66857722371014,30.254158362811133
2025-07-01 22:14:23.076318,rack_7,299.2491324396108,28.654191057488216
2025-07-01 22:29:23.076318,rack_7,312.9803733770233,31.2792447431857
2025-07-01 22:44:23.076318,rack_7,306.40172755769026,28.41205476332428
2025-07-01 22:59:23.076318,rack_7,317.11104344642615,29.02431300548014
2025-07-01 23:14:23.076318,rack_7,269.9526438520536,28.72006674152968
2025-07-01 23:29:23.076318,rack_7,384.99342994722355,32.714912539529095
2025-07-01 23:44:23.076318,rack_7,297.13854546312666,29.36603398742529
2025-07-01 23:59:23.076318,rack_7,332.8631261888851,27.151453522121603
2025-07-02 00:14:23.076318,rack_7,329.6849159177542,32.46423427311594
2025-07-02 00:29:23.076318,rack_7,296.25784074106804,27.866135888486678
2025-07-02 00:44:23.076318,rack_7,340.64002922199484,31.07420361896953
2025-07-02 00:59:23.076318,rack_7,351.09441173313104,30.391279748008174
2025-07-02 01:14:23.076318,rack_7,370.8075584378564,33.278214683807214
2025-07-02 01:29:23.076318,rack_7,324.3026720244849,31.53079308165502
2025-07-02 01:44:23.076318,rack_7,329.7355909037446,32.19670157929494
2025-07-02 01:59:23.076318,rack_7,248.80922045701794,27.131209542719123
2025-07-02 02:14:23.076318,rack_7,280.49293283504755,29.72418716570661
2025-07-02 02:29:23.076318,rack_7,284.2273665226948,31.387851640635972
2025-07-02 02:44:23.076318,rack_7,255.57463663108345,28.152430156332198
2025-07-02 02:59:23.076318,rack_7,288.44243191409976,32.60042596029214
2025-07-02 03:14:23.076318,rack_7,314.58760150278704,28.057897150512336
2025-07-02 03:29:23.076318,rack_7,281.553404831913,29.770355983764667
2025-07-02 03:44:23.076318,rack_7,277.2650077618558,28.556403158787926
2025-07-02 03:59:23.076318,rack_7,278.5182487324692,26.408189422702193
2025-07-02 04:14:23.076318,rack_7,280.92008262481954,27.96755934028261
2025-07-02 04:29:23.076318,rack_7,310.88909835764713,30.12576959254103
2025-07-02 04:44:23.076318,rack_7,301.5896997086702,30.368844779909143
2025-07-02 04:59:23.076318,rack_7,346.4331573741351,33.46837992032952
2025-07-02 05:14:23.076318,rack_7,384.81135256043444,32.80537978553932
2025-07-02 05:29:23.076318,rack_7,289.3070892472905,32.636176112044026
2025-07-02 05:44:23.076318,rack_7,252.98555555635375,28.53333310140658
2025-07-02 05:59:23.076318,rack_7,280.12951293725484,29.280988757091684
2025-07-02 06:14:23.076318,rack_7,305.3035412446837,33.302990448188474
2025-07-02 06:29:23.076318,rack_7,313.6433337392979,31.4605460560637
2025-07-02 06:44:23.076318,rack_7,309.754246341092,30.09980716738922
2025-07-02 06:59:23.076318,rack_7,276.7205742520837,28.52465554395145
2025-07-02 07:14:23.076318,rack_7,330.68419823980275,30.855040988410966
2025-07-02 07:29:23.076318,rack_7,283.4991113811989,28.248934329370638
2025-07-02 07:44:23.076318,rack_7,231.33283000945977,27.136911673184592
2025-07-02 07:59:23.076318,rack_7,310.93171590865234,28.328385764588006
2025-07-02 08:14:23.076318,rack_7,317.41894225965297,30.122112981241163
2025-07-02 08:29:23.076318,rack_7,347.67572432980694,29.06505784332948
2025-07-02 08:44:23.076318,rack_7,319.4472709074683,32.84700985112607
2025-07-02 08:59:23.076318,rack_7,274.52858029261137,30.091832295144133
2025-07-02 09:14:23.076318,rack_7,352.1961142210661,32.778496581034275
2025-07-02 09:29:23.076318,rack_7,270.66716164772106,30.28114711972704
2025-07-02 09:44:23.076318,rack_7,264.48364916509274,29.056441539212187
2025-07-02 09:59:23.076318,rack_7,316.00912185827127,29.29187142239818
2025-07-02 10:14:23.076318,rack_7,328.7699558841675,28.104153754684557
2025-07-02 10:29:23.076318,rack_7,349.37695007401965,34.64199192015218
2025-07-02 10:44:23.076318,rack_7,283.96223940987505,30.21907881849223
2025-07-02 10:59:23.076318,rack_7,292.3347360753644,31.309096245225604
2025-07-02 11:14:23.076318,rack_7,282.71008846078814,29.338134899834778
2025-07-02 11:29:23.076318,rack_7,345.6577886075349,31.99571797445293
2025-07-02 11:44:23.076318,rack_7,277.0475321428448,31.431691880082976
2025-07-02 11:59:23.076318,rack_7,295.29129039707357,31.591350708524846
2025-07-02 12:14:23.076318,rack_7,301.4396222891195,31.04392489774806
2025-07-02 12:29:23.076318,rack_7,296.0314293978299,30.650363296344842
2025-07-02 12:44:23.076318,rack_7,300.199858295416,29.20589249370594
2025-07-02 12:59:23.076318,rack_7,319.0087575260325,31.413690435871928
2025-07-02 13:14:23.076318,rack_7,305.52430326768007,28.276456571662443
2025-07-02 13:29:23.076318,rack_7,320.56475570201656,28.66970134998643
2025-07-02 13:44:23.076318,rack_7,336.07364958131814,31.8118116598296
2025-07-02 13:59:23.076318,rack_7,264.65275811586827,26.96590509590747
2025-07-02 14:14:23.076318,rack_7,292.17482226953194,32.80120692438017
2025-07-02 14:29:23.076318,rack_7,304.8208397828667,30.12908342473576
2025-07-02 14:44:23.076318,rack_7,344.80885171690693,29.934989255621105
2025-07-02 14:59:23.076318,rack_7,311.4883777416567,31.375615096617047
2025-07-02 15:14:23.076318,rack_7,281.8456015610052,33.08676058118823
2025-07-02 15:29:23.076318,rack_7,279.8234207946435,25.941048347691144
2025-07-02 15:44:23.076318,rack_7,295.0100645769181,31.686537236404234
2025-07-02 15:59:23.076318,rack_7,316.54743323251495,30.39609834921254
2025-07-02 16:14:23.076318,rack_7,268.38723315380906,29.762664210214822
2025-07-02 16:29:23.076318,rack_7,312.50424571280814,28.13229397354931
2025-07-02 16:44:23.076318,rack_7,293.8366987783861,29.584960809195948
2025-07-02 16:59:23.076318,rack_7,278.4776602237842,27.255855161156486
2025-07-02 17:14:23.076318,rack_7,268.8911946024661,29.722372701337118
2025-07-02 17:29:23.076318,rack_7,258.2418382099378,30.857564979617546
2025-07-02 17:44:23.076318,rack_7,344.8765102808257,32.661873713251
2025-07-02 17:59:23.076318,rack_7,270.9826746724797,28.514260982402423
2025-07-02 18:14:23.076318,rack_7,314.0645596954008,29.4893035670247
2025-07-02 18:29:23.076318,rack_7,266.6835017948837,28.899667415353342
2025-07-02 18:44:23.076318,rack_7,327.7356448509549,26.73935747893874
2025-07-02 18:59:23.076318,rack_7,295.3447335853058,30.51168488518526
2025-07-02 19:14:23.076318,rack_7,264.627109859276,27.739395890947915
2025-07-02 19:29:23.076318,rack_7,321.56291192311164,31.538750174167863
2025-07-02 19:44:23.076318,rack_7,328.036469712982,32.21275702878471
2025-07-02 19:59:23.076318,rack_7,292.39399765114894,31.87945596691228
2025-07-02 20:14:23.076318,rack_7,367.3645665309065,33.386146625532916
2025-07-02 20:29:23.076318,rack_7,256.0871236776195,27.570763693563503
2025-07-02 20:44:23.076318,rack_7,322.65509661188895,31.65374807966993
2025-07-02 20:59:23.076318,rack_7,327.4339442675564,28.102375935495463
2025-07-02 21:14:23.076318,rack_7,356.9307100089646,30.44565440637284
2025-07-02 21:29:23.076318,rack_7,324.3061265214627,32.66393267015492
2025-07-02 21:44:23.076318,rack_7,332.8374047661378,31.612409193496976
2025-07-02 21:59:23.076318,rack_7,304.5772729140565,28.590560554003087
2025-07-02 22:14:23.076318,rack_7,299.89779179118676,30.154280523164196
2025-07-02 22:29:23.076318,rack_7,312.54700668753486,31.40242721224969
2025-07-02 22:44:23.076318,rack_7,254.2014791545088,28.0001203929234
2025-07-02 22:59:23.076318,rack_7,257.00959715675344,29.09533583607742
2025-07-02 23:14:23.076318,rack_7,329.52681297744004,28.626449297152856
2025-07-02 23:29:23.076318,rack_7,312.988803731394,30.176462771688
2025-07-02 23:44:23.076318,rack_7,334.07170207798464,31.56149768306063
2025-07-02 23:59:23.076318,rack_7,300.43469738865537,30.516555613088517
2025-07-03 00:14:23.076318,rack_7,237.38915828726766,28.089353014390593
2025-07-03 00:29:23.076318,rack_7,310.8865665616616,29.413591850930167
2025-07-03 00:44:23.076318,rack_7,273.23096141700137,25.962385757042473
2025-07-03 00:59:23.076318,rack_7,341.3679770938096,30.597469787634488
2025-07-03 01:14:23.076318,rack_7,284.078121401581,29.168962686249245
2025-07-03 01:29:23.076318,rack_7,304.3709472689238,29.62052442978888
2025-07-03 01:44:23.076318,rack_7,281.246681679494,28.76362915735963
2025-07-03 01:59:23.076318,rack_7,287.4121778251809,31.026097239198013
2025-07-03 02:14:23.076318,rack_7,212.3307891088008,26.44697888680874
2025-07-03 02:29:23.076318,rack_7,272.93011595325584,30.54737657041815
2025-07-03 02:44:23.076318,rack_7,267.4851078298443,28.13298928069517
2025-07-03 02:59:23.076318,rack_7,317.08241128007705,30.32804537237292
2025-07-03 03:14:23.076318,rack_7,281.1699906908581,29.183905437311953
2025-07-03 03:29:23.076318,rack_7,319.68019729472815,29.89934646224413
2025-07-03 03:44:23.076318,rack_7,289.3538736766871,31.1435226030254
2025-07-03 03:59:23.076318,rack_7,284.5302161579955,28.399198942590743
2025-07-03 04:14:23.076318,rack_7,259.2679164886422,28.37270680777152
2025-07-03 04:29:23.076318,rack_7,334.2039049060352,31.832171295602656
2025-07-03 04:44:23.076318,rack_7,277.38689934613507,32.31619512737198
2025-07-03 04:59:23.076318,rack_7,251.79401448122013,26.163506161822028
2025-07-03 05:14:23.076318,rack_7,281.2156628885624,29.27936764815792
2025-07-03 05:29:23.076318,rack_7,268.5234811390693,31.406024057101618
2025-07-03 05:44:23.076318,rack_7,266.18250425465703,27.52925175244668
2025-07-03 05:59:23.076318,rack_7,259.3102000697492,31.756680726986232
2025-07-03 06:14:23.076318,rack_7,281.9362582131215,28.063372220331622
2025-07-03 06:29:23.076318,rack_7,295.65411244285036,30.537812581447593
2025-07-03 06:44:23.076318,rack_7,351.6772754864027,34.11260789439828
2025-07-03 06:59:23.076318,rack_7,265.62988507351406,29.506990892635304
2025-07-03 07:14:23.076318,rack_7,340.87792207285094,28.68665091609415
2025-07-03 07:29:23.076318,rack_7,282.0051813942375,29.585280947627968
2025-07-03 07:44:23.076318,rack_7,320.9391317553429,31.776319847577376
2025-07-03 07:59:23.076318,rack_7,253.63365261859641,28.42813397173706
2025-07-03 08:14:23.076318,rack_7,320.36633364923085,33.809226011190304
2025-07-03 08:29:23.076318,rack_7,316.09246155064835,31.592225319063434
2025-07-03 08:44:23.076318,rack_7,245.6161503106522,28.960684246442263
2025-07-03 08:59:23.076318,rack_7,304.31873232784295,29.25366566364391
2025-07-03 09:14:23.076318,rack_7,317.84832078423057,29.729857024872793
2025-07-03 09:29:23.076318,rack_7,339.50679573187523,30.97338946025921
2025-07-03 09:44:23.076318,rack_7,323.10672826358905,31.00815052167222
2025-07-03 09:59:23.076318,rack_7,310.4072021869989,30.63763762351109
2025-07-03 10:14:23.076318,rack_7,340.2347203735376,32.090327724593074
2025-07-03 10:29:23.076318,rack_7,267.943524041154,27.653307820805384
2025-07-03 10:44:23.076318,rack_7,403.5626476072275,32.38705934643886
2025-07-03 10:59:23.076318,rack_7,225.20117581148048,26.96908949634436
2025-07-03 11:14:23.076318,rack_7,297.25306999758413,30.12201788286056
2025-07-03 11:29:23.076318,rack_7,274.0177046231275,28.462561990489
2025-07-03 11:44:23.076318,rack_7,347.5527454600696,31.633199057951092
2025-07-03 11:59:23.076318,rack_7,293.3092677924367,31.79747628309875
2025-07-03 12:14:23.076318,rack_7,281.37608419260755,29.493064715988673
2025-07-03 12:29:23.076318,rack_7,313.9296668254536,33.883656137438464
2025-07-03 12:44:23.076318,rack_7,314.01269697634916,28.008950647634443
2025-07-03 12:59:23.076318,rack_7,267.92379226397225,27.043129271238996
2025-07-03 13:14:23.076318,rack_7,356.82713064150187,32.03562990055582
2025-07-03 13:29:23.076318,rack_7,320.9132895513234,31.22886750040711
2025-07-03 13:44:23.076318,rack_7,328.2335814334,31.954894559689908
2025-07-03 13:59:23.076318,rack_7,320.8573183349077,30.934181024182735
2025-07-03 14:14:23.076318,rack_7,268.7965195976328,28.30483239596299
2025-07-03 14:29:23.076318,rack_7,305.22978803194985,28.599897903614668
2025-07-03 14:44:23.076318,rack_7,335.03793917462576,32.80725304478389
2025-07-03 14:59:23.076318,rack_7,320.44447216328234,31.865274099224337
2025-07-03 15:14:23.076318,rack_7,321.34201393902504,31.579418179744902
2025-07-03 15:29:23.076318,rack_7,310.3386667377531,29.16193492107245
2025-07-03 15:44:23.076318,rack_7,296.98520619493047,31.425713073043248
2025-07-03 15:59:23.076318,rack_7,308.98010422948227,32.044083851535085
2025-07-03 16:14:23.076318,rack_7,326.003620486509,32.17217215514071
2025-07-03 16:29:23.076318,rack_7,282.06788531045595,30.520124520904428
2025-07-03 16:44:23.076318,rack_7,245.64792375634698,27.409574114015882
2025-07-03 16:59:23.076318,rack_7,296.1357014078967,31.649065649383008
2025-07-03 17:14:23.076318,rack_7,319.16058837276984,29.022326320469773
2025-07-03 17:29:23.076318,rack_7,332.22225686751716,30.74228282671783
2025-07-03 17:44:23.076318,rack_7,319.0819522173729,27.581470191660316
2025-07-03 17:59:23.076318,rack_7,305.89497267920814,29.25486676305142
2025-07-03 18:14:23.076318,rack_7,346.5948006221704,30.159112365247385
2025-07-03 18:29:23.076318,rack_7,311.3957717862312,32.44438411394789
2025-07-03 18:44:23.076318,rack_7,270.5209162412495,28.31283045169719
2025-07-03 18:59:23.076318,rack_7,347.3137844428443,32.844287590066564
2025-07-03 19:14:23.076318,rack_7,289.82516788614106,30.027052734408883
2025-07-03 19:29:23.076318,rack_7,359.80210850813626,31.528008025739467
2025-07-03 19:44:23.076318,rack_7,307.63670916130434,29.47080554898693
2025-07-03 19:59:23.076318,rack_7,343.2155073014558,31.61992257781701
2025-07-03 20:14:23.076318,rack_7,352.26420741182653,31.878497217906354
2025-07-03 20:29:23.076318,rack_7,313.7132211182222,29.178604268289646
2025-07-03 20:44:23.076318,rack_7,221.45959149080957,27.816556895550356
2025-07-03 20:59:23.076318,rack_7,302.1838318264996,28.726132503654195
2025-07-03 21:14:23.076318,rack_7,311.75550277609244,31.878865183326756
2025-07-03 21:29:23.076318,rack_7,271.9850565833327,30.34273776445493
2025-07-03 21:44:23.076318,rack_7,319.7940301261101,31.57952468235729
2025-07-03 21:59:23.076318,rack_7,300.37637603912583,32.27131993300534
2025-07-03 22:14:23.076318,rack_7,296.1274080038718,29.62669871495457
2025-07-03 22:29:23.076318,rack_7,298.5227022901088,30.37129379022066
2025-07-03 22:44:23.076318,rack_7,261.9236052717648,28.652325916816764
2025-07-03 22:59:23.076318,rack_7,330.65159253684897,30.07740497297607
2025-07-03 23:14:23.076318,rack_7,284.55492968246335,27.66386487570196
2025-07-03 23:29:23.076318,rack_7,239.85877952208034,28.809844127895847
2025-07-03 23:44:23.076318,rack_7,232.7250504684202,29.16718028685558
2025-07-03 23:59:23.076318,rack_7,291.1610993569217,27.13169990102705
2025-07-04 00:14:23.076318,rack_7,328.1397453088101,30.975006361935748
2025-07-04 00:29:23.076318,rack_7,271.84936175340783,29.803157391197757
2025-07-04 00:44:23.076318,rack_7,289.2105250318475,28.977470261683028
2025-07-04 00:59:23.076318,rack_7,376.4507916017069,34.060452326297465
2025-07-04 01:14:23.076318,rack_7,288.71547171383696,31.828166718564475
2025-07-04 01:29:23.076318,rack_7,366.9642049915244,29.853594419355066
2025-07-04 01:44:23.076318,rack_7,277.4450309347724,27.558439324650518
2025-07-04 01:59:23.076318,rack_7,257.544730596371,27.837599162691582
2025-07-04 02:14:23.076318,rack_7,240.52977381726782,27.44852869220654
2025-07-04 02:29:23.076318,rack_7,251.25074013375655,27.130766042431496
2025-07-04 02:44:23.076318,rack_7,290.5230393862109,30.137213630928606
2025-07-04 02:59:23.076318,rack_7,253.65183660226023,28.28649256750835
2025-07-04 03:14:23.076318,rack_7,307.035720844751,29.435873408688167
2025-07-04 03:29:23.076318,rack_7,290.20425357734297,27.496961088442347
2025-07-04 03:44:23.076318,rack_7,350.7277421964676,27.66206844207026
2025-07-04 03:59:23.076318,rack_7,298.27562729192766,30.186302236393086
2025-07-04 04:14:23.076318,rack_7,306.1323523148657,31.037486824248806
2025-07-04 04:29:23.076318,rack_7,314.55267597885796,31.24402571131395
2025-07-04 04:44:23.076318,rack_7,310.4939565792047,31.28353381933769
2025-07-04 04:59:23.076318,rack_7,306.4915103331002,32.307718509517514
2025-07-04 05:14:23.076318,rack_7,320.48439586969346,30.526600717256425
2025-07-04 05:29:23.076318,rack_7,315.27795121365324,28.835897774903334
2025-07-04 05:44:23.076318,rack_7,324.0673078872194,29.43354031042846
2025-07-04 05:59:23.076318,rack_7,317.2027949147821,29.08559746394061
2025-07-04 06:14:23.076318,rack_7,246.95968587877275,28.19147482160113
2025-07-04 06:29:23.076318,rack_7,336.5210406021829,31.06577934858097
2025-07-04 06:44:23.076318,rack_7,299.11060630633625,29.25307148340232
2025-07-04 06:59:23.076318,rack_7,320.7871602233149,29.96812549853176
2025-07-04 07:14:23.076318,rack_7,242.56328213460569,27.145586174416362
2025-07-04 07:29:23.076318,rack_7,279.5232973536124,26.405295748139302
2025-07-04 07:44:23.076318,rack_7,338.42262340691127,32.38425880463967
2025-07-04 07:59:23.076318,rack_7,275.24821055571823,30.32037486036015
2025-07-04 08:14:23.076318,rack_7,321.2370872477155,29.119786487758617
2025-07-04 08:29:23.076318,rack_7,261.0261387898201,26.464856606775044
2025-07-04 08:44:23.076318,rack_7,294.07973154594885,32.072219090383484
2025-07-04 08:59:23.076318,rack_7,297.1563819964079,31.552494667291345
2025-07-04 09:14:23.076318,rack_7,292.21790493536434,31.092982815491077
2025-07-04 09:29:23.076318,rack_7,284.31824878151303,28.245722605692663
2025-07-04 09:44:23.076318,rack_7,254.9351866449315,32.557858290402464
2025-07-04 09:59:23.076318,rack_7,269.2264827572695,27.96057578903178
2025-07-04 10:14:23.076318,rack_7,256.2920456800166,27.597907970328162
2025-07-04 10:29:23.076318,rack_7,276.8985188277814,27.111346137186366
2025-07-04 10:44:23.076318,rack_7,297.2688519621549,27.87806209594482
2025-07-04 10:59:23.076318,rack_7,289.3595882675688,30.70557737513909
2025-07-04 11:14:23.076318,rack_7,322.6361041971171,30.39937637619433
2025-07-04 11:29:23.076318,rack_7,312.17861454249623,30.023418202132078
2025-07-04 11:44:23.076318,rack_7,366.2928197575916,33.15361252247402
2025-07-04 11:59:23.076318,rack_7,269.6694385063184,29.094513665950203
2025-07-04 12:14:23.076318,rack_7,324.34190549606154,30.724553539573048
2025-07-04 12:29:23.076318,rack_7,332.0440496519894,34.47638427596899
2025-07-04 12:44:23.076318,rack_7,324.7916224317072,27.776104506741746
2025-07-04 12:59:23.076318,rack_7,248.4494132785838,29.170694112385682
2025-07-04 13:14:23.076318,rack_7,235.095841569629,27.16697954931799
2025-07-04 13:29:23.076318,rack_7,299.27459816564794,29.87233322299671
2025-07-04 13:44:23.076318,rack_7,277.1128329642832,31.491703024816967
2025-07-04 13:59:23.076318,rack_7,283.6747096418368,28.838393449892862
2025-07-04 14:14:23.076318,rack_7,297.0905219868985,29.51513075332831
2025-07-04 14:29:23.076318,rack_7,283.54763131790065,27.75225142689523
2025-07-04 14:44:23.076318,rack_7,274.8107729072732,32.68556389912566
2025-07-04 14:59:23.076318,rack_7,303.70519670545883,31.18239434599966
2025-07-04 15:14:23.076318,rack_7,341.87557203308046,30.874137290906486
2025-07-04 15:29:23.076318,rack_7,308.7631227292889,30.794593370432803
2025-07-04 15:44:23.076318,rack_7,323.49024536024893,29.492975579030293
2025-07-04 15:59:23.076318,rack_7,316.5606787854813,29.054645146508197
2025-07-04 16:14:23.076318,rack_7,288.18071868074753,29.547917660189434
2025-07-04 16:29:23.076318,rack_7,288.07937372537396,31.511615923858372
2025-07-04 16:44:23.076318,rack_7,277.2027286736281,30.481376783982217
2025-07-04 16:59:23.076318,rack_7,333.7278914211134,31.207818818794184
2025-07-04 17:14:23.076318,rack_7,249.59261595324864,26.994636354360598
2025-07-04 17:29:23.076318,rack_7,279.4501219880844,29.97291217855731
2025-07-04 17:44:23.076318,rack_7,370.6871175020015,31.227132432488858
2025-07-04 17:59:23.076318,rack_7,306.9545892240959,27.736028765128932
2025-07-04 18:14:23.076318,rack_7,322.03001924818807,30.623130848313362
2025-07-04 18:29:23.076318,rack_7,280.095389278807,28.124736630424998
2025-07-04 18:44:23.076318,rack_7,325.2155806331946,31.587754194657332
2025-07-04 18:59:23.076318,rack_7,288.2670899300619,29.074344457882795
2025-07-04 19:14:23.076318,rack_7,348.699138904131,30.635305906415052
2025-07-04 19:29:23.076318,rack_7,263.7409775027792,27.174274473880512
2025-07-04 19:44:23.076318,rack_7,362.80170321594005,33.071717138469204
2025-07-04 19:59:23.076318,rack_7,268.9311757150509,30.977033497573377
2025-07-04 20:14:23.076318,rack_7,331.0669677537445,28.739237478823863
2025-07-04 20:29:23.076318,rack_7,298.54418616899017,31.074468147525515
2025-07-04 20:44:23.076318,rack_7,329.4808074651979,29.43033683211467
2025-07-04 20:59:23.076318,rack_7,290.30875928982283,29.857953844959223
2025-07-04 21:14:23.076318,rack_7,275.5945325455638,28.117165187032935
2025-07-04 21:29:23.076318,rack_7,245.9508523378655,28.28945406054968
2025-07-04 21:44:23.076318,rack_7,329.3927882493782,29.396043341597778
2025-07-04 21:59:23.076318,rack_7,323.16401215297174,29.725015401958455
2025-07-04 22:14:23.076318,rack_7,323.44659562163486,31.216551261219067
2025-07-04 22:29:23.076318,rack_7,267.63178187868607,30.032350636145697
2025-07-04 22:44:23.076318,rack_7,289.0498998785379,30.26311321429304
2025-07-04 22:59:23.076318,rack_7,276.5807633563308,29.520148899708136
2025-07-04 23:14:23.076318,rack_7,320.45743768587954,29.02576250192933
2025-07-04 23:29:23.076318,rack_7,258.09437184018475,26.78963870206503
2025-07-04 23:44:23.076318,rack_7,323.71388772059316,29.894005087146823
2025-07-04 23:59:23.076318,rack_7,304.8945148113714,30.435152394025067
2025-07-05 00:14:23.076318,rack_7,247.03203916303775,28.526708928674907
2025-07-05 00:29:23.076318,rack_7,262.73115114503173,27.027707501174643
2025-07-05 00:44:23.076318,rack_7,310.2654175703757,30.612349892464547
2025-07-05 00:59:23.076318,rack_7,290.11890838821137,29.968801700861324
2025-07-05 01:14:23.076318,rack_7,305.0620230771819,28.421071763520974
2025-07-05 01:29:23.076318,rack_7,336.3001680448676,33.0871269622276
2025-07-05 01:44:23.076318,rack_7,315.44914874969965,30.9685815715255
2025-07-05 01:59:23.076318,rack_7,267.1979066878728,29.04336686850435
2025-07-05 02:14:23.076318,rack_7,295.53663841909673,29.55774091256385
2025-07-05 02:29:23.076318,rack_7,321.5029176657635,31.166554161589254
2025-07-05 02:44:23.076318,rack_7,225.5773433539067,28.610759577849514
2025-07-05 02:59:23.076318,rack_7,319.3509963838052,30.73222903255819
2025-07-05 03:14:23.076318,rack_7,254.51965692313587,31.11289044344718
2025-07-05 03:29:23.076318,rack_7,310.8432099176197,30.130503324165602
2025-07-05 03:44:23.076318,rack_7,353.68005392165065,29.39965775550946
2025-07-05 03:59:23.076318,rack_7,381.05866741048055,35.49431365066454
2025-07-05 04:14:23.076318,rack_7,311.7645498241747,32.117055652298816
2025-07-05 04:29:23.076318,rack_7,301.48564795759455,30.920533896606987
2025-07-05 04:44:23.076318,rack_7,312.3279133972358,30.756269263884388
2025-07-05 04:59:23.076318,rack_7,334.3034799988586,30.432752370026382
2025-07-05 05:14:23.076318,rack_7,303.2414039833925,28.3887189788059
2025-07-05 05:29:23.076318,rack_7,309.6141515453281,29.7474727274651
2025-07-05 05:44:23.076318,rack_7,293.35176103884794,30.51448312693638
2025-07-05 05:59:23.076318,rack_7,293.10967829264644,29.981618890311555
2025-07-05 06:14:23.076318,rack_7,315.0392237376327,30.840788541932582
2025-07-05 06:29:23.076318,rack_7,308.1469090798652,29.770616657992804
2025-07-05 06:44:23.076318,rack_7,299.8588666393332,31.58359317301141
2025-07-05 06:59:23.076318,rack_7,263.73710803132394,29.083566044286812
2025-07-05 07:14:23.076318,rack_7,283.7229710172045,28.066382540980964
2025-07-05 07:29:23.076318,rack_7,239.69869691088275,26.024074357843805
2025-07-05 07:44:23.076318,rack_7,302.2769845029059,31.544090708893794
2025-07-05 07:59:23.076318,rack_7,309.5813049217078,30.75949002599432
2025-07-05 08:14:23.076318,rack_7,245.05142295627718,28.795357653914238
2025-07-05 08:29:23.076318,rack_7,270.6176387311425,29.310084596487883
2025-07-05 08:44:23.076318,rack_7,245.34545710922208,27.594468224452857
2025-07-05 08:59:23.076318,rack_7,301.29330810284364,29.736393471548805
2025-07-05 09:14:23.076318,rack_7,325.33031647584596,32.946174128097624
2025-07-05 09:29:23.076318,rack_7,285.3380082225449,30.30804637422234
2025-07-05 09:44:23.076318,rack_7,358.4841647106982,28.373171300730768
2025-07-05 09:59:23.076318,rack_7,309.17515620419056,25.446886575008797
2025-07-05 10:14:23.076318,rack_7,352.1178488133365,31.069353736269427
2025-07-05 10:29:23.076318,rack_7,287.36653844860905,30.86592687868788
2025-07-05 10:44:23.076318,rack_7,243.1411932691836,27.83953681495631
2025-07-05 10:59:23.076318,rack_7,288.9354899826782,27.207976834477403
2025-07-05 11:14:23.076318,rack_7,295.41311001367603,27.81930301887996
2025-07-05 11:29:23.076318,rack_7,286.3503585223543,29.440926119579313
2025-07-05 11:44:23.076318,rack_7,273.40766328722134,29.00228554113418
2025-07-05 11:59:23.076318,rack_7,296.48570658445067,28.505833540472537
2025-07-05 12:14:23.076318,rack_7,329.7597376310587,30.45157337108043
2025-07-05 12:29:23.076318,rack_7,330.58078826276653,30.575378320120443
2025-07-05 12:44:23.076318,rack_7,363.6495623605746,33.12132892124353
2025-07-05 12:59:23.076318,rack_7,276.4532431006414,30.237095859399055
2025-07-05 13:14:23.076318,rack_7,309.117205060093,29.570788480534297
2025-07-05 13:29:23.076318,rack_7,282.3543033070213,32.32536625853028
2025-07-05 13:44:23.076318,rack_7,293.3896269424095,29.3053412584746
2025-07-05 13:59:23.076318,rack_7,283.86441015477425,30.030290015317153
2025-07-05 14:14:23.076318,rack_7,300.0620159446865,29.706374314428057
2025-07-05 14:29:23.076318,rack_7,295.46335406345145,31.8693499055016
2025-07-05 14:44:23.076318,rack_7,298.479499365134,28.77172420857781
2025-07-05 14:59:23.076318,rack_7,237.61395526932353,29.81923236125175
2025-07-05 15:14:23.076318,rack_7,289.15053767261907,29.68659301028574
2025-07-05 15:29:23.076318,rack_7,273.7906478293404,27.36421573834956
2025-07-05 15:44:23.076318,rack_7,335.47322317154203,29.777475672124506
2025-07-05 15:59:23.076318,rack_7,291.3926635611375,29.379249239390187
2025-07-05 16:14:23.076318,rack_7,333.1972278505735,31.83754139972349
2025-07-05 16:29:23.076318,rack_7,261.16696217293924,28.489717230278373
2025-07-05 16:44:23.076318,rack_7,294.264210596899,29.627317082415214
2025-07-05 16:59:23.076318,rack_7,386.5042823020009,34.81078160411996
2025-07-05 17:14:23.076318,rack_7,317.309234344972,28.936931736608937
2025-07-05 17:29:23.076318,rack_7,275.2923819596794,28.66783320052107
2025-07-05 17:44:23.076318,rack_7,265.83591405413006,29.480393837731082
2025-07-05 17:59:23.076318,rack_7,345.83665925850966,29.460345044239165
2025-07-05 18:14:23.076318,rack_7,277.62673142547067,30.517838126538347
2025-07-05 18:29:23.076318,rack_7,310.1092063453755,28.786869343771393
2025-07-05 18:44:23.076318,rack_7,295.5301077912097,29.439125243114137
2025-07-05 18:59:23.076318,rack_7,338.3871261807908,30.058510724233095
2025-07-05 19:14:23.076318,rack_7,349.76421429376234,32.59480522460784
2025-07-05 19:29:23.076318,rack_7,337.5591329003524,32.99668250658273
2025-07-05 19:44:23.076318,rack_7,265.8298485717877,26.85549130018935
2025-07-05 19:59:23.076318,rack_7,280.4052951684054,30.43717501766246
2025-07-05 20:14:23.076318,rack_7,303.9190893696555,31.01154655914449
2025-07-05 20:29:23.076318,rack_7,258.662342912631,29.311342991967994
2025-07-05 20:44:23.076318,rack_7,275.66406277531877,27.477162580528553
2025-07-05 20:59:23.076318,rack_7,296.0219312123954,30.544630295274686
2025-07-05 21:14:23.076318,rack_7,267.43667065299735,30.243924667543258
2025-07-05 21:29:23.076318,rack_7,311.46311666564367,31.902930587320743
2025-07-05 21:44:23.076318,rack_7,345.7904467201144,31.369825122725395
2025-07-05 21:59:23.076318,rack_7,302.3399330582306,28.861670480060294
2025-07-05 22:14:23.076318,rack_7,297.77485175876257,33.350142451668
2025-07-05 22:29:23.076318,rack_7,363.6873639527822,31.988085494924718
2025-07-05 22:44:23.076318,rack_7,297.7333976600537,28.883776144332014
2025-07-05 22:59:23.076318,rack_7,286.5633557766072,31.05646841497969
2025-07-05 23:14:23.076318,rack_7,258.8931931678015,27.856045218469617
2025-07-05 23:29:23.076318,rack_7,280.78101746273927,30.40015149941944
2025-07-05 23:44:23.076318,rack_7,300.46897384073736,33.92948813793317
2025-07-05 23:59:23.076318,rack_7,319.3309331950444,30.455730151550895
2025-07-06 00:14:23.076318,rack_7,284.59956834322986,29.398163672335198
2025-07-06 00:29:23.076318,rack_7,307.9034762464219,31.509283225144074
2025-07-06 00:44:23.076318,rack_7,266.301135733848,29.543748180484762
2025-07-06 00:59:23.076318,rack_7,277.5283793275964,30.03420528273714
2025-07-06 01:14:23.076318,rack_7,277.90757675679953,29.692254908638745
2025-07-06 01:29:23.076318,rack_7,309.40841001321024,30.281620944598696
2025-07-06 01:44:23.076318,rack_7,313.1316320351979,30.756806007348217
2025-07-06 01:59:23.076318,rack_7,290.17830950137966,30.346707094527133
2025-07-06 02:14:23.076318,rack_7,324.77058642223557,30.740595860946605
2025-07-06 02:29:23.076318,rack_7,297.22870121918254,27.908954528420058
2025-07-06 02:44:23.076318,rack_7,324.8325112917764,33.205128882444114
2025-07-06 02:59:23.076318,rack_7,312.2251646646774,29.48377236040568
2025-07-06 03:14:23.076318,rack_7,292.5129867194142,31.653830966873517
2025-07-06 03:29:23.076318,rack_7,267.589475971816,29.03979066557983
2025-07-06 03:44:23.076318,rack_7,292.2434328867513,29.089948134870127
2025-07-06 03:59:23.076318,rack_7,357.0657850207313,30.294928217327463
2025-07-06 04:14:23.076318,rack_7,288.74372440241973,28.277719141945447
2025-07-06 04:29:23.076318,rack_7,319.8166911271293,30.911617186406236
2025-07-06 04:44:23.076318,rack_7,341.52586623028117,33.27261110931587
2025-07-06 04:59:23.076318,rack_7,318.6732497959688,29.44508285855638
2025-07-06 05:14:23.076318,rack_7,290.82545070914387,29.65993460150083
2025-07-06 05:29:23.076318,rack_7,340.9747615422414,29.563449014597644
2025-07-06 05:44:23.076318,rack_7,281.67667687504843,28.93149908664331
2025-07-06 05:59:23.076318,rack_7,272.7956898443216,31.334342497601696
2025-07-06 06:14:23.076318,rack_7,282.45106293183477,31.381889400170074
2025-07-06 06:29:23.076318,rack_7,309.0765892856472,30.085023782709094
2025-07-06 06:44:23.076318,rack_7,319.6453920425741,28.8687630497586
2025-07-06 06:59:23.076318,rack_7,305.3025006040515,30.044872464711425
2025-07-06 07:14:23.076318,rack_7,307.9308069120893,30.393998810206593
2025-07-06 07:29:23.076318,rack_7,292.7532753909354,30.26748943716666
2025-07-06 07:44:23.076318,rack_7,321.878339052698,29.264480214953885
2025-07-06 07:59:23.076318,rack_7,319.7082676469593,30.18674694118515
2025-07-06 08:14:23.076318,rack_7,323.86718349604007,30.685151024025757
2025-07-06 08:29:23.076318,rack_7,320.4864514172928,27.477201744827408
2025-07-06 08:44:23.076318,rack_7,318.67138988950717,29.49394756811997
2025-07-06 08:59:23.076318,rack_7,345.11400415604317,31.28365610293589
2025-07-06 09:14:23.076318,rack_7,276.62475344387656,28.773923149324993
2025-07-06 09:29:23.076318,rack_7,310.784449740351,30.9552060074963
2025-07-06 09:44:23.076318,rack_7,267.5785841473738,29.34673995371423
2025-07-06 09:59:23.076318,rack_7,290.9409681138841,30.357993108026008
2025-07-06 10:14:23.076318,rack_7,284.90883792535095,26.365700758565467
2025-07-06 10:29:23.076318,rack_7,276.5765244458921,28.980522779813626
2025-07-06 10:44:23.076318,rack_7,331.80404493165184,31.62064187443689
2025-07-06 10:59:23.076318,rack_7,322.8865804418905,33.796107531741434
2025-07-06 11:14:23.076318,rack_7,313.6002343841595,30.624311877932186
2025-07-06 11:29:23.076318,rack_7,311.80429251685337,31.318402113980486
2025-07-06 11:44:23.076318,rack_7,296.661209262032,28.321944907170135
2025-07-06 11:59:23.076318,rack_7,300.1576540609282,30.64462390874462
2025-07-06 12:14:23.076318,rack_7,327.17575891517777,33.28655673364698
2025-07-06 12:29:23.076318,rack_7,270.8403153421166,30.858766137919055
2025-07-06 12:44:23.076318,rack_7,294.9796876751986,30.20431626494228
2025-07-06 12:59:23.076318,rack_7,273.6879539302268,29.080469064186964
2025-07-06 13:14:23.076318,rack_7,363.60458795557554,31.38877315112115
2025-07-06 13:29:23.076318,rack_7,326.56914773706353,29.446213357740522
2025-07-06 13:44:23.076318,rack_7,346.88073405594025,31.61824216022332
2025-07-06 13:59:23.076318,rack_7,352.3093399919284,30.820823287633388
2025-07-06 14:14:23.076318,rack_7,243.00001407040565,27.157648438292746
2025-07-06 14:29:23.076318,rack_7,317.59500262427656,29.04814754552221
2025-07-06 14:44:23.076318,rack_7,310.73746538639773,28.6949321057615
2025-07-06 14:59:23.076318,rack_7,319.2560704084806,34.22639538719602
2025-07-06 15:14:23.076318,rack_7,265.38358176963686,30.284366937419236
2025-07-06 15:29:23.076318,rack_7,307.19855336171565,30.066718605996385
2025-07-06 15:44:23.076318,rack_7,316.71124340477724,29.283536107961087
2025-07-06 15:59:23.076318,rack_7,256.5385513854485,27.591248607238374
2025-07-06 16:14:23.076318,rack_7,324.7729452394588,33.80547511231741
2025-07-06 16:29:23.076318,rack_7,383.9191558460077,31.77817755726214
2025-07-06 16:44:23.076318,rack_7,316.08447857143784,25.090996198214924
2025-07-06 16:59:23.076318,rack_7,307.994579243135,28.768927471907038
2025-07-06 17:14:23.076318,rack_7,368.4156012243284,31.65923665646703
2025-07-06 17:29:23.076318,rack_7,270.2498302304574,28.749741242949494
2025-07-06 17:44:23.076318,rack_7,312.36010833622436,31.816247208125514
2025-06-29 17:59:23.076318,rack_8,310.84275164977214,34.532756438666034
2025-06-29 18:14:23.076318,rack_8,359.47671841784154,33.68014581006702
2025-06-29 18:29:23.076318,rack_8,279.2649392642707,32.22865846091717
2025-06-29 18:44:23.076318,rack_8,311.26757347115716,33.7696553447843
2025-06-29 18:59:23.076318,rack_8,354.62251827916685,34.91014028250009
2025-06-29 19:14:23.076318,rack_8,341.2697742912037,38.785634670558316
2025-06-29 19:29:23.076318,rack_8,389.6735787321181,38.450099537733
2025-06-29 19:44:23.076318,rack_8,277.84399897010246,34.90904088290006
2025-06-29 19:59:23.076318,rack_8,363.6675514661943,36.53143588446948
2025-06-29 20:14:23.076318,rack_8,329.5172037448118,32.61538186136705
2025-06-29 20:29:23.076318,rack_8,356.0309032262193,33.8312193435421
2025-06-29 20:44:23.076318,rack_8,307.28049110333626,36.69367735540794
2025-06-29 20:59:23.076318,rack_8,299.04304780444875,32.73890021039504
2025-06-29 21:14:23.076318,rack_8,322.83189373875734,35.526243243104595
2025-06-29 21:29:23.076318,rack_8,328.4747997591548,33.90727558531329
2025-06-29 21:44:23.076318,rack_8,345.028868907997,33.031617523582725
2025-06-29 21:59:23.076318,rack_8,336.17101204583287,34.76595384500089
2025-06-29 22:14:23.076318,rack_8,315.8950104806169,33.63361261307946
2025-06-29 22:29:23.076318,rack_8,397.00314935561545,34.43818058343511
2025-06-29 22:44:23.076318,rack_8,333.18360694594537,32.67014622909648
2025-06-29 22:59:23.076318,rack_8,324.662913792823,31.49373868501278
2025-06-29 23:14:23.076318,rack_8,343.83324562956625,35.44361128019249
2025-06-29 23:29:23.076318,rack_8,289.48790877579506,32.13627048558542
2025-06-29 23:44:23.076318,rack_8,307.6270243621166,37.30204317598674
2025-06-29 23:59:23.076318,rack_8,265.6063648684748,31.296747955180223
2025-06-30 00:14:23.076318,rack_8,303.57040336356937,32.35303822386104
2025-06-30 00:29:23.076318,rack_8,328.1334797429296,35.67261650936499
2025-06-30 00:44:23.076318,rack_8,360.12849125141975,35.172562355171486
2025-06-30 00:59:23.076318,rack_8,320.4065998117684,36.67605833729022
2025-06-30 01:14:23.076318,rack_8,324.0190506431381,32.70294093702685
2025-06-30 01:29:23.076318,rack_8,332.2611429322852,36.11379651228135
2025-06-30 01:44:23.076318,rack_8,283.0680704602639,32.40265985250882
2025-06-30 01:59:23.076318,rack_8,318.1608851810272,31.766460557126628
2025-06-30 02:14:23.076318,rack_8,302.0187708161414,31.9528319829906
2025-06-30 02:29:23.076318,rack_8,333.851465182742,34.908967685513176
2025-06-30 02:44:23.076318,rack_8,277.26298791125873,32.267253519078515
2025-06-30 02:59:23.076318,rack_8,405.1861115589692,36.01688942560301
2025-06-30 03:14:23.076318,rack_8,256.05091693243594,34.76886599487985
2025-06-30 03:29:23.076318,rack_8,346.12006231498054,34.58722783155048
2025-06-30 03:44:23.076318,rack_8,379.1298784982936,34.80995785764565
2025-06-30 03:59:23.076318,rack_8,351.635433120165,34.26729878305709
2025-06-30 04:14:23.076318,rack_8,347.14623568320235,33.90389482243992
2025-06-30 04:29:23.076318,rack_8,355.800505366709,35.47607165042704
2025-06-30 04:44:23.076318,rack_8,340.5858156582574,33.47831828978131
2025-06-30 04:59:23.076318,rack_8,290.2805450080378,32.11899339988207
2025-06-30 05:14:23.076318,rack_8,323.23481295683735,34.128522505818815
2025-06-30 05:29:23.076318,rack_8,331.34230795035177,31.231568255771567
2025-06-30 05:44:23.076318,rack_8,317.42649602518657,34.908057630764894
2025-06-30 05:59:23.076318,rack_8,334.8258114940708,34.85825199613587
2025-06-30 06:14:23.076318,rack_8,296.4917801794092,31.47560223510053
2025-06-30 06:29:23.076318,rack_8,344.1172390382036,34.99667566054079
2025-06-30 06:44:23.076318,rack_8,317.82641838145673,36.51515998407117
2025-06-30 06:59:23.076318,rack_8,295.7365271187836,32.37439194546763
2025-06-30 07:14:23.076318,rack_8,290.91278207610185,34.675730211682996
2025-06-30 07:29:23.076318,rack_8,268.9804833194064,32.199783947451046
2025-06-30 07:44:23.076318,rack_8,368.7117532848028,34.813533438257245
2025-06-30 07:59:23.076318,rack_8,278.4344858168177,32.75444490586648
2025-06-30 08:14:23.076318,rack_8,343.3807045946603,33.36943849976026
2025-06-30 08:29:23.076318,rack_8,326.2610191780479,35.99709417364427
2025-06-30 08:44:23.076318,rack_8,358.5873841152551,34.825143448225354
2025-06-30 08:59:23.076318,rack_8,347.83341339300864,34.457288706410274
2025-06-30 09:14:23.076318,rack_8,354.55246286717994,34.84534810767036
2025-06-30 09:29:23.076318,rack_8,342.877601067971,34.2059717431545
2025-06-30 09:44:23.076318,rack_8,379.2292027255664,33.85618365485212
2025-06-30 09:59:23.076318,rack_8,342.40038961775934,32.70244843409904
2025-06-30 10:14:23.076318,rack_8,297.45813782700145,32.30178861083671
2025-06-30 10:29:23.076318,rack_8,350.018596867294,36.7586985671783
2025-06-30 10:44:23.076318,rack_8,356.4270819685505,34.7405631084467
2025-06-30 10:59:23.076318,rack_8,342.60376691738276,35.67386301342478
2025-06-30 11:14:23.076318,rack_8,345.56678321570325,38.462754951667186
2025-06-30 11:29:23.076318,rack_8,315.9155094398177,32.167065201615976
2025-06-30 11:44:23.076318,rack_8,327.1869842474272,32.07526724092907
2025-06-30 11:59:23.076318,rack_8,300.4105589839055,33.98281889324556
2025-06-30 12:14:23.076318,rack_8,291.0606465122604,34.233231250503536
2025-06-30 12:29:23.076318,rack_8,264.57618771443276,34.83403464008344
2025-06-30 12:44:23.076318,rack_8,349.0198088560583,36.18609981266741
2025-06-30 12:59:23.076318,rack_8,324.50278107341114,30.88433195736744
2025-06-30 13:14:23.076318,rack_8,318.0222721408618,32.671725333245504
2025-06-30 13:29:23.076318,rack_8,331.50600449325896,32.90956183832471
2025-06-30 13:44:23.076318,rack_8,239.3272129373296,35.14620138154388
2025-06-30 13:59:23.076318,rack_8,397.0177025197786,38.166079457166404
2025-06-30 14:14:23.076318,rack_8,389.01934805350595,37.65463650511578
2025-06-30 14:29:23.076318,rack_8,337.2064351008192,36.46945480398363
2025-06-30 14:44:23.076318,rack_8,283.9004959070845,33.489923496963435
2025-06-30 14:59:23.076318,rack_8,324.96012204120035,34.8876939649931
2025-06-30 15:14:23.076318,rack_8,331.5804061207894,33.47273107546196
2025-06-30 15:29:23.076318,rack_8,319.84384775295354,33.301078647635386
2025-06-30 15:44:23.076318,rack_8,316.4806545573748,33.54078001791961
2025-06-30 15:59:23.076318,rack_8,368.03457378999246,35.89527606579816
2025-06-30 16:14:23.076318,rack_8,306.44805351103145,34.12518707045482
2025-06-30 16:29:23.076318,rack_8,320.7716409755705,32.19096377921143
2025-06-30 16:44:23.076318,rack_8,295.1052009873474,29.620125140365953
2025-06-30 16:59:23.076318,rack_8,336.938122745717,34.29216856772358
2025-06-30 17:14:23.076318,rack_8,362.05220358557676,35.983345726231825
2025-06-30 17:29:23.076318,rack_8,294.8000616733471,33.17903964040774
2025-06-30 17:44:23.076318,rack_8,331.51328061662497,34.94743870338913
2025-06-30 17:59:23.076318,rack_8,297.5063449342713,31.513604416667444
2025-06-30 18:14:23.076318,rack_8,283.8004761308467,34.48578839683898
2025-06-30 18:29:23.076318,rack_8,303.86956182974814,34.86712236059612
2025-06-30 18:44:23.076318,rack_8,359.06080805067916,37.170628820735296
2025-06-30 18:59:23.076318,rack_8,344.8190484436073,35.96447586057164
2025-06-30 19:14:23.076318,rack_8,365.8981120505906,35.5270899107731
2025-06-30 19:29:23.076318,rack_8,392.99252760268996,37.401665704473224
2025-06-30 19:44:23.076318,rack_8,310.370789747871,31.48026571302596
2025-06-30 19:59:23.076318,rack_8,343.85101265029755,33.084415409515394
2025-06-30 20:14:23.076318,rack_8,327.8292146589555,31.218586871202376
2025-06-30 20:29:23.076318,rack_8,346.42374154509355,36.17660979569687
2025-06-30 20:44:23.076318,rack_8,359.98243131994303,34.7458051580972
2025-06-30 20:59:23.076318,rack_8,314.20704284480854,34.23238576519683
2025-06-30 21:14:23.076318,rack_8,373.75528841138595,37.491478773862326
2025-06-30 21:29:23.076318,rack_8,303.412405451988,31.852353479070363
2025-06-30 21:44:23.076318,rack_8,320.30249565613883,31.909887987128524
2025-06-30 21:59:23.076318,rack_8,365.3459642411747,35.3774956348728
2025-06-30 22:14:23.076318,rack_8,274.41334779336216,30.918244220362656
2025-06-30 22:29:23.076318,rack_8,319.66853426680916,34.78279180117524
2025-06-30 22:44:23.076318,rack_8,323.7209160885885,36.44854949377841
2025-06-30 22:59:23.076318,rack_8,380.29271322036857,36.965227448926385
2025-06-30 23:14:23.076318,rack_8,362.34325865156114,37.467695675400016
2025-06-30 23:29:23.076318,rack_8,312.90454615578335,36.58526100490836
2025-06-30 23:44:23.076318,rack_8,313.4755358508349,33.651215489213364
2025-06-30 23:59:23.076318,rack_8,341.2701556838138,35.209803563052645
2025-07-01 00:14:23.076318,rack_8,334.4719805507127,33.911276580444756
2025-07-01 00:29:23.076318,rack_8,321.8849074896652,36.23092550512441
2025-07-01 00:44:23.076318,rack_8,326.5723442439375,34.77066832485551
2025-07-01 00:59:23.076318,rack_8,291.4125716771311,34.725600987257195
2025-07-01 01:14:23.076318,rack_8,299.03891363410355,31.402298548652322
2025-07-01 01:29:23.076318,rack_8,341.35835897586924,36.744867094834966
2025-07-01 01:44:23.076318,rack_8,353.7938740342926,35.86613318032232
2025-07-01 01:59:23.076318,rack_8,295.7614098997575,32.344066442504975
2025-07-01 02:14:23.076318,rack_8,342.7045625707105,33.690758882165184
2025-07-01 02:29:23.076318,rack_8,341.9414377423925,34.941199891575764
2025-07-01 02:44:23.076318,rack_8,325.8705229140675,34.240987405551465
2025-07-01 02:59:23.076318,rack_8,316.5703157792867,36.091019907440845
2025-07-01 03:14:23.076318,rack_8,328.01155266988314,36.25431754601036
2025-07-01 03:29:23.076318,rack_8,324.8715904200648,35.76507267148201
2025-07-01 03:44:23.076318,rack_8,333.4054745219172,32.89021453740735
2025-07-01 03:59:23.076318,rack_8,348.39312842086093,34.47364790590023
2025-07-01 04:14:23.076318,rack_8,301.22971335920465,36.52764774974004
2025-07-01 04:29:23.076318,rack_8,329.97643414093017,36.944191536265606
2025-07-01 04:44:23.076318,rack_8,348.95696007773574,34.36433257014042
2025-07-01 04:59:23.076318,rack_8,332.54398535056725,31.122284369703113
2025-07-01 05:14:23.076318,rack_8,324.62058938761004,35.623299495677635
2025-07-01 05:29:23.076318,rack_8,328.76665927534145,34.182985440652125
2025-07-01 05:44:23.076318,rack_8,310.29384731314246,30.13529876308356
2025-07-01 05:59:23.076318,rack_8,371.1309209360443,34.351818858126194
2025-07-01 06:14:23.076318,rack_8,309.85197695937194,33.40468821958471
2025-07-01 06:29:23.076318,rack_8,339.5229104163577,35.194141018458375
2025-07-01 06:44:23.076318,rack_8,347.16052792385966,34.63702389302473
2025-07-01 06:59:23.076318,rack_8,317.5663910147136,34.73547352167862
2025-07-01 07:14:23.076318,rack_8,334.2269531491617,34.247674585157455
2025-07-01 07:29:23.076318,rack_8,341.25095199352876,34.502365314128404
2025-07-01 07:44:23.076318,rack_8,286.85958782626693,33.71629925493045
2025-07-01 07:59:23.076318,rack_8,316.6031805593782,32.914539666626986
2025-07-01 08:14:23.076318,rack_8,295.2063981922601,30.97163462811861
2025-07-01 08:29:23.076318,rack_8,319.34655580343775,35.153276133285566
2025-07-01 08:44:23.076318,rack_8,289.95308000287775,34.236336938287984
2025-07-01 08:59:23.076318,rack_8,389.31545239100893,36.70641637229851
2025-07-01 09:14:23.076318,rack_8,282.3393736406333,32.81617270813276
2025-07-01 09:29:23.076318,rack_8,370.60434156287835,35.81822786376529
2025-07-01 09:44:23.076318,rack_8,344.4606643550639,36.310223132186934
2025-07-01 09:59:23.076318,rack_8,357.444127080874,35.39796087008882
2025-07-01 10:14:23.076318,rack_8,362.00134455803146,35.21103104873731
2025-07-01 10:29:23.076318,rack_8,311.761038978757,33.492390939347274
2025-07-01 10:44:23.076318,rack_8,399.21326947718546,36.30542487989105
2025-07-01 10:59:23.076318,rack_8,305.216177167107,31.944714523106168
2025-07-01 11:14:23.076318,rack_8,366.1038912916391,33.73427559303944
2025-07-01 11:29:23.076318,rack_8,281.3535108403789,35.11060127476545
2025-07-01 11:44:23.076318,rack_8,346.4148206471408,36.04604713967414
2025-07-01 11:59:23.076318,rack_8,309.9474572244525,35.337195787963275
2025-07-01 12:14:23.076318,rack_8,325.97441583426445,32.44146318821692
2025-07-01 12:29:23.076318,rack_8,325.5023233744003,33.053594649855754
2025-07-01 12:44:23.076318,rack_8,363.7399006825861,35.70446038783894
2025-07-01 12:59:23.076318,rack_8,326.987529018289,33.22580906526604
2025-07-01 13:14:23.076318,rack_8,358.04536467828814,37.06369685145523
2025-07-01 13:29:23.076318,rack_8,326.19519633282283,33.28475137572286
2025-07-01 13:44:23.076318,rack_8,329.098465919908,35.02619846769574
2025-07-01 13:59:23.076318,rack_8,346.6349190654825,37.400262883485745
2025-07-01 14:14:23.076318,rack_8,322.85253446530885,33.98070670339593
2025-07-01 14:29:23.076318,rack_8,299.8350582059858,34.787666847303434
2025-07-01 14:44:23.076318,rack_8,310.98767760821863,33.43275972718149
2025-07-01 14:59:23.076318,rack_8,354.52176043771516,33.81295496533973
2025-07-01 15:14:23.076318,rack_8,385.20305579785816,33.1342697052976
2025-07-01 15:29:23.076318,rack_8,287.675040145605,31.335868362014065
2025-07-01 15:44:23.076318,rack_8,365.9293422852237,36.936950345673
2025-07-01 15:59:23.076318,rack_8,377.50573709923776,35.54993425574041
2025-07-01 16:14:23.076318,rack_8,345.7482632363368,34.97134461965788
2025-07-01 16:29:23.076318,rack_8,330.85030421836314,35.18209792206568
2025-07-01 16:44:23.076318,rack_8,372.2429090512945,33.72296737163173
2025-07-01 16:59:23.076318,rack_8,294.65614368523103,31.61992435993903
2025-07-01 17:14:23.076318,rack_8,328.7502572828896,34.21361302969674
2025-07-01 17:29:23.076318,rack_8,323.6861810101549,34.909585038458815
2025-07-01 17:44:23.076318,rack_8,297.69587672226294,33.00387287037404
2025-07-01 17:59:23.076318,rack_8,345.8623127783201,35.664522913384964
2025-07-01 18:14:23.076318,rack_8,294.6205201772546,33.88294837182879
2025-07-01 18:29:23.076318,rack_8,354.0583077796166,38.18230413877038
2025-07-01 18:44:23.076318,rack_8,322.0136989080823,32.457686439872454
2025-07-01 18:59:23.076318,rack_8,288.9084614399509,33.78933872927489
2025-07-01 19:14:23.076318,rack_8,315.773456483079,33.70784543422535
2025-07-01 19:29:23.076318,rack_8,328.41198219106394,34.57305183016336
2025-07-01 19:44:23.076318,rack_8,377.67048268663814,35.03121963348227
2025-07-01 19:59:23.076318,rack_8,309.35491809960234,35.55079266164398
2025-07-01 20:14:23.076318,rack_8,347.8633475663948,34.5107347625881
2025-07-01 20:29:23.076318,rack_8,264.17665701015204,32.082429107277214
2025-07-01 20:44:23.076318,rack_8,317.67333210216646,34.23516201392992
2025-07-01 20:59:23.076318,rack_8,263.4167112124758,31.66845298544498
2025-07-01 21:14:23.076318,rack_8,336.0951041945181,35.95469144073009
2025-07-01 21:29:23.076318,rack_8,326.0174886710038,35.34951483760147
2025-07-01 21:44:23.076318,rack_8,327.6199713239964,34.7517423600024
2025-07-01 21:59:23.076318,rack_8,360.82097354053167,31.17199086415419
2025-07-01 22:14:23.076318,rack_8,336.7465923006293,32.83900163521152
2025-07-01 22:29:23.076318,rack_8,311.3256257947937,31.6814595335969
2025-07-01 22:44:23.076318,rack_8,340.282894187862,37.07473201025242
2025-07-01 22:59:23.076318,rack_8,338.6760957759835,35.605292541111645
2025-07-01 23:14:23.076318,rack_8,331.0646165486826,34.30892891645463
2025-07-01 23:29:23.076318,rack_8,374.71573840456745,29.68563766914815
2025-07-01 23:44:23.076318,rack_8,361.0029370152466,36.23038039225396
2025-07-01 23:59:23.076318,rack_8,353.8551774857505,36.15372198914207
2025-07-02 00:14:23.076318,rack_8,331.08124909242326,32.916967215808185
2025-07-02 00:29:23.076318,rack_8,314.7540898406635,34.136602656270135
2025-07-02 00:44:23.076318,rack_8,322.3874340144542,32.8675695668937
2025-07-02 00:59:23.076318,rack_8,364.1144482989785,35.03240814176889
2025-07-02 01:14:23.076318,rack_8,306.0171956111772,32.49478677987491
2025-07-02 01:29:23.076318,rack_8,332.13287696865814,36.183809445645316
2025-07-02 01:44:23.076318,rack_8,281.9334457208071,32.54475042911229
2025-07-02 01:59:23.076318,rack_8,356.06721745812285,34.17750024579401
2025-07-02 02:14:23.076318,rack_8,336.55344548419595,35.48017420304546
2025-07-02 02:29:23.076318,rack_8,353.7681183806615,35.35669126631392
2025-07-02 02:44:23.076318,rack_8,369.68891642343226,36.35757712010948
2025-07-02 02:59:23.076318,rack_8,324.4710734620923,33.718396980668274
2025-07-02 03:14:23.076318,rack_8,326.95069355149155,35.34110740633315
2025-07-02 03:29:23.076318,rack_8,313.5990928919504,31.634639928611744
2025-07-02 03:44:23.076318,rack_8,309.2060834205524,34.90984445363696
2025-07-02 03:59:23.076318,rack_8,330.2841296693333,37.084182980333296
2025-07-02 04:14:23.076318,rack_8,323.2892833045581,35.02313819841162
2025-07-02 04:29:23.076318,rack_8,295.0063765403091,31.605648377398417
2025-07-02 04:44:23.076318,rack_8,319.9696761687452,31.76609433297347
2025-07-02 04:59:23.076318,rack_8,329.7461582573768,36.8252798918954
2025-07-02 05:14:23.076318,rack_8,350.6933059755979,36.215138859416655
2025-07-02 05:29:23.076318,rack_8,331.6512404925823,36.87816968725161
2025-07-02 05:44:23.076318,rack_8,329.449709032328,35.52740623975344
2025-07-02 05:59:23.076318,rack_8,347.725903489938,35.121754387708314
2025-07-02 06:14:23.076318,rack_8,357.30612253404115,36.259344180206476
2025-07-02 06:29:23.076318,rack_8,331.220103166526,34.00463035524608
2025-07-02 06:44:23.076318,rack_8,342.03933025986163,30.464308210116183
2025-07-02 06:59:23.076318,rack_8,340.5521573409866,37.09451093481192
2025-07-02 07:14:23.076318,rack_8,296.58521687299816,32.52977936550793
2025-07-02 07:29:23.076318,rack_8,374.40131909398366,34.641035005650345
2025-07-02 07:44:23.076318,rack_8,388.28906487548534,35.38523658546188
2025-07-02 07:59:23.076318,rack_8,335.2005977566412,33.914368326197234
2025-07-02 08:14:23.076318,rack_8,374.65768385764454,36.36374783147139
2025-07-02 08:29:23.076318,rack_8,302.74123390840884,33.24339921079419
2025-07-02 08:44:23.076318,rack_8,281.3763407317286,29.84349898645719
2025-07-02 08:59:23.076318,rack_8,346.5683018407647,32.51821720424298
2025-07-02 09:14:23.076318,rack_8,347.1420690100879,35.12213107890045
2025-07-02 09:29:23.076318,rack_8,324.8863657246638,35.55622367020864
2025-07-02 09:44:23.076318,rack_8,315.4748131717248,33.82724222598915
2025-07-02 09:59:23.076318,rack_8,313.38381608285977,34.13412776710596
2025-07-02 10:14:23.076318,rack_8,355.06401352480583,35.87788650870533
2025-07-02 10:29:23.076318,rack_8,323.9778024193348,33.14131810853702
2025-07-02 10:44:23.076318,rack_8,236.28665840601434,32.32316768608047
2025-07-02 10:59:23.076318,rack_8,312.6198037604348,33.38641809087684
2025-07-02 11:14:23.076318,rack_8,306.6183327754263,33.92268534043289
2025-07-02 11:29:23.076318,rack_8,387.50350837981006,38.34197535815163
2025-07-02 11:44:23.076318,rack_8,264.4490466643541,32.52921478998031
2025-07-02 11:59:23.076318,rack_8,335.0352359394944,34.323517030423965
2025-07-02 12:14:23.076318,rack_8,351.8749452414613,33.92064353692034
2025-07-02 12:29:23.076318,rack_8,357.80426202701074,36.27303866187021
2025-07-02 12:44:23.076318,rack_8,267.50614775026463,34.334001044263346
2025-07-02 12:59:23.076318,rack_8,324.3487546324822,33.11722950937682
2025-07-02 13:14:23.076318,rack_8,338.0587715219709,32.71757988777895
2025-07-02 13:29:23.076318,rack_8,280.04464832271844,35.74642557147979
2025-07-02 13:44:23.076318,rack_8,347.3781460901516,34.43039305953376
2025-07-02 13:59:23.076318,rack_8,326.714858964861,32.316633500254575
2025-07-02 14:14:23.076318,rack_8,281.381312931645,31.143421546229533
2025-07-02 14:29:23.076318,rack_8,364.2765014328359,34.19397637939092
2025-07-02 14:44:23.076318,rack_8,302.51298552703076,32.727496285847415
2025-07-02 14:59:23.076318,rack_8,292.1533927944114,35.15962008085584
2025-07-02 15:14:23.076318,rack_8,348.4107995554759,34.59881345619857
2025-07-02 15:29:23.076318,rack_8,336.0662060253449,35.915834954264085
2025-07-02 15:44:23.076318,rack_8,327.95459279660184,35.43793244322398
2025-07-02 15:59:23.076318,rack_8,344.59428683336955,34.57215593358859
2025-07-02 16:14:23.076318,rack_8,350.33595405295534,36.513456569623585
2025-07-02 16:29:23.076318,rack_8,265.8647871871461,31.716801521496357
2025-07-02 16:44:23.076318,rack_8,356.40924268502584,35.49301656025305
2025-07-02 16:59:23.076318,rack_8,333.3185913264859,37.234263166242954
2025-07-02 17:14:23.076318,rack_8,382.7580091372567,36.05054854694815
2025-07-02 17:29:23.076318,rack_8,298.98634057071894,32.583711356308896
2025-07-02 17:44:23.076318,rack_8,310.80788921879184,35.78492771322363
2025-07-02 17:59:23.076318,rack_8,339.2108263003214,33.361025545649184
2025-07-02 18:14:23.076318,rack_8,293.90757414446773,34.32674861920387
2025-07-02 18:29:23.076318,rack_8,361.71276935242815,36.033407518426166
2025-07-02 18:44:23.076318,rack_8,248.36917309428253,32.99572365502264
2025-07-02 18:59:23.076318,rack_8,322.56839668524833,34.113936741010846
2025-07-02 19:14:23.076318,rack_8,304.9671620000478,32.49815920657885
2025-07-02 19:29:23.076318,rack_8,292.7631615804807,34.17652420756177
2025-07-02 19:44:23.076318,rack_8,313.8422782398075,37.192593713159866
2025-07-02 19:59:23.076318,rack_8,388.7315183564837,38.19165602790451
2025-07-02 20:14:23.076318,rack_8,297.21965233506813,34.5359329573997
2025-07-02 20:29:23.076318,rack_8,342.0739226487798,33.600960312295655
2025-07-02 20:44:23.076318,rack_8,362.36383271946465,31.03593743655362
2025-07-02 20:59:23.076318,rack_8,284.13351393999955,32.039170352591995
2025-07-02 21:14:23.076318,rack_8,313.6264388158355,33.95279558170689
2025-07-02 21:29:23.076318,rack_8,307.5044488426713,33.33065028210075
2025-07-02 21:44:23.076318,rack_8,313.35097283569826,34.14996431760195
2025-07-02 21:59:23.076318,rack_8,350.8036978676041,38.42381784297209
2025-07-02 22:14:23.076318,rack_8,315.67385411170363,36.41060087467225
2025-07-02 22:29:23.076318,rack_8,347.7387076921017,33.7708299376192
2025-07-02 22:44:23.076318,rack_8,346.550906538723,34.405441001707075
2025-07-02 22:59:23.076318,rack_8,350.5468210874024,33.670566437216316
2025-07-02 23:14:23.076318,rack_8,280.7309869658644,32.94895880504086
2025-07-02 23:29:23.076318,rack_8,289.3041904258793,32.753490737506965
2025-07-02 23:44:23.076318,rack_8,348.4685356053358,33.50520323422703
2025-07-02 23:59:23.076318,rack_8,287.9638557550054,33.658944199297295
2025-07-03 00:14:23.076318,rack_8,362.7495899600243,36.5511268824283
2025-07-03 00:29:23.076318,rack_8,311.202251836527,34.73739932980553
2025-07-03 00:44:23.076318,rack_8,356.3325676383249,35.65450682311948
2025-07-03 00:59:23.076318,rack_8,315.3572014464559,34.050941299769605
2025-07-03 01:14:23.076318,rack_8,320.7407632113924,33.58662713286044
2025-07-03 01:29:23.076318,rack_8,302.0327037014624,32.97214026706247
2025-07-03 01:44:23.076318,rack_8,289.58391216682475,31.249101677373154
2025-07-03 01:59:23.076318,rack_8,331.2595970926237,35.59075230183244
2025-07-03 02:14:23.076318,rack_8,342.1230014213318,36.57322927162089
2025-07-03 02:29:23.076318,rack_8,371.20939613900504,36.47447467869068
2025-07-03 02:44:23.076318,rack_8,289.8792802770902,32.799938208771
2025-07-03 02:59:23.076318,rack_8,323.87454282261734,33.72022346201973
2025-07-03 03:14:23.076318,rack_8,324.3346575553159,36.351775790693225
2025-07-03 03:29:23.076318,rack_8,341.7946822432911,35.697415710574624
2025-07-03 03:44:23.076318,rack_8,322.9665627278425,33.79504363430987
2025-07-03 03:59:23.076318,rack_8,364.4989037879024,34.851593509697466
2025-07-03 04:14:23.076318,rack_8,305.56449889444536,35.55966053329061
2025-07-03 04:29:23.076318,rack_8,311.5168303241834,32.15560680896058
2025-07-03 04:44:23.076318,rack_8,325.69100575579284,36.22800980976251
2025-07-03 04:59:23.076318,rack_8,338.73329385761303,33.129864733296166
2025-07-03 05:14:23.076318,rack_8,343.7930259252101,34.516141192600045
2025-07-03 05:29:23.076318,rack_8,319.83062479031884,33.3381163928716
2025-07-03 05:44:23.076318,rack_8,295.6800756499032,32.42268134835977
2025-07-03 05:59:23.076318,rack_8,342.553655412433,34.1305806011103
2025-07-03 06:14:23.076318,rack_8,314.9877281459891,31.504066719163582
2025-07-03 06:29:23.076318,rack_8,284.14636277441105,33.636965881079085
2025-07-03 06:44:23.076318,rack_8,333.44405222879413,34.265593995147505
2025-07-03 06:59:23.076318,rack_8,333.263433386833,35.668928252283706
2025-07-03 07:14:23.076318,rack_8,299.77842799198925,35.419931831639666
2025-07-03 07:29:23.076318,rack_8,350.95967725002913,31.769508941897307
2025-07-03 07:44:23.076318,rack_8,360.2580901646053,37.56700772491634
2025-07-03 07:59:23.076318,rack_8,293.5857906942546,32.96990739457748
2025-07-03 08:14:23.076318,rack_8,376.9391382093684,36.20604552038649
2025-07-03 08:29:23.076318,rack_8,361.1646383151655,35.52148472531022
2025-07-03 08:44:23.076318,rack_8,337.0483585047933,34.149576504420736
2025-07-03 08:59:23.076318,rack_8,325.45347452275365,34.49958711329984
2025-07-03 09:14:23.076318,rack_8,347.2045721643802,33.178652884883554
2025-07-03 09:29:23.076318,rack_8,326.9318861914621,34.94457405800947
2025-07-03 09:44:23.076318,rack_8,332.8405334020058,34.53374025579125
2025-07-03 09:59:23.076318,rack_8,292.30873833635485,32.09314503566553
2025-07-03 10:14:23.076318,rack_8,339.12384706414736,38.77743377496466
2025-07-03 10:29:23.076318,rack_8,338.58024352973285,33.601229806279804
2025-07-03 10:44:23.076318,rack_8,301.97021385512915,34.03499169709764
2025-07-03 10:59:23.076318,rack_8,371.13820959920434,35.7580321881658
2025-07-03 11:14:23.076318,rack_8,321.36514636134046,34.66789867536655
2025-07-03 11:29:23.076318,rack_8,366.2434206578657,37.12464096267899
2025-07-03 11:44:23.076318,rack_8,346.87752825888015,34.043669446705636
2025-07-03 11:59:23.076318,rack_8,324.71193363621865,35.56034104042111
2025-07-03 12:14:23.076318,rack_8,325.08336539756505,34.31563026468339
2025-07-03 12:29:23.076318,rack_8,312.7831088891023,33.87101062153938
2025-07-03 12:44:23.076318,rack_8,363.86826233100555,34.2021928017843
2025-07-03 12:59:23.076318,rack_8,362.03501489136727,32.70130484352798
2025-07-03 13:14:23.076318,rack_8,314.602493533012,32.54425707188588
2025-07-03 13:29:23.076318,rack_8,358.45352165479056,35.96248122267858
2025-07-03 13:44:23.076318,rack_8,312.30297676956303,32.93015839228458
2025-07-03 13:59:23.076318,rack_8,315.53461121015926,35.67186445398857
2025-07-03 14:14:23.076318,rack_8,351.3890240995805,33.89295956347898
2025-07-03 14:29:23.076318,rack_8,351.50356907038514,35.34583758496991
2025-07-03 14:44:23.076318,rack_8,340.2806140838961,36.87892079679033
2025-07-03 14:59:23.076318,rack_8,356.74677953739695,36.244390794349265
2025-07-03 15:14:23.076318,rack_8,275.3687880553311,30.678203817889695
2025-07-03 15:29:23.076318,rack_8,332.8232932403157,34.5086594759264
2025-07-03 15:44:23.076318,rack_8,291.8537320476127,33.11073526263321
2025-07-03 15:59:23.076318,rack_8,399.5412380891817,36.83132412995114
2025-07-03 16:14:23.076318,rack_8,283.13463750470476,32.76256857201038
2025-07-03 16:29:23.076318,rack_8,333.19375605882726,33.19342230584019
2025-07-03 16:44:23.076318,rack_8,389.6899809847369,37.504729351204155
2025-07-03 16:59:23.076318,rack_8,394.1948782172535,36.80507964911542
2025-07-03 17:14:23.076318,rack_8,260.7832900898077,35.93942476487754
2025-07-03 17:29:23.076318,rack_8,326.717508053196,34.30105774671455
2025-07-03 17:44:23.076318,rack_8,320.5620888614423,34.31920603923831
2025-07-03 17:59:23.076318,rack_8,331.7733025544866,33.145284013898575
2025-07-03 18:14:23.076318,rack_8,385.36016684957775,35.82338262451769
2025-07-03 18:29:23.076318,rack_8,321.64386279042645,33.5621213582257
2025-07-03 18:44:23.076318,rack_8,299.1019582461739,33.75318403719068
2025-07-03 18:59:23.076318,rack_8,348.9971016506325,35.839550151112974
2025-07-03 19:14:23.076318,rack_8,343.10260152996,35.942170793740985
2025-07-03 19:29:23.076318,rack_8,333.5616959788336,33.30850794377609
2025-07-03 19:44:23.076318,rack_8,378.5634808948827,35.026584734816794
2025-07-03 19:59:23.076318,rack_8,291.72974196287043,33.35073891885374
2025-07-03 20:14:23.076318,rack_8,301.1092902635709,31.72154389564697
2025-07-03 20:29:23.076318,rack_8,302.54503802564926,31.703344936990312
2025-07-03 20:44:23.076318,rack_8,312.44843706060914,33.030866978262495
2025-07-03 20:59:23.076318,rack_8,310.96759090326924,32.08654262460693
2025-07-03 21:14:23.076318,rack_8,317.4294703303348,33.985303265852984
2025-07-03 21:29:23.076318,rack_8,291.3784556552182,34.54392035108908
2025-07-03 21:44:23.076318,rack_8,334.7790087521434,34.63935337002472
2025-07-03 21:59:23.076318,rack_8,294.44146216201415,36.862952155841235
2025-07-03 22:14:23.076318,rack_8,349.96503850509987,36.963869467143816
2025-07-03 22:29:23.076318,rack_8,335.23248699473413,36.71816778880773
2025-07-03 22:44:23.076318,rack_8,266.7388657750413,33.343243227854025
2025-07-03 22:59:23.076318,rack_8,323.8742562012213,35.14069089667445
2025-07-03 23:14:23.076318,rack_8,275.7936203300744,36.165349068376464
2025-07-03 23:29:23.076318,rack_8,333.42612787679985,34.9799306423961
2025-07-03 23:44:23.076318,rack_8,326.24115487190664,32.33492078689488
2025-07-03 23:59:23.076318,rack_8,299.78745660935164,36.735954353126324
2025-07-04 00:14:23.076318,rack_8,389.10053323924717,34.822668208065046
2025-07-04 00:29:23.076318,rack_8,337.85228643622514,36.18514873696488
2025-07-04 00:44:23.076318,rack_8,319.3749481843863,32.73003625841344
2025-07-04 00:59:23.076318,rack_8,361.4458632999445,33.26927426802188
2025-07-04 01:14:23.076318,rack_8,345.88718364634025,31.624117712556476
2025-07-04 01:29:23.076318,rack_8,341.5362256321182,32.06703613174438
2025-07-04 01:44:23.076318,rack_8,365.5304545133562,35.26902456807191
2025-07-04 01:59:23.076318,rack_8,324.61256444919695,35.53094265795771
2025-07-04 02:14:23.076318,rack_8,348.28565629392165,35.63743667904132
2025-07-04 02:29:23.076318,rack_8,328.68721988871505,35.260335967108425
2025-07-04 02:44:23.076318,rack_8,404.8800260734479,34.38299366144282
2025-07-04 02:59:23.076318,rack_8,359.69647635809633,36.41875943186428
2025-07-04 03:14:23.076318,rack_8,346.3130165988105,37.02964921308979
2025-07-04 03:29:23.076318,rack_8,293.17300282726404,34.96590801271166
2025-07-04 03:44:23.076318,rack_8,279.5298838176919,33.15336127332991
2025-07-04 03:59:23.076318,rack_8,366.5538170760617,36.39491077204424
2025-07-04 04:14:23.076318,rack_8,388.4215763772987,33.11375773775759
2025-07-04 04:29:23.076318,rack_8,345.52254129229823,34.44999261030157
2025-07-04 04:44:23.076318,rack_8,351.5512770352586,35.081001433637745
2025-07-04 04:59:23.076318,rack_8,296.2500894578256,35.587333153095834
2025-07-04 05:14:23.076318,rack_8,304.29299961381014,31.725353328577718
2025-07-04 05:29:23.076318,rack_8,287.2671043394197,31.443331729502695
2025-07-04 05:44:23.076318,rack_8,329.8479983930078,34.39083363043046
2025-07-04 05:59:23.076318,rack_8,317.16427506039855,33.91526051901834
2025-07-04 06:14:23.076318,rack_8,367.38103675218923,36.8562849668665
2025-07-04 06:29:23.076318,rack_8,374.9242802835432,36.60083748460779
2025-07-04 06:44:23.076318,rack_8,284.09864239679314,30.58940643921297
2025-07-04 06:59:23.076318,rack_8,326.0302742023768,34.360578754209996
2025-07-04 07:14:23.076318,rack_8,320.39706832582704,32.56107542467364
2025-07-04 07:29:23.076318,rack_8,258.0359489991689,32.435468257064564
2025-07-04 07:44:23.076318,rack_8,336.4203354635537,37.66525709842192
2025-07-04 07:59:23.076318,rack_8,334.04856615198645,34.641092344645
2025-07-04 08:14:23.076318,rack_8,324.44859495710466,33.54095960127004
2025-07-04 08:29:23.076318,rack_8,368.59082307214743,38.85636652900909
2025-07-04 08:44:23.076318,rack_8,352.30245066583353,36.36864961594884
2025-07-04 08:59:23.076318,rack_8,331.5399426304258,36.56766503682193
2025-07-04 09:14:23.076318,rack_8,352.12600019731053,35.04312508717295
2025-07-04 09:29:23.076318,rack_8,361.273515509495,36.49714035691887
2025-07-04 09:44:23.076318,rack_8,325.6008117216098,34.402032156564765
2025-07-04 09:59:23.076318,rack_8,342.2597864876262,33.94323962702089
2025-07-04 10:14:23.076318,rack_8,303.0443302794301,34.82389376150527
2025-07-04 10:29:23.076318,rack_8,276.7664350410707,31.081141777692785
2025-07-04 10:44:23.076318,rack_8,277.4628354817013,32.96103124348775
2025-07-04 10:59:23.076318,rack_8,328.3090461858787,35.43820629756136
2025-07-04 11:14:23.076318,rack_8,299.4367734260923,32.450165359910194
2025-07-04 11:29:23.076318,rack_8,308.7931902589755,32.29559618221235
2025-07-04 11:44:23.076318,rack_8,311.2846827885801,32.472194925278636
2025-07-04 11:59:23.076318,rack_8,412.57150648983986,36.77129098450636
2025-07-04 12:14:23.076318,rack_8,283.6140683832559,32.42081874541436
2025-07-04 12:29:23.076318,rack_8,358.02045184029805,35.50450678465261
2025-07-04 12:44:23.076318,rack_8,323.2024887519556,36.91565613760684
2025-07-04 12:59:23.076318,rack_8,316.4400970754397,32.09704064590183
2025-07-04 13:14:23.076318,rack_8,321.91355650977226,31.25594735454739
2025-07-04 13:29:23.076318,rack_8,305.35545609081055,34.403050179534134
2025-07-04 13:44:23.076318,rack_8,284.18577002720696,31.42506282171489
2025-07-04 13:59:23.076318,rack_8,382.7369244299407,37.479333217135384
2025-07-04 14:14:23.076318,rack_8,339.53622795027235,34.07658149636598
2025-07-04 14:29:23.076318,rack_8,340.68574827440614,36.69750135144038
2025-07-04 14:44:23.076318,rack_8,340.60395001989855,34.039259713078955
2025-07-04 14:59:23.076318,rack_8,391.3920469035187,36.14859701068365
2025-07-04 15:14:23.076318,rack_8,379.5335577348138,35.343797161796225
2025-07-04 15:29:23.076318,rack_8,319.1868970229131,34.18734200438638
2025-07-04 15:44:23.076318,rack_8,339.0757379510283,34.78646097344057
2025-07-04 15:59:23.076318,rack_8,330.1079374543341,35.78578667469038
2025-07-04 16:14:23.076318,rack_8,335.31861065431144,35.34197715990002
2025-07-04 16:29:23.076318,rack_8,361.55626424624666,33.9904408214915
2025-07-04 16:44:23.076318,rack_8,368.8366861525519,32.243058967334726
2025-07-04 16:59:23.076318,rack_8,293.28904696119554,35.95145774151577
2025-07-04 17:14:23.076318,rack_8,290.18353771110174,32.77311663448115
2025-07-04 17:29:23.076318,rack_8,322.13423285384243,33.68693518660908
2025-07-04 17:44:23.076318,rack_8,372.9592190401797,35.5488966754349
2025-07-04 17:59:23.076318,rack_8,321.3841034172687,33.84411252485094
2025-07-04 18:14:23.076318,rack_8,277.3483028122358,31.914235849933046
2025-07-04 18:29:23.076318,rack_8,348.574350577961,33.717857399749676
2025-07-04 18:44:23.076318,rack_8,332.41835929286367,34.46108776038788
2025-07-04 18:59:23.076318,rack_8,348.115468353254,35.25787333311827
2025-07-04 19:14:23.076318,rack_8,361.4158515039368,37.198867930830005
2025-07-04 19:29:23.076318,rack_8,339.0355456167571,34.123701848807045
2025-07-04 19:44:23.076318,rack_8,365.63223358286524,35.07566544210939
2025-07-04 19:59:23.076318,rack_8,317.7396784289501,35.27309972029729
2025-07-04 20:14:23.076318,rack_8,344.5065987618519,33.193952306335575
2025-07-04 20:29:23.076318,rack_8,351.7820969797415,36.06332414754772
2025-07-04 20:44:23.076318,rack_8,366.8994652506696,35.9062653676479
2025-07-04 20:59:23.076318,rack_8,339.288614992158,37.31333098710236
2025-07-04 21:14:23.076318,rack_8,319.4849610852815,34.645498608547065
2025-07-04 21:29:23.076318,rack_8,349.42383894322523,36.12616283927888
2025-07-04 21:44:23.076318,rack_8,322.3741054762264,33.004080587665584
2025-07-04 21:59:23.076318,rack_8,312.4679464157541,32.61051412919869
2025-07-04 22:14:23.076318,rack_8,300.783540854238,36.35846302871057
2025-07-04 22:29:23.076318,rack_8,354.9123732956297,33.26024102496688
2025-07-04 22:44:23.076318,rack_8,287.3358087761561,34.002611330556554
2025-07-04 22:59:23.076318,rack_8,312.577167512004,34.18530673978428
2025-07-04 23:14:23.076318,rack_8,308.02854364549023,34.361084879886356
2025-07-04 23:29:23.076318,rack_8,383.64719725462385,37.487512576711715
2025-07-04 23:44:23.076318,rack_8,362.3325744143649,35.409600541013795
2025-07-04 23:59:23.076318,rack_8,359.98322907287684,32.221073704432555
2025-07-05 00:14:23.076318,rack_8,265.8169675648083,29.268717261269238
2025-07-05 00:29:23.076318,rack_8,278.4838398022198,30.734828108345162
2025-07-05 00:44:23.076318,rack_8,342.80969722918695,34.24975575754147
2025-07-05 00:59:23.076318,rack_8,369.06863428513117,36.03776703415212
2025-07-05 01:14:23.076318,rack_8,350.66341547475383,34.70923827774857
2025-07-05 01:29:23.076318,rack_8,290.72607273379214,34.92345640742036
2025-07-05 01:44:23.076318,rack_8,311.4747763949103,31.32955350514864
2025-07-05 01:59:23.076318,rack_8,337.9804926269088,34.30272900074347
2025-07-05 02:14:23.076318,rack_8,353.94817964870316,34.60991674644503
2025-07-05 02:29:23.076318,rack_8,306.7199318225645,31.59036944446568
2025-07-05 02:44:23.076318,rack_8,342.12352447916976,33.912244569237934
2025-07-05 02:59:23.076318,rack_8,323.5708456719136,34.44523889991789
2025-07-05 03:14:23.076318,rack_8,325.9317395133212,35.91811556748207
2025-07-05 03:29:23.076318,rack_8,310.9895324041626,35.70491927552283
2025-07-05 03:44:23.076318,rack_8,364.12444257183967,32.43853475806343
2025-07-05 03:59:23.076318,rack_8,310.9424144346344,29.930897441616096
2025-07-05 04:14:23.076318,rack_8,332.94942839114753,31.491793529677764
2025-07-05 04:29:23.076318,rack_8,319.6641330295575,35.328504332204226
2025-07-05 04:44:23.076318,rack_8,280.27455816464504,34.93342904246416
2025-07-05 04:59:23.076318,rack_8,309.6994084632845,31.15760960010166
2025-07-05 05:14:23.076318,rack_8,391.7295378345499,34.39888566746486
2025-07-05 05:29:23.076318,rack_8,333.5791962415123,35.032296746495945
2025-07-05 05:44:23.076318,rack_8,321.8720589943599,32.55761312179571
2025-07-05 05:59:23.076318,rack_8,332.0644139250132,35.694574899712066
2025-07-05 06:14:23.076318,rack_8,369.669304705299,35.41223293858931
2025-07-05 06:29:23.076318,rack_8,341.63324950259573,36.857048186922036
2025-07-05 06:44:23.076318,rack_8,342.6170954644574,34.48426954541746
2025-07-05 06:59:23.076318,rack_8,332.9761979726961,34.539420808085495
2025-07-05 07:14:23.076318,rack_8,275.24444914626207,32.22670238227412
2025-07-05 07:29:23.076318,rack_8,268.66222143619376,34.25190718092841
2025-07-05 07:44:23.076318,rack_8,381.2125953623775,33.10930566420929
2025-07-05 07:59:23.076318,rack_8,348.1402366405197,35.398078119076196
2025-07-05 08:14:23.076318,rack_8,294.1713064643842,30.216139810820028
2025-07-05 08:29:23.076318,rack_8,271.18792726364256,31.424153630862882
2025-07-05 08:44:23.076318,rack_8,308.5386705416314,32.382639314091975
2025-07-05 08:59:23.076318,rack_8,310.41663940385666,31.85459556101815
2025-07-05 09:14:23.076318,rack_8,350.98655339174167,35.88650537985133
2025-07-05 09:29:23.076318,rack_8,336.3951067148382,36.7994800056859
2025-07-05 09:44:23.076318,rack_8,347.69960626928065,34.3623846211943
2025-07-05 09:59:23.076318,rack_8,317.1795233738343,33.55418789717211
2025-07-05 10:14:23.076318,rack_8,301.6356775577337,33.3199821041428
2025-07-05 10:29:23.076318,rack_8,334.3008478962477,34.51789550173578
2025-07-05 10:44:23.076318,rack_8,349.8561916003037,34.19209796634689
2025-07-05 10:59:23.076318,rack_8,337.9720839786503,38.31848239355607
2025-07-05 11:14:23.076318,rack_8,299.67923447880884,32.620696380256305
2025-07-05 11:29:23.076318,rack_8,309.9556724803429,37.80368489479365
2025-07-05 11:44:23.076318,rack_8,323.8979759565159,33.24115594914239
2025-07-05 11:59:23.076318,rack_8,346.03888389784464,37.21825731007432
2025-07-05 12:14:23.076318,rack_8,369.64414195606076,34.244959824991234
2025-07-05 12:29:23.076318,rack_8,341.34371339463854,33.27656529445637
2025-07-05 12:44:23.076318,rack_8,311.5716187859538,36.32667790156678
2025-07-05 12:59:23.076318,rack_8,337.37548858606743,34.36538824910948
2025-07-05 13:14:23.076318,rack_8,319.7312420997365,34.71432671081014
2025-07-05 13:29:23.076318,rack_8,286.28954856759714,30.889774868311605
2025-07-05 13:44:23.076318,rack_8,283.4631012611357,34.582444764483014
2025-07-05 13:59:23.076318,rack_8,296.23571879005095,31.798569317735687
2025-07-05 14:14:23.076318,rack_8,327.28142843070384,31.038584824445177
2025-07-05 14:29:23.076318,rack_8,340.67209976998254,35.53265945141521
2025-07-05 14:44:23.076318,rack_8,311.22954691854216,35.621527730117045
2025-07-05 14:59:23.076318,rack_8,318.3229265740836,32.937735221140244
2025-07-05 15:14:23.076318,rack_8,366.6260149266485,35.11501268186093
2025-07-05 15:29:23.076318,rack_8,350.43859227328073,32.91609092554757
2025-07-05 15:44:23.076318,rack_8,296.2662132045187,33.476777540645905
2025-07-05 15:59:23.076318,rack_8,290.6652120431383,34.316522354683315
2025-07-05 16:14:23.076318,rack_8,302.9913620585358,34.67173646287542
2025-07-05 16:29:23.076318,rack_8,378.3495889554434,35.573322521579215
2025-07-05 16:44:23.076318,rack_8,319.2739017073479,34.98594217666784
2025-07-05 16:59:23.076318,rack_8,348.98497163013485,35.076698272214955
2025-07-05 17:14:23.076318,rack_8,316.2355177798936,32.90506124460621
2025-07-05 17:29:23.076318,rack_8,352.9514853444496,35.12353137513335
2025-07-05 17:44:23.076318,rack_8,358.0999987866295,34.75863539392692
2025-07-05 17:59:23.076318,rack_8,338.0870443305732,33.42756572149705
2025-07-05 18:14:23.076318,rack_8,311.5961033776973,33.96079665668805
2025-07-05 18:29:23.076318,rack_8,308.2851072436702,30.240544285623827
2025-07-05 18:44:23.076318,rack_8,395.1457595232227,37.88635497526427
2025-07-05 18:59:23.076318,rack_8,357.69202023849675,33.589808630797975
2025-07-05 19:14:23.076318,rack_8,351.6005417757229,34.35239690652347
2025-07-05 19:29:23.076318,rack_8,379.7117012516411,36.87895062912609
2025-07-05 19:44:23.076318,rack_8,326.32654522002633,33.171670960406345
2025-07-05 19:59:23.076318,rack_8,343.94480057970947,35.28072621030586
2025-07-05 20:14:23.076318,rack_8,359.5449938627213,34.50711464107808
2025-07-05 20:29:23.076318,rack_8,346.4728625072346,36.21181189192512
2025-07-05 20:44:23.076318,rack_8,348.9479321665367,33.53515655829585
2025-07-05 20:59:23.076318,rack_8,314.17187608010744,37.12589294219765
2025-07-05 21:14:23.076318,rack_8,293.67427508667254,35.25637482476724
2025-07-05 21:29:23.076318,rack_8,317.6014404905419,34.14200885508812
2025-07-05 21:44:23.076318,rack_8,318.50835090544587,32.71588033752922
2025-07-05 21:59:23.076318,rack_8,353.0437579577075,33.05825640603425
2025-07-05 22:14:23.076318,rack_8,306.2079193045294,34.16098994271556
2025-07-05 22:29:23.076318,rack_8,369.08983251489605,35.48192544486397
2025-07-05 22:44:23.076318,rack_8,312.06171389152627,33.04777902450696
2025-07-05 22:59:23.076318,rack_8,303.9862108800856,34.16568901971269
2025-07-05 23:14:23.076318,rack_8,322.2120879604868,33.36211453304756
2025-07-05 23:29:23.076318,rack_8,337.66113942236365,35.236255108235945
2025-07-05 23:44:23.076318,rack_8,324.9649995071899,36.06198372986591
2025-07-05 23:59:23.076318,rack_8,289.3823257196794,33.712414386101585
2025-07-06 00:14:23.076318,rack_8,296.79084631577,33.3875503649325
2025-07-06 00:29:23.076318,rack_8,346.01568593040196,33.82753470517689
2025-07-06 00:44:23.076318,rack_8,320.78869067292544,36.11024127786612
2025-07-06 00:59:23.076318,rack_8,345.8739880824052,35.4373513135548
2025-07-06 01:14:23.076318,rack_8,341.1876794277155,34.739092382065756
2025-07-06 01:29:23.076318,rack_8,326.971521179082,35.286387218735506
2025-07-06 01:44:23.076318,rack_8,329.0069675953027,33.832863543446585
2025-07-06 01:59:23.076318,rack_8,290.35420485985196,33.275180207527875
2025-07-06 02:14:23.076318,rack_8,271.212424642467,32.69626075533818
2025-07-06 02:29:23.076318,rack_8,297.1821486901756,33.62617606086147
2025-07-06 02:44:23.076318,rack_8,317.391005798292,36.15043191563741
2025-07-06 02:59:23.076318,rack_8,310.5653181622443,32.88600064181476
2025-07-06 03:14:23.076318,rack_8,368.07051092182587,34.769475263518416
2025-07-06 03:29:23.076318,rack_8,352.22522570774225,35.01814545814521
2025-07-06 03:44:23.076318,rack_8,371.376456442041,36.83593960292936
2025-07-06 03:59:23.076318,rack_8,376.52473239685116,31.55791353300071
2025-07-06 04:14:23.076318,rack_8,330.19244076038456,35.298390491247616
2025-07-06 04:29:23.076318,rack_8,287.0456559626074,33.49006251781998
2025-07-06 04:44:23.076318,rack_8,323.797707269402,35.91936565096109
2025-07-06 04:59:23.076318,rack_8,309.20872438500896,36.18748290622733
2025-07-06 05:14:23.076318,rack_8,284.17615706020564,33.51640073944094
2025-07-06 05:29:23.076318,rack_8,304.4500164579831,33.99242739930257
2025-07-06 05:44:23.076318,rack_8,275.2171720571876,33.101068147359946
2025-07-06 05:59:23.076318,rack_8,325.73840768951027,34.89798703900116
2025-07-06 06:14:23.076318,rack_8,361.4920792727031,33.82356816360995
2025-07-06 06:29:23.076318,rack_8,328.2767101745196,32.541933565855565
2025-07-06 06:44:23.076318,rack_8,352.1750274722902,32.54344060764406
2025-07-06 06:59:23.076318,rack_8,312.77100817386037,30.35534552507058
2025-07-06 07:14:23.076318,rack_8,300.26953376339816,36.967520026779724
2025-07-06 07:29:23.076318,rack_8,346.09795774258987,34.03370549460695
2025-07-06 07:44:23.076318,rack_8,329.6472959935549,32.72316033000617
2025-07-06 07:59:23.076318,rack_8,381.06593564084346,34.53555531885025
2025-07-06 08:14:23.076318,rack_8,360.24918327654063,35.25628231245008
2025-07-06 08:29:23.076318,rack_8,299.0657706914994,33.654752325691355
2025-07-06 08:44:23.076318,rack_8,330.36638038535835,36.257275598728185
2025-07-06 08:59:23.076318,rack_8,293.2526645005012,34.897077767955686
2025-07-06 09:14:23.076318,rack_8,311.12425432752667,36.19259300301086
2025-07-06 09:29:23.076318,rack_8,345.05675554933316,32.67450836680112
2025-07-06 09:44:23.076318,rack_8,298.5592917158441,34.52193206444375
2025-07-06 09:59:23.076318,rack_8,299.38396846080724,35.439368354281974
2025-07-06 10:14:23.076318,rack_8,279.0103436601594,31.21281773827069
2025-07-06 10:29:23.076318,rack_8,388.96639457097194,35.46706164217184
2025-07-06 10:44:23.076318,rack_8,337.6061305417753,36.68894459744409
2025-07-06 10:59:23.076318,rack_8,358.3223115687811,35.22685999073342
2025-07-06 11:14:23.076318,rack_8,265.87160539990884,31.679222793401397
2025-07-06 11:29:23.076318,rack_8,366.7856325708699,37.32511660776899
2025-07-06 11:44:23.076318,rack_8,343.9760796734802,34.31175295080356
2025-07-06 11:59:23.076318,rack_8,357.29191336558046,32.912154910539094
2025-07-06 12:14:23.076318,rack_8,369.3197652552873,34.977601117660384
2025-07-06 12:29:23.076318,rack_8,322.543507636212,35.62353637823069
2025-07-06 12:44:23.076318,rack_8,320.02309514020493,35.31378685979411
2025-07-06 12:59:23.076318,rack_8,321.5722733027304,33.42682413108774
2025-07-06 13:14:23.076318,rack_8,314.1707565746168,33.892683974434384
2025-07-06 13:29:23.076318,rack_8,314.6060251118277,32.51122222973925
2025-07-06 13:44:23.076318,rack_8,285.9043420576828,30.545714086967575
2025-07-06 13:59:23.076318,rack_8,326.21089445835247,34.859916487652384
2025-07-06 14:14:23.076318,rack_8,274.1465385472098,34.28618592175148
2025-07-06 14:29:23.076318,rack_8,329.141383038612,35.53590433491429
2025-07-06 14:44:23.076318,rack_8,287.99386951769935,33.55513887540052
2025-07-06 14:59:23.076318,rack_8,328.10842539328064,32.151333061653716
2025-07-06 15:14:23.076318,rack_8,322.3152235699039,33.25055249204452
2025-07-06 15:29:23.076318,rack_8,328.94282092718396,35.0485523960932
2025-07-06 15:44:23.076318,rack_8,278.29242807239757,31.410897048440482
2025-07-06 15:59:23.076318,rack_8,289.1408483340222,30.039604447925523
2025-07-06 16:14:23.076318,rack_8,318.65377727461157,35.73991703991551
2025-07-06 16:29:23.076318,rack_8,354.5779310449799,31.72038125000247
2025-07-06 16:44:23.076318,rack_8,333.20322678137916,35.824098788865186
2025-07-06 16:59:23.076318,rack_8,336.92167724234787,33.77181874037929
2025-07-06 17:14:23.076318,rack_8,372.7290126267221,35.53436439642606
2025-07-06 17:29:23.076318,rack_8,286.57031623739965,33.64228575474671
2025-07-06 17:44:23.076318,rack_8,324.5313169149205,33.60678502433692
2025-06-29 17:59:23.076318,rack_9,228.29717919477423,27.677629559434564
2025-06-29 18:14:23.076318,rack_9,170.34956395125243,24.18264331136097
2025-06-29 18:29:23.076318,rack_9,203.56583360045283,24.473335829226695
2025-06-29 18:44:23.076318,rack_9,180.24485500782924,24.379988997331044
2025-06-29 18:59:23.076318,rack_9,219.7876562725152,25.155207932287322
2025-06-29 19:14:23.076318,rack_9,212.65819671962313,26.624272586016858
2025-06-29 19:29:23.076318,rack_9,211.4886324160907,25.150234274295205
2025-06-29 19:44:23.076318,rack_9,204.77218744013126,25.118229238727256
2025-06-29 19:59:23.076318,rack_9,258.34380936723056,27.015009982385845
2025-06-29 20:14:23.076318,rack_9,240.6218866786006,26.6495555669943
2025-06-29 20:29:23.076318,rack_9,218.0607019473162,26.54477513586453
2025-06-29 20:44:23.076318,rack_9,181.0099359909758,25.372067422119727
2025-06-29 20:59:23.076318,rack_9,170.98420801002916,23.122736207023053
2025-06-29 21:14:23.076318,rack_9,150.617926774836,22.436742179257262
2025-06-29 21:29:23.076318,rack_9,304.8113864136374,26.858435865157052
2025-06-29 21:44:23.076318,rack_9,230.97152604528836,24.78563084052086
2025-06-29 21:59:23.076318,rack_9,173.47590660966688,23.458713436106706
2025-06-29 22:14:23.076318,rack_9,261.3218141809395,29.087025549433903
2025-06-29 22:29:23.076318,rack_9,168.32503359791508,24.518939111863425
2025-06-29 22:44:23.076318,rack_9,222.17735031571036,26.771784995016564
2025-06-29 22:59:23.076318,rack_9,172.89470930055916,24.992965495622094
2025-06-29 23:14:23.076318,rack_9,200.08906046598113,23.80144346547931
2025-06-29 23:29:23.076318,rack_9,198.25679834334153,22.556177364460865
2025-06-29 23:44:23.076318,rack_9,200.8690388769796,26.366310351440355
2025-06-29 23:59:23.076318,rack_9,196.8212521166031,23.8485777883172
2025-06-30 00:14:23.076318,rack_9,175.76543439358898,22.614307774689486
2025-06-30 00:29:23.076318,rack_9,206.91331511790585,24.716719400351533
2025-06-30 00:44:23.076318,rack_9,173.36208081958813,25.982343538701002
2025-06-30 00:59:23.076318,rack_9,207.52834962051062,25.311813962872954
2025-06-30 01:14:23.076318,rack_9,221.97839721865432,25.430763696665938
2025-06-30 01:29:23.076318,rack_9,213.82723556095797,23.644774813450308
2025-06-30 01:44:23.076318,rack_9,208.9602139331355,24.520633909263637
2025-06-30 01:59:23.076318,rack_9,194.9002777533099,25.669605037099316
2025-06-30 02:14:23.076318,rack_9,214.52191680775576,26.320200803883
2025-06-30 02:29:23.076318,rack_9,199.60432962474212,25.418157457951274
2025-06-30 02:44:23.076318,rack_9,210.4313460356991,25.526417944128085
2025-06-30 02:59:23.076318,rack_9,216.56053680189385,27.827801780605903
2025-06-30 03:14:23.076318,rack_9,193.81583700386486,25.619585909546537
2025-06-30 03:29:23.076318,rack_9,192.01407145062902,24.935289727930506
2025-06-30 03:44:23.076318,rack_9,162.3889946580372,23.061992206269387
2025-06-30 03:59:23.076318,rack_9,204.6669513574532,25.493422461304057
2025-06-30 04:14:23.076318,rack_9,164.59222782001626,23.18141483692541
2025-06-30 04:29:23.076318,rack_9,206.13260655784543,23.238614959059873
2025-06-30 04:44:23.076318,rack_9,208.11515642842315,25.571820447365088
2025-06-30 04:59:23.076318,rack_9,180.55805777172083,23.144603547905056
2025-06-30 05:14:23.076318,rack_9,208.40173490260304,25.567425073211275
2025-06-30 05:29:23.076318,rack_9,162.01617018256204,23.522865308162764
2025-06-30 05:44:23.076318,rack_9,177.19505053902708,22.83110790491917
2025-06-30 05:59:23.076318,rack_9,150.0,23.943313097873745
2025-06-30 06:14:23.076318,rack_9,223.6696554456799,27.861846979257272
2025-06-30 06:29:23.076318,rack_9,175.82307339213403,24.719449643907826
2025-06-30 06:44:23.076318,rack_9,246.2546893916717,26.071646137872296
2025-06-30 06:59:23.076318,rack_9,213.8473052126813,26.640937911959735
2025-06-30 07:14:23.076318,rack_9,278.16262841471087,27.627520621443853
2025-06-30 07:29:23.076318,rack_9,201.64700104379068,26.371268586958028
2025-06-30 07:44:23.076318,rack_9,246.93021970127847,25.189748624323823
2025-06-30 07:59:23.076318,rack_9,222.48645696790544,26.38043426525052
2025-06-30 08:14:23.076318,rack_9,225.83420669395963,28.205462722505377
2025-06-30 08:29:23.076318,rack_9,212.2255073833857,28.168236768881076
2025-06-30 08:44:23.076318,rack_9,207.14776156447587,23.280855435082405
2025-06-30 08:59:23.076318,rack_9,164.8768138447129,20.41325171621707
2025-06-30 09:14:23.076318,rack_9,178.11768599644654,21.915020358999733
2025-06-30 09:29:23.076318,rack_9,221.72039685017583,24.954240338442858
2025-06-30 09:44:23.076318,rack_9,203.6673260173688,25.644637954926985
2025-06-30 09:59:23.076318,rack_9,155.1572174979035,22.733039880470177
2025-06-30 10:14:23.076318,rack_9,175.44847050971433,26.35203082941531
2025-06-30 10:29:23.076318,rack_9,211.95182814514143,25.48396332009243
2025-06-30 10:44:23.076318,rack_9,207.58753603741735,24.410339844349036
2025-06-30 10:59:23.076318,rack_9,214.7185032459184,25.323390819479428
2025-06-30 11:14:23.076318,rack_9,232.4542900604302,27.36341700309628
2025-06-30 11:29:23.076318,rack_9,229.0013039689625,26.11860671427043
2025-06-30 11:44:23.076318,rack_9,227.96725628583332,23.910390193085682
2025-06-30 11:59:23.076318,rack_9,166.47192006545774,23.305721936345655
2025-06-30 12:14:23.076318,rack_9,211.2156350185668,24.647617036951043
2025-06-30 12:29:23.076318,rack_9,236.8446181490257,25.75530867049346
2025-06-30 12:44:23.076318,rack_9,253.0797769441468,26.597429239866663
2025-06-30 12:59:23.076318,rack_9,183.06883770738094,25.344210346579192
2025-06-30 13:14:23.076318,rack_9,214.9458966952709,25.372109625744375
2025-06-30 13:29:23.076318,rack_9,150.78235178800094,23.947856343639963
2025-06-30 13:44:23.076318,rack_9,222.06763717713457,27.002392839936242
2025-06-30 13:59:23.076318,rack_9,208.1381896607509,23.814041160405825
2025-06-30 14:14:23.076318,rack_9,225.6009480549267,26.637997082659133
2025-06-30 14:29:23.076318,rack_9,242.2546057670334,27.916665278309903
2025-06-30 14:44:23.076318,rack_9,241.660566492555,26.879614990627438
2025-06-30 14:59:23.076318,rack_9,173.34991293080546,24.38520537941495
2025-06-30 15:14:23.076318,rack_9,192.32183688494942,23.8965488313081
2025-06-30 15:29:23.076318,rack_9,211.6717795433495,25.48871189772812
2025-06-30 15:44:23.076318,rack_9,185.62748395130848,24.739481157298414
2025-06-30 15:59:23.076318,rack_9,166.20093679830788,22.511096524092125
2025-06-30 16:14:23.076318,rack_9,207.45494900566618,27.37303255717426
2025-06-30 16:29:23.076318,rack_9,212.5819201655367,26.080720590344637
2025-06-30 16:44:23.076318,rack_9,233.09609980074987,25.703102559262632
2025-06-30 16:59:23.076318,rack_9,214.19979289695158,26.078666605855595
2025-06-30 17:14:23.076318,rack_9,242.30827669617003,26.304060409634964
2025-06-30 17:29:23.076318,rack_9,236.80680886465973,25.028545812304042
2025-06-30 17:44:23.076318,rack_9,231.89890972358953,26.518891827634132
2025-06-30 17:59:23.076318,rack_9,268.076240201962,26.168051259583503
2025-06-30 18:14:23.076318,rack_9,188.33973196669297,26.953589840311242
2025-06-30 18:29:23.076318,rack_9,190.50660522036264,23.542713151004808
2025-06-30 18:44:23.076318,rack_9,243.5630208676643,24.5298422664835
2025-06-30 18:59:23.076318,rack_9,150.0,21.376727344371528
2025-06-30 19:14:23.076318,rack_9,220.67822725060591,25.978665816700907
2025-06-30 19:29:23.076318,rack_9,212.46361764885066,27.028862066191525
2025-06-30 19:44:23.076318,rack_9,174.2460135657233,25.49702328899016
2025-06-30 19:59:23.076318,rack_9,167.71892013840733,24.380014830177615
2025-06-30 20:14:23.076318,rack_9,191.22190617784898,25.12575833046515
2025-06-30 20:29:23.076318,rack_9,175.1288496965499,22.996424425518878
2025-06-30 20:44:23.076318,rack_9,255.97508087216974,26.240299106167523
2025-06-30 20:59:23.076318,rack_9,161.38067661216516,25.707481394139517
2025-06-30 21:14:23.076318,rack_9,255.58702908532,27.355841823452035
2025-06-30 21:29:23.076318,rack_9,230.10918719502203,25.47389064974701
2025-06-30 21:44:23.076318,rack_9,175.23648916251244,23.412670034057292
2025-06-30 21:59:23.076318,rack_9,218.36301802667606,26.745888365298164
2025-06-30 22:14:23.076318,rack_9,235.59183010215983,26.07819821962533
2025-06-30 22:29:23.076318,rack_9,205.07763965266824,26.026192229864503
2025-06-30 22:44:23.076318,rack_9,206.82553495960272,24.96207954636241
2025-06-30 22:59:23.076318,rack_9,203.56260144052314,26.621781147362093
2025-06-30 23:14:23.076318,rack_9,216.54730589836714,24.36575126523835
2025-06-30 23:29:23.076318,rack_9,202.00173918547526,26.210786874950948
2025-06-30 23:44:23.076318,rack_9,177.6267785528839,24.414181233416233
2025-06-30 23:59:23.076318,rack_9,214.090808123522,26.33797191234096
2025-07-01 00:14:23.076318,rack_9,208.007828949777,27.43873134948595
2025-07-01 00:29:23.076318,rack_9,215.99934879655467,27.412306400637885
2025-07-01 00:44:23.076318,rack_9,287.40737901901537,29.669950956314903
2025-07-01 00:59:23.076318,rack_9,223.36936048893236,25.444121898539592
2025-07-01 01:14:23.076318,rack_9,197.18646397980186,26.47016605193648
2025-07-01 01:29:23.076318,rack_9,192.68178189414863,24.38186739798404
2025-07-01 01:44:23.076318,rack_9,232.9395119377222,25.58493368373183
2025-07-01 01:59:23.076318,rack_9,185.9996470128687,25.435684207693104
2025-07-01 02:14:23.076318,rack_9,159.35412921401183,24.889935834393718
2025-07-01 02:29:23.076318,rack_9,240.3761517181278,24.48162359766723
2025-07-01 02:44:23.076318,rack_9,164.7369075250538,23.621761896429028
2025-07-01 02:59:23.076318,rack_9,178.13793481475628,25.981146635159643
2025-07-01 03:14:23.076318,rack_9,182.2681266246197,25.56592206360052
2025-07-01 03:29:23.076318,rack_9,221.80735455820044,27.657924911934202
2025-07-01 03:44:23.076318,rack_9,150.0,23.0776635322022
2025-07-01 03:59:23.076318,rack_9,214.76922377877412,24.169601826568993
2025-07-01 04:14:23.076318,rack_9,187.80925921357203,24.75718760288776
2025-07-01 04:29:23.076318,rack_9,201.95171541600251,25.18326922141045
2025-07-01 04:44:23.076318,rack_9,209.1980480465172,25.38463944837136
2025-07-01 04:59:23.076318,rack_9,196.9878547271373,24.86010208472575
2025-07-01 05:14:23.076318,rack_9,190.54112865500275,23.098537522894134
2025-07-01 05:29:23.076318,rack_9,210.81470290443178,23.93043095628868
2025-07-01 05:44:23.076318,rack_9,195.25037623708627,26.3894617270616
2025-07-01 05:59:23.076318,rack_9,222.57856642368844,25.400172710917605
2025-07-01 06:14:23.076318,rack_9,219.53807675407043,28.17728443226968
2025-07-01 06:29:23.076318,rack_9,197.56515701423618,24.672840223556516
2025-07-01 06:44:23.076318,rack_9,182.35116853787696,27.304964499369856
2025-07-01 06:59:23.076318,rack_9,215.37606153164083,26.202094849764038
2025-07-01 07:14:23.076318,rack_9,214.8269097633808,26.023618350136314
2025-07-01 07:29:23.076318,rack_9,206.23582445924717,23.696859814874447
2025-07-01 07:44:23.076318,rack_9,195.4499068626474,24.971643364063596
2025-07-01 07:59:23.076318,rack_9,197.95050768851056,24.433833332899134
2025-07-01 08:14:23.076318,rack_9,206.05916466931853,25.080612541689955
2025-07-01 08:29:23.076318,rack_9,203.857951156514,25.158032029839784
2025-07-01 08:44:23.076318,rack_9,191.51707520634648,23.607351351362865
2025-07-01 08:59:23.076318,rack_9,193.2022238865244,25.638555768647173
2025-07-01 09:14:23.076318,rack_9,205.1918749214748,26.35524725798015
2025-07-01 09:29:23.076318,rack_9,189.65332594015808,25.623150749014652
2025-07-01 09:44:23.076318,rack_9,156.62204046421186,26.247305891576364
2025-07-01 09:59:23.076318,rack_9,193.9590730585976,24.311637827161952
2025-07-01 10:14:23.076318,rack_9,199.12777740274967,24.7332678526982
2025-07-01 10:29:23.076318,rack_9,162.0301587714619,24.2686248546931
2025-07-01 10:44:23.076318,rack_9,240.21733572954793,29.956454787608614
2025-07-01 10:59:23.076318,rack_9,261.1797055456005,26.10547906176686
2025-07-01 11:14:23.076318,rack_9,172.85044693402475,25.78506885065016
2025-07-01 11:29:23.076318,rack_9,197.97427435475146,24.39920507996471
2025-07-01 11:44:23.076318,rack_9,227.6973031706549,26.118284736509366
2025-07-01 11:59:23.076318,rack_9,202.8069585496642,26.154833464580882
2025-07-01 12:14:23.076318,rack_9,156.15607296460746,22.353256953295592
2025-07-01 12:29:23.076318,rack_9,224.182820602324,25.790286975607696
2025-07-01 12:44:23.076318,rack_9,157.52898366777612,22.58607389985827
2025-07-01 12:59:23.076318,rack_9,195.8827694685503,23.612224774885426
2025-07-01 13:14:23.076318,rack_9,189.767593678215,24.757546334139708
2025-07-01 13:29:23.076318,rack_9,200.0254748961158,26.77083583777936
2025-07-01 13:44:23.076318,rack_9,212.9299731039516,24.871535057313427
2025-07-01 13:59:23.076318,rack_9,200.50472254728243,23.750382864396023
2025-07-01 14:14:23.076318,rack_9,216.6210119409053,25.106395854678535
2025-07-01 14:29:23.076318,rack_9,217.44063902299803,27.82052547462681
2025-07-01 14:44:23.076318,rack_9,245.6998017824051,25.8611333846242
2025-07-01 14:59:23.076318,rack_9,289.63557484750777,28.466145766617302
2025-07-01 15:14:23.076318,rack_9,236.8906692215489,26.259610906679484
2025-07-01 15:29:23.076318,rack_9,279.3221461025906,28.396448915239247
2025-07-01 15:44:23.076318,rack_9,210.4600698069749,23.404864079162426
2025-07-01 15:59:23.076318,rack_9,170.46290554178637,23.957353072483055
2025-07-01 16:14:23.076318,rack_9,232.1898260410451,24.67921256530229
2025-07-01 16:29:23.076318,rack_9,169.70938925124088,25.570074796378517
2025-07-01 16:44:23.076318,rack_9,225.04161502557022,26.20102310883323
2025-07-01 16:59:23.076318,rack_9,241.997224627116,26.72775939634414
2025-07-01 17:14:23.076318,rack_9,183.3978395088747,25.507515871887556
2025-07-01 17:29:23.076318,rack_9,215.05099802229873,27.064880356237047
2025-07-01 17:44:23.076318,rack_9,169.08596648937754,24.518938141788627
2025-07-01 17:59:23.076318,rack_9,259.25878806774836,28.486989169602793
2025-07-01 18:14:23.076318,rack_9,228.91892075247821,29.126410991212598
2025-07-01 18:29:23.076318,rack_9,198.46366686081015,22.475061256501554
2025-07-01 18:44:23.076318,rack_9,265.9918873077082,25.654314909308503
2025-07-01 18:59:23.076318,rack_9,176.99393267716502,24.114140370327604
2025-07-01 19:14:23.076318,rack_9,200.88811921993033,24.115630447858067
2025-07-01 19:29:23.076318,rack_9,162.60636954255074,25.14756432274406
2025-07-01 19:44:23.076318,rack_9,212.23525415021285,25.053428792138146
2025-07-01 19:59:23.076318,rack_9,199.32272413285935,23.463429363684714
2025-07-01 20:14:23.076318,rack_9,224.80965059835862,28.89858944873268
2025-07-01 20:29:23.076318,rack_9,192.767922585137,24.357377273100525
2025-07-01 20:44:23.076318,rack_9,167.71601883780752,23.04357721980002
2025-07-01 20:59:23.076318,rack_9,230.15338962308306,27.684473167905793
2025-07-01 21:14:23.076318,rack_9,198.58553253352008,24.234216915780276
2025-07-01 21:29:23.076318,rack_9,211.7042056987028,27.491201239978142
2025-07-01 21:44:23.076318,rack_9,228.06893835506418,26.60327002125664
2025-07-01 21:59:23.076318,rack_9,214.310087940075,25.269258152260278
2025-07-01 22:14:23.076318,rack_9,221.60097942283184,22.87515847805961
2025-07-01 22:29:23.076318,rack_9,219.38007150861256,25.08810107684838
2025-07-01 22:44:23.076318,rack_9,187.91439941550212,23.67181312388113
2025-07-01 22:59:23.076318,rack_9,229.93419627893172,23.892228854509142
2025-07-01 23:14:23.076318,rack_9,263.6550014320634,26.82446047462803
2025-07-01 23:29:23.076318,rack_9,188.84315603184174,23.205503365995753
2025-07-01 23:44:23.076318,rack_9,189.1560815699435,25.924069446949872
2025-07-01 23:59:23.076318,rack_9,208.15619472185236,24.03580987416389
2025-07-02 00:14:23.076318,rack_9,179.67227891596622,25.373738191756953
2025-07-02 00:29:23.076318,rack_9,223.71614299534207,23.020407958931344
2025-07-02 00:44:23.076318,rack_9,183.3337300133483,26.22423724459639
2025-07-02 00:59:23.076318,rack_9,204.40143872065624,26.79553079544007
2025-07-02 01:14:23.076318,rack_9,224.78196318767985,26.448885671655855
2025-07-02 01:29:23.076318,rack_9,169.99850360931504,26.19045798377368
2025-07-02 01:44:23.076318,rack_9,187.84585441898017,25.72062157286629
2025-07-02 01:59:23.076318,rack_9,209.083063524112,26.34570728033442
2025-07-02 02:14:23.076318,rack_9,160.11027289764354,24.918783969220822
2025-07-02 02:29:23.076318,rack_9,204.023063076379,25.995240338496142
2025-07-02 02:44:23.076318,rack_9,222.66585775182108,30.243204307866307
2025-07-02 02:59:23.076318,rack_9,150.0,21.651813627730522
2025-07-02 03:14:23.076318,rack_9,189.66198219657102,24.713660907706092
2025-07-02 03:29:23.076318,rack_9,195.99695552010624,22.46142484284817
2025-07-02 03:44:23.076318,rack_9,222.22037324710226,26.100995679484093
2025-07-02 03:59:23.076318,rack_9,216.65491959016924,25.330183637137917
2025-07-02 04:14:23.076318,rack_9,162.66892779504806,23.326062697961138
2025-07-02 04:29:23.076318,rack_9,181.5467079955592,26.087202359162955
2025-07-02 04:44:23.076318,rack_9,191.53910875150513,24.581392749253286
2025-07-02 04:59:23.076318,rack_9,222.44637662043442,23.98476278911713
2025-07-02 05:14:23.076318,rack_9,225.87875611800152,25.550789350711113
2025-07-02 05:29:23.076318,rack_9,253.60416603039093,23.785120842922897
2025-07-02 05:44:23.076318,rack_9,227.39039484214234,26.183046236585938
2025-07-02 05:59:23.076318,rack_9,171.41187196031046,25.21053548336708
2025-07-02 06:14:23.076318,rack_9,164.18388206373496,24.919972101123793
2025-07-02 06:29:23.076318,rack_9,215.47033617579544,25.76171227355489
2025-07-02 06:44:23.076318,rack_9,207.05997720232335,24.114215409836557
2025-07-02 06:59:23.076318,rack_9,203.2817888306878,25.908262003005603
2025-07-02 07:14:23.076318,rack_9,223.27573051813562,27.091295434619838
2025-07-02 07:29:23.076318,rack_9,184.7204092713886,23.652113316477962
2025-07-02 07:44:23.076318,rack_9,212.89570887188958,24.6327396941197
2025-07-02 07:59:23.076318,rack_9,255.5681128880044,23.63897055877785
2025-07-02 08:14:23.076318,rack_9,240.18193980678737,27.735471688355325
2025-07-02 08:29:23.076318,rack_9,174.2469620974941,22.953310588363294
2025-07-02 08:44:23.076318,rack_9,229.80814493255315,28.068185215489844
2025-07-02 08:59:23.076318,rack_9,150.0,23.22140769826502
2025-07-02 09:14:23.076318,rack_9,190.7268876622573,23.811546280661755
2025-07-02 09:29:23.076318,rack_9,177.83490062560546,25.676752400838392
2025-07-02 09:44:23.076318,rack_9,183.68064129670427,23.78178238836123
2025-07-02 09:59:23.076318,rack_9,219.76525627942092,26.367662804953184
2025-07-02 10:14:23.076318,rack_9,217.25635537585936,25.257005980972927
2025-07-02 10:29:23.076318,rack_9,169.611982381652,25.517894777840628
2025-07-02 10:44:23.076318,rack_9,249.54387439365766,25.57521777110975
2025-07-02 10:59:23.076318,rack_9,194.60635398680003,25.372568681744138
2025-07-02 11:14:23.076318,rack_9,247.9368747149266,27.63630774080586
2025-07-02 11:29:23.076318,rack_9,197.3470066033821,25.585864959249275
2025-07-02 11:44:23.076318,rack_9,229.8925044842946,26.180352099634078
2025-07-02 11:59:23.076318,rack_9,153.60755578229848,24.231942137850623
2025-07-02 12:14:23.076318,rack_9,210.4172326933254,26.6812810117658
2025-07-02 12:29:23.076318,rack_9,187.39313725735312,24.67417737920908
2025-07-02 12:44:23.076318,rack_9,206.1891308687254,27.119237957137205
2025-07-02 12:59:23.076318,rack_9,182.86971281980556,25.824823753276785
2025-07-02 13:14:23.076318,rack_9,233.58977519360172,26.28013347045333
2025-07-02 13:29:23.076318,rack_9,181.52368745087276,27.117181148568925
2025-07-02 13:44:23.076318,rack_9,266.6908584158821,30.267178108251187
2025-07-02 13:59:23.076318,rack_9,193.50911770098153,26.233939599791487
2025-07-02 14:14:23.076318,rack_9,204.46176501830536,21.915201232110196
2025-07-02 14:29:23.076318,rack_9,240.7734476239718,25.169277673948006
2025-07-02 14:44:23.076318,rack_9,211.78013480074736,26.787635963133063
2025-07-02 14:59:23.076318,rack_9,180.28681650470747,26.002040528383468
2025-07-02 15:14:23.076318,rack_9,158.94948439460345,26.18087565159534
2025-07-02 15:29:23.076318,rack_9,252.00566007871674,27.430723664728365
2025-07-02 15:44:23.076318,rack_9,189.08131089661893,24.15077780361102
2025-07-02 15:59:23.076318,rack_9,223.0796359409982,25.63648033954997
2025-07-02 16:14:23.076318,rack_9,177.12601263123568,24.16363416958624
2025-07-02 16:29:23.076318,rack_9,187.91797728943192,24.0012880852257
2025-07-02 16:44:23.076318,rack_9,194.0993422722634,25.786994578688592
2025-07-02 16:59:23.076318,rack_9,180.9265931449523,23.223327460813806
2025-07-02 17:14:23.076318,rack_9,204.99288253469598,25.759077927891504
2025-07-02 17:29:23.076318,rack_9,256.34527509483604,26.11753940520794
2025-07-02 17:44:23.076318,rack_9,244.0297063653001,24.651656683524404
2025-07-02 17:59:23.076318,rack_9,230.61671627038862,26.05959160901696
2025-07-02 18:14:23.076318,rack_9,217.35037111976413,24.95546372616318
2025-07-02 18:29:23.076318,rack_9,205.92862504390467,23.094231884636777
2025-07-02 18:44:23.076318,rack_9,288.11902844934343,29.99785678777307
2025-07-02 18:59:23.076318,rack_9,175.6845705033915,25.49349288004008
2025-07-02 19:14:23.076318,rack_9,211.92502314117885,24.92889498172415
2025-07-02 19:29:23.076318,rack_9,241.1098433798146,27.12538343509336
2025-07-02 19:44:23.076318,rack_9,193.6252152258332,25.051889942547806
2025-07-02 19:59:23.076318,rack_9,232.11471270693488,26.361517652648047
2025-07-02 20:14:23.076318,rack_9,207.02194629218425,27.283754673554284
2025-07-02 20:29:23.076318,rack_9,200.8181992948004,23.949575808410533
2025-07-02 20:44:23.076318,rack_9,186.74808593766272,26.299940123610796
2025-07-02 20:59:23.076318,rack_9,192.00335980806688,23.484230288626264
2025-07-02 21:14:23.076318,rack_9,211.02700836567462,26.46428774879165
2025-07-02 21:29:23.076318,rack_9,226.76987247085972,27.87293855505648
2025-07-02 21:44:23.076318,rack_9,228.38642946573123,26.0240643320731
2025-07-02 21:59:23.076318,rack_9,165.73895028326476,23.029131649847006
2025-07-02 22:14:23.076318,rack_9,270.6128905532313,28.832354539622205
2025-07-02 22:29:23.076318,rack_9,263.9938869679579,27.929525516126255
2025-07-02 22:44:23.076318,rack_9,294.35382439212765,30.258809784454876
2025-07-02 22:59:23.076318,rack_9,195.3357115266451,25.537948065844752
2025-07-02 23:14:23.076318,rack_9,203.0970679096636,25.016684789249485
2025-07-02 23:29:23.076318,rack_9,150.0,23.777918530827208
2025-07-02 23:44:23.076318,rack_9,196.50588347645595,24.204614445324424
2025-07-02 23:59:23.076318,rack_9,210.66181907926608,25.50485269043154
2025-07-03 00:14:23.076318,rack_9,249.4267546792549,27.520674513759467
2025-07-03 00:29:23.076318,rack_9,262.39006590438356,25.72526374138226
2025-07-03 00:44:23.076318,rack_9,211.19141492783083,27.323728680166667
2025-07-03 00:59:23.076318,rack_9,184.89026727261546,24.101310586567923
2025-07-03 01:14:23.076318,rack_9,195.81106099623315,25.195384067779642
2025-07-03 01:29:23.076318,rack_9,210.08525213199306,24.434956130833797
2025-07-03 01:44:23.076318,rack_9,225.98005089930842,27.22327089385889
2025-07-03 01:59:23.076318,rack_9,246.12781691085578,26.492524677788285
2025-07-03 02:14:23.076318,rack_9,224.04739299558412,26.438258036123642
2025-07-03 02:29:23.076318,rack_9,247.23736071200423,27.495877787208013
2025-07-03 02:44:23.076318,rack_9,186.20556615527934,24.47363692699767
2025-07-03 02:59:23.076318,rack_9,173.51069838340092,22.090052712381006
2025-07-03 03:14:23.076318,rack_9,241.07898192852002,26.282775662275178
2025-07-03 03:29:23.076318,rack_9,173.38684073528538,24.69134400177031
2025-07-03 03:44:23.076318,rack_9,186.9671467145622,24.304013207634036
2025-07-03 03:59:23.076318,rack_9,215.3256732036544,26.587548359162728
2025-07-03 04:14:23.076318,rack_9,246.91286831671536,26.87512502245911
2025-07-03 04:29:23.076318,rack_9,238.594098265678,27.210019144386493
2025-07-03 04:44:23.076318,rack_9,169.45937589357675,24.374221143578406
2025-07-03 04:59:23.076318,rack_9,237.88211564879086,26.182788968951968
2025-07-03 05:14:23.076318,rack_9,191.18397879399774,24.125184916298597
2025-07-03 05:29:23.076318,rack_9,214.11825789969407,25.23745392514789
2025-07-03 05:44:23.076318,rack_9,216.67691005113005,23.606004985470193
2025-07-03 05:59:23.076318,rack_9,210.37168345006214,25.53126933219748
2025-07-03 06:14:23.076318,rack_9,218.17426640152678,24.90200427637394
2025-07-03 06:29:23.076318,rack_9,232.04138891255258,22.802908675674768
2025-07-03 06:44:23.076318,rack_9,199.1787791933503,25.6760231536322
2025-07-03 06:59:23.076318,rack_9,227.28270817535432,23.98572145514898
2025-07-03 07:14:23.076318,rack_9,257.3680520462921,27.403278991796554
2025-07-03 07:29:23.076318,rack_9,195.09597970503413,24.855691003555837
2025-07-03 07:44:23.076318,rack_9,151.72758298051954,21.437662207286873
2025-07-03 07:59:23.076318,rack_9,218.2933527185905,25.02232777026786
2025-07-03 08:14:23.076318,rack_9,210.24588667752,24.867812834981496
2025-07-03 08:29:23.076318,rack_9,187.02583412635545,22.0725428415607
2025-07-03 08:44:23.076318,rack_9,183.9047858765599,26.099073137274686
2025-07-03 08:59:23.076318,rack_9,209.40928605570525,24.306405583598135
2025-07-03 09:14:23.076318,rack_9,251.90042366332966,24.10278328932887
2025-07-03 09:29:23.076318,rack_9,234.7797995812938,24.18874872266626
2025-07-03 09:44:23.076318,rack_9,200.5602168180249,25.105145174103573
2025-07-03 09:59:23.076318,rack_9,204.16314308748767,26.721540221605682
2025-07-03 10:14:23.076318,rack_9,207.40866239191655,25.445168300328064
2025-07-03 10:29:23.076318,rack_9,246.89910436419268,28.19587542344006
2025-07-03 10:44:23.076318,rack_9,204.4197320740457,27.66219607120678
2025-07-03 10:59:23.076318,rack_9,230.66690948561214,27.430079508987994
2025-07-03 11:14:23.076318,rack_9,222.71580224263843,24.139867035464157
2025-07-03 11:29:23.076318,rack_9,156.91919776716085,23.652452136004637
2025-07-03 11:44:23.076318,rack_9,219.02499259581006,24.879184248523607
2025-07-03 11:59:23.076318,rack_9,183.40355600532334,24.03749078039415
2025-07-03 12:14:23.076318,rack_9,215.67361548113658,26.610356301875694
2025-07-03 12:29:23.076318,rack_9,169.0429450504759,24.70362488045245
2025-07-03 12:44:23.076318,rack_9,210.844797370053,24.74317792441109
2025-07-03 12:59:23.076318,rack_9,164.36240259494252,23.371953489161932
2025-07-03 13:14:23.076318,rack_9,269.23461355206456,30.517205153343326
2025-07-03 13:29:23.076318,rack_9,195.09604197630296,25.804750153527902
2025-07-03 13:44:23.076318,rack_9,187.8485721984914,25.839578262467995
2025-07-03 13:59:23.076318,rack_9,186.54041253800168,24.848754573918672
2025-07-03 14:14:23.076318,rack_9,212.51910923323777,26.2408783432199
2025-07-03 14:29:23.076318,rack_9,203.30766806567365,29.310342673492038
2025-07-03 14:44:23.076318,rack_9,223.04303272445975,23.534982911603635
2025-07-03 14:59:23.076318,rack_9,238.82489937329822,24.64245202509155
2025-07-03 15:14:23.076318,rack_9,201.88980164101307,26.96104334503466
2025-07-03 15:29:23.076318,rack_9,261.9850275250181,29.522921295076976
2025-07-03 15:44:23.076318,rack_9,159.61624823476996,24.114404439177683
2025-07-03 15:59:23.076318,rack_9,222.22725068860143,26.128490298410387
2025-07-03 16:14:23.076318,rack_9,194.93713405658912,25.656195085349413
2025-07-03 16:29:23.076318,rack_9,205.02637671206946,25.27198437808574
2025-07-03 16:44:23.076318,rack_9,252.60586999506108,26.690210658532834
2025-07-03 16:59:23.076318,rack_9,248.46409131538257,28.570110007342667
2025-07-03 17:14:23.076318,rack_9,258.58608138761844,25.489617682972757
2025-07-03 17:29:23.076318,rack_9,228.16352401318147,24.16746032561187
2025-07-03 17:44:23.076318,rack_9,198.52714817499574,24.688333105845082
2025-07-03 17:59:23.076318,rack_9,190.97841981776665,24.445424950469143
2025-07-03 18:14:23.076318,rack_9,208.42268750456924,25.34425771083508
2025-07-03 18:29:23.076318,rack_9,220.03007779801976,26.371336016949154
2025-07-03 18:44:23.076318,rack_9,196.29510657247138,24.779341859306577
2025-07-03 18:59:23.076318,rack_9,207.38363674546056,26.014077454071934
2025-07-03 19:14:23.076318,rack_9,203.26595095624555,26.754506410282257
2025-07-03 19:29:23.076318,rack_9,237.542507583074,26.063619516335457
2025-07-03 19:44:23.076318,rack_9,247.50969119186334,25.407710879377067
2025-07-03 19:59:23.076318,rack_9,249.59474603210603,28.58523658998838
2025-07-03 20:14:23.076318,rack_9,150.0,25.153568876558843
2025-07-03 20:29:23.076318,rack_9,187.19735731328055,22.629241319393532
2025-07-03 20:44:23.076318,rack_9,220.68770455915976,26.242820883739554
2025-07-03 20:59:23.076318,rack_9,199.77709126141283,25.392087116091766
2025-07-03 21:14:23.076318,rack_9,193.52095501402673,28.46532956157558
2025-07-03 21:29:23.076318,rack_9,220.31135665637152,29.295951244588235
2025-07-03 21:44:23.076318,rack_9,210.85410935811615,24.02386049036123
2025-07-03 21:59:23.076318,rack_9,224.97611540486974,26.170789091362284
2025-07-03 22:14:23.076318,rack_9,239.73950672475235,27.732362929591396
2025-07-03 22:29:23.076318,rack_9,254.08076783522083,29.310525863107948
2025-07-03 22:44:23.076318,rack_9,260.0840753931693,29.3597525612723
2025-07-03 22:59:23.076318,rack_9,215.23114007135075,26.550232114065313
2025-07-03 23:14:23.076318,rack_9,217.62056983941994,23.525508340530337
2025-07-03 23:29:23.076318,rack_9,210.76493819706576,27.59457209347025
2025-07-03 23:44:23.076318,rack_9,184.58968187033602,25.5580726143173
2025-07-03 23:59:23.076318,rack_9,182.28676425391726,25.58149651027249
2025-07-04 00:14:23.076318,rack_9,247.5262924908784,27.15342038761237
2025-07-04 00:29:23.076318,rack_9,195.48583313445974,25.344113557286295
2025-07-04 00:44:23.076318,rack_9,189.41066738261506,24.485516899591143
2025-07-04 00:59:23.076318,rack_9,191.23062702148786,25.14374355150741
2025-07-04 01:14:23.076318,rack_9,166.97763458693728,21.874351389173498
2025-07-04 01:29:23.076318,rack_9,242.04152389933597,27.2418058187305
2025-07-04 01:44:23.076318,rack_9,219.9257296387015,27.26518049178407
2025-07-04 01:59:23.076318,rack_9,187.32945476662945,25.459170013450823
2025-07-04 02:14:23.076318,rack_9,211.62916097511032,24.38853543068447
2025-07-04 02:29:23.076318,rack_9,279.1857519407506,26.776575621825113
2025-07-04 02:44:23.076318,rack_9,233.14629629833297,29.885266441689403
2025-07-04 02:59:23.076318,rack_9,167.9707984546669,24.297167673168445
2025-07-04 03:14:23.076318,rack_9,178.2947567113642,26.821159414432724
2025-07-04 03:29:23.076318,rack_9,204.20594885279849,29.13550181707442
2025-07-04 03:44:23.076318,rack_9,221.74300854922694,25.36310247008683
2025-07-04 03:59:23.076318,rack_9,204.98523218075235,26.97469145567397
2025-07-04 04:14:23.076318,rack_9,222.96395345356436,26.905484783204958
2025-07-04 04:29:23.076318,rack_9,216.4263207719059,26.550139486288234
2025-07-04 04:44:23.076318,rack_9,221.39608143287197,25.477614677788726
2025-07-04 04:59:23.076318,rack_9,198.08204770439085,28.04918156175244
2025-07-04 05:14:23.076318,rack_9,186.68007191006518,27.200376561439437
2025-07-04 05:29:23.076318,rack_9,214.8673820696219,24.511801222875366
2025-07-04 05:44:23.076318,rack_9,244.65682814839855,26.53793118776031
2025-07-04 05:59:23.076318,rack_9,269.29241572312316,24.681651495008442
2025-07-04 06:14:23.076318,rack_9,224.6707918299656,25.72919233436872
2025-07-04 06:29:23.076318,rack_9,254.79031081498613,26.23121373471477
2025-07-04 06:44:23.076318,rack_9,171.48741321337167,23.571285527094165
2025-07-04 06:59:23.076318,rack_9,235.55472486010032,27.556237721275817
2025-07-04 07:14:23.076318,rack_9,189.89493101352087,23.557385691013383
2025-07-04 07:29:23.076318,rack_9,163.72889088100936,22.417202502280254
2025-07-04 07:44:23.076318,rack_9,241.8606756246782,24.65396418603853
2025-07-04 07:59:23.076318,rack_9,194.88457770067075,22.675502593720644
2025-07-04 08:14:23.076318,rack_9,172.10110562499844,23.25508037063319
2025-07-04 08:29:23.076318,rack_9,191.39059532070368,24.19817947350509
2025-07-04 08:44:23.076318,rack_9,180.55378974425923,25.64206605762501
2025-07-04 08:59:23.076318,rack_9,252.28870357352253,26.89611259878776
2025-07-04 09:14:23.076318,rack_9,190.79795092796184,25.676981450133358
2025-07-04 09:29:23.076318,rack_9,276.26613543991664,26.952513791909713
2025-07-04 09:44:23.076318,rack_9,213.00608032193733,26.060013608744608
2025-07-04 09:59:23.076318,rack_9,267.50414202110125,26.98567883947635
2025-07-04 10:14:23.076318,rack_9,208.55623073525132,25.2291611313326
2025-07-04 10:29:23.076318,rack_9,217.66543698743985,23.75199030007466
2025-07-04 10:44:23.076318,rack_9,168.35652038226294,23.736864305826693
2025-07-04 10:59:23.076318,rack_9,191.56076785163324,22.694097418577634
2025-07-04 11:14:23.076318,rack_9,230.57139007021158,22.555369930017346
2025-07-04 11:29:23.076318,rack_9,224.57352476265893,24.52942712908069
2025-07-04 11:44:23.076318,rack_9,187.8110403296175,24.467280307803705
2025-07-04 11:59:23.076318,rack_9,221.4206301943855,25.273448349264804
2025-07-04 12:14:23.076318,rack_9,234.0427071522824,22.92309881420949
2025-07-04 12:29:23.076318,rack_9,188.1324290510449,27.292551730624833
2025-07-04 12:44:23.076318,rack_9,190.64159978851967,25.486272675091588
2025-07-04 12:59:23.076318,rack_9,229.06514307659967,29.475705153989203
2025-07-04 13:14:23.076318,rack_9,208.36203168559936,23.78984183857821
2025-07-04 13:29:23.076318,rack_9,218.55456213457018,22.758984559375804
2025-07-04 13:44:23.076318,rack_9,163.06353134622208,25.20528750167397
2025-07-04 13:59:23.076318,rack_9,150.0,22.574253697345533
2025-07-04 14:14:23.076318,rack_9,250.20961190221882,26.00021638319019
2025-07-04 14:29:23.076318,rack_9,232.0276526089622,25.315618702497932
2025-07-04 14:44:23.076318,rack_9,160.06636762325823,25.463574465834988
2025-07-04 14:59:23.076318,rack_9,186.4646618769144,24.25335908322738
2025-07-04 15:14:23.076318,rack_9,172.56046889257652,25.924001201910183
2025-07-04 15:29:23.076318,rack_9,207.28269165436853,24.86571916121345
2025-07-04 15:44:23.076318,rack_9,193.07829666028817,22.71178984980315
2025-07-04 15:59:23.076318,rack_9,243.02230114599325,25.569786037158476
2025-07-04 16:14:23.076318,rack_9,216.37189824870694,25.12083627258969
2025-07-04 16:29:23.076318,rack_9,240.34608900041158,24.107220051792083
2025-07-04 16:44:23.076318,rack_9,209.64295454436464,25.573584535296074
2025-07-04 16:59:23.076318,rack_9,181.89449976931297,25.248940258383197
2025-07-04 17:14:23.076318,rack_9,206.91731499591256,25.25240677180502
2025-07-04 17:29:23.076318,rack_9,243.19667837912078,27.922191250104603
2025-07-04 17:44:23.076318,rack_9,199.87575585365892,23.07390563829274
2025-07-04 17:59:23.076318,rack_9,197.08521398376388,24.06653753367801
2025-07-04 18:14:23.076318,rack_9,213.9730840983445,26.463036007912063
2025-07-04 18:29:23.076318,rack_9,241.71112095696228,27.146159165272785
2025-07-04 18:44:23.076318,rack_9,194.94723774335912,23.729295029446995
2025-07-04 18:59:23.076318,rack_9,202.75651055513214,26.561073488359966
2025-07-04 19:14:23.076318,rack_9,227.95763979515613,27.01446016603661
2025-07-04 19:29:23.076318,rack_9,168.40168183420315,24.048096451082543
2025-07-04 19:44:23.076318,rack_9,201.75209360633036,26.026502700102494
2025-07-04 19:59:23.076318,rack_9,235.28713491276744,27.333460259639878
2025-07-04 20:14:23.076318,rack_9,169.91873363809395,21.95623633213614
2025-07-04 20:29:23.076318,rack_9,231.88054287644297,24.306113480050207
2025-07-04 20:44:23.076318,rack_9,189.67601810024624,27.34913058044329
2025-07-04 20:59:23.076318,rack_9,249.50695792012274,26.093577972948747
2025-07-04 21:14:23.076318,rack_9,196.22528522402675,23.753981066532045
2025-07-04 21:29:23.076318,rack_9,167.23633323173016,24.419334779680074
2025-07-04 21:44:23.076318,rack_9,150.0,24.39775317373395
2025-07-04 21:59:23.076318,rack_9,218.64899574979992,26.929552911674723
2025-07-04 22:14:23.076318,rack_9,193.96223750927155,24.668752583022865
2025-07-04 22:29:23.076318,rack_9,220.26410069402036,25.560686759592876
2025-07-04 22:44:23.076318,rack_9,197.00709208144877,24.634480283170642
2025-07-04 22:59:23.076318,rack_9,175.9046081046885,24.89825642180785
2025-07-04 23:14:23.076318,rack_9,207.55026515698717,27.262642053576943
2025-07-04 23:29:23.076318,rack_9,211.18395868660969,25.005636065910664
2025-07-04 23:44:23.076318,rack_9,231.7950058339308,26.493425348716535
2025-07-04 23:59:23.076318,rack_9,197.94524075714725,24.199342564923004
2025-07-05 00:14:23.076318,rack_9,155.40703150228165,23.00094715674809
2025-07-05 00:29:23.076318,rack_9,203.93387556099728,25.004689201542043
2025-07-05 00:44:23.076318,rack_9,223.9985929282506,26.41911398452831
2025-07-05 00:59:23.076318,rack_9,185.78724821090543,25.091595131354058
2025-07-05 01:14:23.076318,rack_9,160.62532118133174,24.498842913979225
2025-07-05 01:29:23.076318,rack_9,157.6105781491276,23.77916053514894
2025-07-05 01:44:23.076318,rack_9,186.36824607831153,24.679050596596777
2025-07-05 01:59:23.076318,rack_9,206.14438192925917,26.354785016791215
2025-07-05 02:14:23.076318,rack_9,157.35284035037535,23.969677456472397
2025-07-05 02:29:23.076318,rack_9,174.57339369344618,25.05044485340422
2025-07-05 02:44:23.076318,rack_9,205.4378326124475,27.23580103335988
2025-07-05 02:59:23.076318,rack_9,211.90875401839375,23.51989333772808
2025-07-05 03:14:23.076318,rack_9,196.06327960181034,25.5726603226872
2025-07-05 03:29:23.076318,rack_9,217.83991132809624,28.6843455815929
2025-07-05 03:44:23.076318,rack_9,192.9297960694214,24.272078653849288
2025-07-05 03:59:23.076318,rack_9,198.85383956085218,26.165414994857862
2025-07-05 04:14:23.076318,rack_9,168.8459770158658,24.958018265311
2025-07-05 04:29:23.076318,rack_9,206.38104954056067,24.363061977099377
2025-07-05 04:44:23.076318,rack_9,157.2151471799983,22.929832179682148
2025-07-05 04:59:23.076318,rack_9,186.25840554508406,27.538214632920027
2025-07-05 05:14:23.076318,rack_9,183.6747673422744,25.30655169568763
2025-07-05 05:29:23.076318,rack_9,196.95164761852865,22.408416462110594
2025-07-05 05:44:23.076318,rack_9,238.7542171992181,24.5263392581117
2025-07-05 05:59:23.076318,rack_9,238.12874765115504,26.83999927091987
2025-07-05 06:14:23.076318,rack_9,257.4221848064045,28.041208879668485
2025-07-05 06:29:23.076318,rack_9,177.9945962105275,23.93172524788625
2025-07-05 06:44:23.076318,rack_9,211.40585254232366,25.91465361564296
2025-07-05 06:59:23.076318,rack_9,269.523198110697,25.799375283444025
2025-07-05 07:14:23.076318,rack_9,198.44842593339334,21.147543041526227
2025-07-05 07:29:23.076318,rack_9,186.2903819793823,24.10508519686565
2025-07-05 07:44:23.076318,rack_9,245.138058137656,27.38162991463907
2025-07-05 07:59:23.076318,rack_9,218.63342716817107,27.23411226018314
2025-07-05 08:14:23.076318,rack_9,225.32261744498913,27.000045870510107
2025-07-05 08:29:23.076318,rack_9,189.13821476957617,27.009924639136955
2025-07-05 08:44:23.076318,rack_9,251.48386194140525,27.506139150808032
2025-07-05 08:59:23.076318,rack_9,202.211175431089,25.82090765738831
2025-07-05 09:14:23.076318,rack_9,218.6666786184663,27.661271463836975
2025-07-05 09:29:23.076318,rack_9,194.54557833716413,24.421287395464088
2025-07-05 09:44:23.076318,rack_9,234.28618076771772,27.38847312073943
2025-07-05 09:59:23.076318,rack_9,205.35130675742548,26.841904560069576
2025-07-05 10:14:23.076318,rack_9,310.82440738801245,29.40110253789145
2025-07-05 10:29:23.076318,rack_9,220.79584002175605,23.85974212660041
2025-07-05 10:44:23.076318,rack_9,205.8583549461062,26.7597164404068
2025-07-05 10:59:23.076318,rack_9,262.7972384040061,26.599299300792417
2025-07-05 11:14:23.076318,rack_9,203.27872544163768,25.784142613024986
2025-07-05 11:29:23.076318,rack_9,190.11000726550475,24.484845097000758
2025-07-05 11:44:23.076318,rack_9,238.05846069943897,24.03458713153796
2025-07-05 11:59:23.076318,rack_9,218.1947727438374,26.185361993310735
2025-07-05 12:14:23.076318,rack_9,208.64197296200874,26.626918621886936
2025-07-05 12:29:23.076318,rack_9,200.6677583453238,27.523218767079975
2025-07-05 12:44:23.076318,rack_9,191.33732776493173,23.59395662479537
2025-07-05 12:59:23.076318,rack_9,204.91171665795224,26.263723079132337
2025-07-05 13:14:23.076318,rack_9,274.5160886846829,27.264835270958347
2025-07-05 13:29:23.076318,rack_9,214.89218565706875,25.162599726821778
2025-07-05 13:44:23.076318,rack_9,287.9251863569587,27.827180006626385
2025-07-05 13:59:23.076318,rack_9,303.72845931325213,29.22173628871273
2025-07-05 14:14:23.076318,rack_9,171.12139649628156,24.41585823974323
2025-07-05 14:29:23.076318,rack_9,214.90908462683072,23.266615619632365
2025-07-05 14:44:23.076318,rack_9,178.68565099600804,22.946820311335966
2025-07-05 14:59:23.076318,rack_9,213.67454120795438,26.624791217501286
2025-07-05 15:14:23.076318,rack_9,217.20633011422566,25.015046678593077
2025-07-05 15:29:23.076318,rack_9,239.8709583934063,30.118150166366892
2025-07-05 15:44:23.076318,rack_9,217.33785386096113,28.16637943357251
2025-07-05 15:59:23.076318,rack_9,227.16517456341504,23.958114044821418
2025-07-05 16:14:23.076318,rack_9,232.5084849016257,24.092036289543714
2025-07-05 16:29:23.076318,rack_9,160.29209501751023,22.663331600402053
2025-07-05 16:44:23.076318,rack_9,165.2829156239044,23.814613316275615
2025-07-05 16:59:23.076318,rack_9,150.95779545468667,24.55951252208826
2025-07-05 17:14:23.076318,rack_9,206.59289389964513,26.031811821839593
2025-07-05 17:29:23.076318,rack_9,174.17329162578267,25.383118670993582
2025-07-05 17:44:23.076318,rack_9,169.89544747874672,23.688974373149556
2025-07-05 17:59:23.076318,rack_9,194.8730777251653,25.34339003368908
2025-07-05 18:14:23.076318,rack_9,199.61504139323944,23.152740069835673
2025-07-05 18:29:23.076318,rack_9,250.692913537021,28.525769500938768
2025-07-05 18:44:23.076318,rack_9,222.9700974348985,24.133611852060312
2025-07-05 18:59:23.076318,rack_9,170.33634331620925,22.43071552895315
2025-07-05 19:14:23.076318,rack_9,196.61227379002653,27.388857558505887
2025-07-05 19:29:23.076318,rack_9,218.9073294609138,29.367884895007062
2025-07-05 19:44:23.076318,rack_9,222.66086343993013,26.224703603602432
2025-07-05 19:59:23.076318,rack_9,150.0,22.174586633388035
2025-07-05 20:14:23.076318,rack_9,202.08570641390796,24.859856616704022
2025-07-05 20:29:23.076318,rack_9,260.0483387556403,26.590892849921122
2025-07-05 20:44:23.076318,rack_9,244.55239174274163,27.194304443614048
2025-07-05 20:59:23.076318,rack_9,191.21910891701788,24.90623358702005
2025-07-05 21:14:23.076318,rack_9,236.97900855868195,27.709885236953717
2025-07-05 21:29:23.076318,rack_9,165.60659946244485,22.995766124224975
2025-07-05 21:44:23.076318,rack_9,203.78834500310634,27.532042776167486
2025-07-05 21:59:23.076318,rack_9,150.0,23.522256289885274
2025-07-05 22:14:23.076318,rack_9,180.03337646287707,24.670674428616344
2025-07-05 22:29:23.076318,rack_9,189.67138678980794,25.962422141281486
2025-07-05 22:44:23.076318,rack_9,157.26489294594353,24.044297969045065
2025-07-05 22:59:23.076318,rack_9,229.33869544525487,24.561989204331322
2025-07-05 23:14:23.076318,rack_9,261.229328585669,28.263395456082996
2025-07-05 23:29:23.076318,rack_9,186.58262493027263,25.27253491779463
2025-07-05 23:44:23.076318,rack_9,258.1703268281799,29.212472840678338
2025-07-05 23:59:23.076318,rack_9,188.70023820614767,24.735963047440812
2025-07-06 00:14:23.076318,rack_9,242.50609984927505,25.980269979582577
2025-07-06 00:29:23.076318,rack_9,196.77731185942764,27.175908251958482
2025-07-06 00:44:23.076318,rack_9,218.3304831157478,27.829605300730865
2025-07-06 00:59:23.076318,rack_9,206.3544394962896,24.740032682329304
2025-07-06 01:14:23.076318,rack_9,221.1481797208052,27.26913209103926
2025-07-06 01:29:23.076318,rack_9,257.3776492625508,27.482584848872172
2025-07-06 01:44:23.076318,rack_9,248.78478458468186,28.57286827379454
2025-07-06 01:59:23.076318,rack_9,222.16219136970855,28.29059308321086
2025-07-06 02:14:23.076318,rack_9,215.3142395585107,25.253949381143464
2025-07-06 02:29:23.076318,rack_9,226.54095015092847,24.00341573168189
2025-07-06 02:44:23.076318,rack_9,176.10831186832675,24.033003991624174
2025-07-06 02:59:23.076318,rack_9,207.19783609512442,27.078799752442198
2025-07-06 03:14:23.076318,rack_9,248.08217916501508,26.258199569548623
2025-07-06 03:29:23.076318,rack_9,195.68568282133984,27.46292891742388
2025-07-06 03:44:23.076318,rack_9,241.86350491691363,24.751091376043348
2025-07-06 03:59:23.076318,rack_9,261.6332555935187,28.68301144684348
2025-07-06 04:14:23.076318,rack_9,207.53369924624616,26.110297276070785
2025-07-06 04:29:23.076318,rack_9,251.74186453613208,25.639373283993013
2025-07-06 04:44:23.076318,rack_9,214.70711357705062,23.97292692349198
2025-07-06 04:59:23.076318,rack_9,269.316558826883,27.05652380861666
2025-07-06 05:14:23.076318,rack_9,214.1015805915902,25.439278855770922
2025-07-06 05:29:23.076318,rack_9,230.41534681495682,30.69595437853453
2025-07-06 05:44:23.076318,rack_9,217.298608278979,23.15645372515488
2025-07-06 05:59:23.076318,rack_9,215.06930840620433,25.576165553316738
2025-07-06 06:14:23.076318,rack_9,226.23702441111877,25.69166699575855
2025-07-06 06:29:23.076318,rack_9,188.56830067170353,26.687496266853145
2025-07-06 06:44:23.076318,rack_9,173.43382900194916,22.875938031354945
2025-07-06 06:59:23.076318,rack_9,195.91677746062396,23.823314331047513
2025-07-06 07:14:23.076318,rack_9,216.34282366532972,22.556000953750278
2025-07-06 07:29:23.076318,rack_9,257.6365590643579,24.291950841288696
2025-07-06 07:44:23.076318,rack_9,206.32671840381045,27.60615336195104
2025-07-06 07:59:23.076318,rack_9,150.0,21.470796946552042
2025-07-06 08:14:23.076318,rack_9,230.17553791797837,25.35515698625823
2025-07-06 08:29:23.076318,rack_9,209.7648970005065,26.969703396687645
2025-07-06 08:44:23.076318,rack_9,201.44515320127246,26.07336143623119
2025-07-06 08:59:23.076318,rack_9,246.49422625384324,30.19724661666524
2025-07-06 09:14:23.076318,rack_9,195.37982940310297,25.539374074458806
2025-07-06 09:29:23.076318,rack_9,195.59971901565413,25.21450020283483
2025-07-06 09:44:23.076318,rack_9,166.5930282892558,25.629667486783653
2025-07-06 09:59:23.076318,rack_9,263.1255698556067,25.14879433579668
2025-07-06 10:14:23.076318,rack_9,222.11014051330187,25.62378009284919
2025-07-06 10:29:23.076318,rack_9,244.77435142627596,24.788425455331012
2025-07-06 10:44:23.076318,rack_9,214.460344122282,29.224178348399846
2025-07-06 10:59:23.076318,rack_9,190.50423461873766,23.59484465808515
2025-07-06 11:14:23.076318,rack_9,171.07586299216013,24.428792194894296
2025-07-06 11:29:23.076318,rack_9,212.44408747006517,25.127999762336138
2025-07-06 11:44:23.076318,rack_9,185.14926329743477,23.195330409973046
2025-07-06 11:59:23.076318,rack_9,199.82246554333898,26.041430269916056
2025-07-06 12:14:23.076318,rack_9,233.00647913852092,27.50246941569226
2025-07-06 12:29:23.076318,rack_9,215.07821842287797,25.998681101584694
2025-07-06 12:44:23.076318,rack_9,227.7676393030525,26.010142721858816
2025-07-06 12:59:23.076318,rack_9,217.7481648650056,25.640302486103362
2025-07-06 13:14:23.076318,rack_9,231.0418793583008,25.947641241273637
2025-07-06 13:29:23.076318,rack_9,180.43223301784826,25.92420736607292
2025-07-06 13:44:23.076318,rack_9,236.7280222898535,27.86314914178851
2025-07-06 13:59:23.076318,rack_9,226.37562456080346,28.51809874766008
2025-07-06 14:14:23.076318,rack_9,159.19564248936268,23.48726296094938
2025-07-06 14:29:23.076318,rack_9,233.412616501777,26.50266222604844
2025-07-06 14:44:23.076318,rack_9,207.9520597757952,28.42033009395881
2025-07-06 14:59:23.076318,rack_9,217.71415803256556,26.459500805571903
2025-07-06 15:14:23.076318,rack_9,218.23873422142222,26.837194332170522
2025-07-06 15:29:23.076318,rack_9,209.869276133235,24.947849244286225
2025-07-06 15:44:23.076318,rack_9,240.03229673026757,24.286569204205893
2025-07-06 15:59:23.076318,rack_9,172.93272263487827,25.395165367240057
2025-07-06 16:14:23.076318,rack_9,182.93472801651606,27.073445896896086
2025-07-06 16:29:23.076318,rack_9,169.37929373069508,23.302887984225183
2025-07-06 16:44:23.076318,rack_9,197.5724944667812,27.28400730172871
2025-07-06 16:59:23.076318,rack_9,218.49853884134615,25.996787613200784
2025-07-06 17:14:23.076318,rack_9,218.86008362350367,26.485647611800683
2025-07-06 17:29:23.076318,rack_9,215.95544122828284,24.920032427311103
2025-07-06 17:44:23.076318,rack_9,207.88518970968792,24.401141628274765
2025-06-29 17:59:23.076318,rack_10,313.77310747471216,31.50576375037567
2025-06-29 18:14:23.076318,rack_10,281.0451246209372,32.32547617994848
2025-06-29 18:29:23.076318,rack_10,300.2352825547022,32.42728828985141
2025-06-29 18:44:23.076318,rack_10,274.8614270086711,31.211233654123525
2025-06-29 18:59:23.076318,rack_10,304.31843296984437,32.669698154312584
2025-06-29 19:14:23.076318,rack_10,327.5542565034195,34.42928891818829
2025-06-29 19:29:23.076318,rack_10,316.60437920055296,34.56783932198605
2025-06-29 19:44:23.076318,rack_10,330.67725426533434,33.082135593680086
2025-06-29 19:59:23.076318,rack_10,294.78229707525594,30.55112938722815
2025-06-29 20:14:23.076318,rack_10,301.44409806179493,34.17039399054123
2025-06-29 20:29:23.076318,rack_10,307.30766130009596,31.555214895588247
2025-06-29 20:44:23.076318,rack_10,301.6239092195447,33.14513461976741
2025-06-29 20:59:23.076318,rack_10,304.4769827403971,33.040781025889856
2025-06-29 21:14:23.076318,rack_10,286.937077102092,31.087383761779925
2025-06-29 21:29:23.076318,rack_10,303.9287476404048,35.995891917397046
2025-06-29 21:44:23.076318,rack_10,327.9956538853214,30.792114091329225
2025-06-29 21:59:23.076318,rack_10,254.17056870833915,31.208326063837294
2025-06-29 22:14:23.076318,rack_10,316.5168895056408,33.57479185563813
2025-06-29 22:29:23.076318,rack_10,322.9636051308058,37.00863684921336
2025-06-29 22:44:23.076318,rack_10,288.6774819274948,34.06795921892108
2025-06-29 22:59:23.076318,rack_10,274.0317358931612,35.32446778604013
2025-06-29 23:14:23.076318,rack_10,278.57443093851026,33.88231332639487
2025-06-29 23:29:23.076318,rack_10,249.7247274798814,30.494201014795706
2025-06-29 23:44:23.076318,rack_10,292.57639600389416,31.403643438777216
2025-06-29 23:59:23.076318,rack_10,325.4224530048422,31.947199271781354
2025-06-30 00:14:23.076318,rack_10,324.05528877387815,35.437285138748884
2025-06-30 00:29:23.076318,rack_10,322.1409318993099,36.020362200477535
2025-06-30 00:44:23.076318,rack_10,303.8997724645618,32.372677346925144
2025-06-30 00:59:23.076318,rack_10,287.47018576508395,33.234992807075514
2025-06-30 01:14:23.076318,rack_10,293.9604268205132,31.104427743481708
2025-06-30 01:29:23.076318,rack_10,323.973479242095,35.340815071938714
2025-06-30 01:44:23.076318,rack_10,297.5636941934808,34.175427045495276
2025-06-30 01:59:23.076318,rack_10,322.2543781779869,32.23795295246767
2025-06-30 02:14:23.076318,rack_10,329.0575257850197,34.562378690697116
2025-06-30 02:29:23.076318,rack_10,340.6468715773969,33.69939391630564
2025-06-30 02:44:23.076318,rack_10,255.22686556938305,31.79179663492437
2025-06-30 02:59:23.076318,rack_10,339.9684213483527,33.422269974508964
2025-06-30 03:14:23.076318,rack_10,322.97577696254035,35.09065095467081
2025-06-30 03:29:23.076318,rack_10,344.46071952312394,34.5797119040757
2025-06-30 03:44:23.076318,rack_10,253.80386244117886,30.19240820850976
2025-06-30 03:59:23.076318,rack_10,290.348896653944,33.76573209826289
2025-06-30 04:14:23.076318,rack_10,318.7245760469808,33.66907316630744
2025-06-30 04:29:23.076318,rack_10,290.1212116034615,33.55941192089198
2025-06-30 04:44:23.076318,rack_10,301.1006063600202,33.28024700482856
2025-06-30 04:59:23.076318,rack_10,340.2034148087799,34.125811781597704
2025-06-30 05:14:23.076318,rack_10,273.3462617264285,32.738570289984985
2025-06-30 05:29:23.076318,rack_10,282.885776410387,34.74525115601965
2025-06-30 05:44:23.076318,rack_10,309.1931717658903,33.961598688293115
2025-06-30 05:59:23.076318,rack_10,277.90733398109313,32.83059136414183
2025-06-30 06:14:23.076318,rack_10,252.38759682000097,32.229289648682865
2025-06-30 06:29:23.076318,rack_10,347.50194567325764,35.722417947944194
2025-06-30 06:44:23.076318,rack_10,294.9694647927784,32.25961391335341
2025-06-30 06:59:23.076318,rack_10,296.1408186801558,32.39079847506126
2025-06-30 07:14:23.076318,rack_10,346.34260914430786,32.553411982664436
2025-06-30 07:29:23.076318,rack_10,298.10550997212295,34.17312956977617
2025-06-30 07:44:23.076318,rack_10,235.41477908583354,29.980898475218243
2025-06-30 07:59:23.076318,rack_10,282.36861101613874,33.94924654791862
2025-06-30 08:14:23.076318,rack_10,309.094456796072,33.932994524972024
2025-06-30 08:29:23.076318,rack_10,294.3548344210756,33.55698051401478
2025-06-30 08:44:23.076318,rack_10,276.65544377964795,33.555193508840865
2025-06-30 08:59:23.076318,rack_10,338.01953489891434,34.70145620601022
2025-06-30 09:14:23.076318,rack_10,314.6284175759373,31.26948204142006
2025-06-30 09:29:23.076318,rack_10,291.27631631054237,32.62646303672071
2025-06-30 09:44:23.076318,rack_10,306.53400277687587,33.59916219526827
2025-06-30 09:59:23.076318,rack_10,309.1255564763428,33.120016274071425
2025-06-30 10:14:23.076318,rack_10,292.72113031884965,32.04448603314746
2025-06-30 10:29:23.076318,rack_10,320.3179972325712,35.00700421988182
2025-06-30 10:44:23.076318,rack_10,345.54853102473794,34.269290129377666
2025-06-30 10:59:23.076318,rack_10,314.2995353064618,35.134237976998655
2025-06-30 11:14:23.076318,rack_10,283.8857577009071,33.9220758235014
2025-06-30 11:29:23.076318,rack_10,337.7391159385364,34.15940798536935
2025-06-30 11:44:23.076318,rack_10,287.68030522563714,33.9790803608159
2025-06-30 11:59:23.076318,rack_10,346.33112898864385,34.79024253549006
2025-06-30 12:14:23.076318,rack_10,256.1738440294976,32.459364121585914
2025-06-30 12:29:23.076318,rack_10,340.9457082173992,33.729808119149375
2025-06-30 12:44:23.076318,rack_10,266.9376337881657,28.7571025308237
2025-06-30 12:59:23.076318,rack_10,310.04554812555256,31.448431241933978
2025-06-30 13:14:23.076318,rack_10,265.5165340388627,33.678871090792974
2025-06-30 13:29:23.076318,rack_10,314.8362379021778,33.01429563693693
2025-06-30 13:44:23.076318,rack_10,304.6250818754871,33.53739277125204
2025-06-30 13:59:23.076318,rack_10,314.1283546283021,32.75785218363476
2025-06-30 14:14:23.076318,rack_10,312.6767464445541,34.395067866680385
2025-06-30 14:29:23.076318,rack_10,275.12546021109773,31.08433304211836
2025-06-30 14:44:23.076318,rack_10,273.4022975238048,33.09468553686722
2025-06-30 14:59:23.076318,rack_10,321.3268708267408,34.0705943898227
2025-06-30 15:14:23.076318,rack_10,336.68005511544277,32.68564127542928
2025-06-30 15:29:23.076318,rack_10,332.04562295181125,37.031227095392666
2025-06-30 15:44:23.076318,rack_10,248.3051974111201,32.75989579995922
2025-06-30 15:59:23.076318,rack_10,319.56371314506515,31.815230487431172
2025-06-30 16:14:23.076318,rack_10,269.1417759262561,31.774001100414118
2025-06-30 16:29:23.076318,rack_10,319.99416723809406,34.14752134362067
2025-06-30 16:44:23.076318,rack_10,273.8568594729609,31.923710934776647
2025-06-30 16:59:23.076318,rack_10,325.4959144605072,34.37039411834877
2025-06-30 17:14:23.076318,rack_10,297.6545715340481,35.807881776618125
2025-06-30 17:29:23.076318,rack_10,358.7629948134802,35.05234058213332
2025-06-30 17:44:23.076318,rack_10,245.83030040600778,32.664015340316624
2025-06-30 17:59:23.076318,rack_10,327.2205952544848,32.8472642948198
2025-06-30 18:14:23.076318,rack_10,260.50012281851525,33.08837721582175
2025-06-30 18:29:23.076318,rack_10,270.46545506605673,32.022641471135664
2025-06-30 18:44:23.076318,rack_10,272.9825578592576,32.615224578293684
2025-06-30 18:59:23.076318,rack_10,340.1207936659698,34.7282117458247
2025-06-30 19:14:23.076318,rack_10,274.6416264682867,32.2436635333164
2025-06-30 19:29:23.076318,rack_10,305.6175372676393,33.760914670927605
2025-06-30 19:44:23.076318,rack_10,267.5233398690847,33.007201166994854
2025-06-30 19:59:23.076318,rack_10,334.9524546837082,35.48872023192793
2025-06-30 20:14:23.076318,rack_10,296.59981704835764,36.316464943258715
2025-06-30 20:29:23.076318,rack_10,320.21008168424544,32.10531372715556
2025-06-30 20:44:23.076318,rack_10,283.6121053451974,32.26329044720559
2025-06-30 20:59:23.076318,rack_10,284.96843876835845,33.221228632567836
2025-06-30 21:14:23.076318,rack_10,276.87408534065,33.49550719912017
2025-06-30 21:29:23.076318,rack_10,335.5718275419668,33.998264848777374
2025-06-30 21:44:23.076318,rack_10,334.0609283967868,34.975421500118294
2025-06-30 21:59:23.076318,rack_10,232.94453160386905,32.77517959007162
2025-06-30 22:14:23.076318,rack_10,327.0450843112729,33.116763461667496
2025-06-30 22:29:23.076318,rack_10,271.6925568910857,29.910091790814747
2025-06-30 22:44:23.076318,rack_10,259.82484542710995,32.29865103197965
2025-06-30 22:59:23.076318,rack_10,289.7319211284374,33.29681358660557
2025-06-30 23:14:23.076318,rack_10,305.06526512604523,34.16938094729017
2025-06-30 23:29:23.076318,rack_10,333.15671506002616,32.891566222364524
2025-06-30 23:44:23.076318,rack_10,328.35163628392934,36.86466399655769
2025-06-30 23:59:23.076318,rack_10,306.69348636109635,33.88816090577954
2025-07-01 00:14:23.076318,rack_10,261.2581039607271,34.0349745059093
2025-07-01 00:29:23.076318,rack_10,344.5891239915742,34.769825002252624
2025-07-01 00:44:23.076318,rack_10,346.57351248389784,34.70475225237137
2025-07-01 00:59:23.076318,rack_10,279.02671666275546,32.73192466468494
2025-07-01 01:14:23.076318,rack_10,278.9071699769761,33.542832516615725
2025-07-01 01:29:23.076318,rack_10,297.80655417162376,33.89603315497646
2025-07-01 01:44:23.076318,rack_10,315.41255719376693,35.35782223401481
2025-07-01 01:59:23.076318,rack_10,334.03785607480273,34.64836173009378
2025-07-01 02:14:23.076318,rack_10,251.23600699570005,30.75130999852474
2025-07-01 02:29:23.076318,rack_10,300.8087765311519,34.829524381781695
2025-07-01 02:44:23.076318,rack_10,322.0494795305149,36.53378676193564
2025-07-01 02:59:23.076318,rack_10,315.00580757585254,32.5915292292066
2025-07-01 03:14:23.076318,rack_10,242.40748647677998,29.01748832105392
2025-07-01 03:29:23.076318,rack_10,284.5003638350012,30.90201574755628
2025-07-01 03:44:23.076318,rack_10,304.725990025288,34.54374799496548
2025-07-01 03:59:23.076318,rack_10,298.80749946142436,32.610776255585776
2025-07-01 04:14:23.076318,rack_10,302.9526097234822,33.283075172060144
2025-07-01 04:29:23.076318,rack_10,294.5211933239095,35.285606995121846
2025-07-01 04:44:23.076318,rack_10,333.27622654651594,33.574025078598616
2025-07-01 04:59:23.076318,rack_10,354.85178887736873,37.30017283443837
2025-07-01 05:14:23.076318,rack_10,316.5368340071153,34.22244429312299
2025-07-01 05:29:23.076318,rack_10,326.4388328709514,34.859373709134246
2025-07-01 05:44:23.076318,rack_10,282.28971356621673,32.203723340969724
2025-07-01 05:59:23.076318,rack_10,302.49073728821867,30.977437105935312
2025-07-01 06:14:23.076318,rack_10,308.65808034826944,32.22022271721248
2025-07-01 06:29:23.076318,rack_10,280.9635779705596,34.82467979068627
2025-07-01 06:44:23.076318,rack_10,311.45731130155536,33.96137244418307
2025-07-01 06:59:23.076318,rack_10,321.0443131191317,34.207632839777695
2025-07-01 07:14:23.076318,rack_10,339.24271509764515,34.690969476760266
2025-07-01 07:29:23.076318,rack_10,324.4322693869166,36.26359347280027
2025-07-01 07:44:23.076318,rack_10,300.2557494264561,32.38580626534283
2025-07-01 07:59:23.076318,rack_10,317.8350349611741,31.566576019927687
2025-07-01 08:14:23.076318,rack_10,282.4988665940043,30.64209712808703
2025-07-01 08:29:23.076318,rack_10,313.3829374551525,34.87607786059756
2025-07-01 08:44:23.076318,rack_10,281.8840623406592,34.179106796393874
2025-07-01 08:59:23.076318,rack_10,272.46595389029534,33.95284765835397
2025-07-01 09:14:23.076318,rack_10,342.1333011887111,32.58277963698126
2025-07-01 09:29:23.076318,rack_10,270.8434111932296,31.90557612457524
2025-07-01 09:44:23.076318,rack_10,307.061373897647,30.98996928450496
2025-07-01 09:59:23.076318,rack_10,300.64204313675157,34.019725787922496
2025-07-01 10:14:23.076318,rack_10,338.7214831274391,33.816960150520266
2025-07-01 10:29:23.076318,rack_10,342.3097946353247,37.520768034543195
2025-07-01 10:44:23.076318,rack_10,340.3252445094409,36.18623246276448
2025-07-01 10:59:23.076318,rack_10,303.97339024929687,34.87225086258618
2025-07-01 11:14:23.076318,rack_10,336.1345849322722,33.95736662561173
2025-07-01 11:29:23.076318,rack_10,324.05555781515636,33.20983070582464
2025-07-01 11:44:23.076318,rack_10,291.75065907298585,33.77791156468143
2025-07-01 11:59:23.076318,rack_10,378.2527764230389,32.16401826382284
2025-07-01 12:14:23.076318,rack_10,288.94203408647405,33.77836187041164
2025-07-01 12:29:23.076318,rack_10,283.9529629055232,31.83209461955005
2025-07-01 12:44:23.076318,rack_10,313.0160893059411,36.44912153220519
2025-07-01 12:59:23.076318,rack_10,380.47485679122815,34.849737157002906
2025-07-01 13:14:23.076318,rack_10,303.7802742889843,31.107154172571448
2025-07-01 13:29:23.076318,rack_10,330.36130329749676,33.568149277396515
2025-07-01 13:44:23.076318,rack_10,248.71778851767652,31.16807026097304
2025-07-01 13:59:23.076318,rack_10,361.9784191000687,35.58740853218824
2025-07-01 14:14:23.076318,rack_10,333.3921366858542,34.37857242079505
2025-07-01 14:29:23.076318,rack_10,315.60325142689044,33.572107807366486
2025-07-01 14:44:23.076318,rack_10,285.6895916366228,32.41377191080259
2025-07-01 14:59:23.076318,rack_10,220.01406429101667,29.939149754157157
2025-07-01 15:14:23.076318,rack_10,332.27483287316966,35.884325539882354
2025-07-01 15:29:23.076318,rack_10,276.96336204861814,33.02154177822785
2025-07-01 15:44:23.076318,rack_10,299.00774128538,31.993988480631508
2025-07-01 15:59:23.076318,rack_10,287.9497819547857,32.19433889790648
2025-07-01 16:14:23.076318,rack_10,318.8292652107841,33.18215583382124
2025-07-01 16:29:23.076318,rack_10,325.21159014458283,35.95937901219069
2025-07-01 16:44:23.076318,rack_10,306.8975133526845,33.12716445475944
2025-07-01 16:59:23.076318,rack_10,311.71056842367074,36.94627273699327
2025-07-01 17:14:23.076318,rack_10,250.6962589280091,33.92114565844543
2025-07-01 17:29:23.076318,rack_10,291.874629823368,33.02874875979924
2025-07-01 17:44:23.076318,rack_10,246.37695285365825,31.844119800655637
2025-07-01 17:59:23.076318,rack_10,308.81152970774014,34.26712239405392
2025-07-01 18:14:23.076318,rack_10,309.3951001284813,31.931660377718817
2025-07-01 18:29:23.076318,rack_10,295.9034479434848,34.147610818327195
2025-07-01 18:44:23.076318,rack_10,337.97702440416515,34.918304868642835
2025-07-01 18:59:23.076318,rack_10,299.7755695967519,31.83268965791838
2025-07-01 19:14:23.076318,rack_10,323.42618563318797,32.16061717188236
2025-07-01 19:29:23.076318,rack_10,301.82329709158205,31.798419024266735
2025-07-01 19:44:23.076318,rack_10,273.8405353163034,32.50470536710135
2025-07-01 19:59:23.076318,rack_10,284.5250460440965,35.4594373527991
2025-07-01 20:14:23.076318,rack_10,321.5691090435446,35.55772862790864
2025-07-01 20:29:23.076318,rack_10,322.8729474089424,33.468025452554215
2025-07-01 20:44:23.076318,rack_10,303.4235133840864,31.157324144895764
2025-07-01 20:59:23.076318,rack_10,242.19359318782728,29.742491740492344
2025-07-01 21:14:23.076318,rack_10,281.95004986797613,33.7240543513581
2025-07-01 21:29:23.076318,rack_10,288.8805516610068,29.998536215699243
2025-07-01 21:44:23.076318,rack_10,316.24374629815816,33.09438794559126
2025-07-01 21:59:23.076318,rack_10,328.0527614019246,34.40382619537129
2025-07-01 22:14:23.076318,rack_10,281.8372589810633,32.37649783228056
2025-07-01 22:29:23.076318,rack_10,350.9849240769976,33.51006176308972
2025-07-01 22:44:23.076318,rack_10,284.8394565807298,33.934085265132
2025-07-01 22:59:23.076318,rack_10,330.7793781762275,31.239022561969627
2025-07-01 23:14:23.076318,rack_10,294.33363455727675,32.65717411790684
2025-07-01 23:29:23.076318,rack_10,243.66860430217216,34.75609639444365
2025-07-01 23:44:23.076318,rack_10,319.4042677005154,33.922149699833255
2025-07-01 23:59:23.076318,rack_10,317.2234878197923,36.828624915878294
2025-07-02 00:14:23.076318,rack_10,296.91317911085315,35.01473628114405
2025-07-02 00:29:23.076318,rack_10,308.28110332994146,33.4460421434594
2025-07-02 00:44:23.076318,rack_10,322.6757739483812,34.747878542088834
2025-07-02 00:59:23.076318,rack_10,225.00238298704048,30.462634450444153
2025-07-02 01:14:23.076318,rack_10,291.8605352770809,33.27773986058398
2025-07-02 01:29:23.076318,rack_10,223.19435367520663,33.723579405003164
2025-07-02 01:44:23.076318,rack_10,278.5355346944767,29.876192416361054
2025-07-02 01:59:23.076318,rack_10,279.65344930987334,32.223205011676576
2025-07-02 02:14:23.076318,rack_10,329.85555827193303,32.3152426075889
2025-07-02 02:29:23.076318,rack_10,339.1936964570578,35.9558068589025
2025-07-02 02:44:23.076318,rack_10,369.8243436902055,36.746723698063285
2025-07-02 02:59:23.076318,rack_10,303.8023878235373,33.76348100589798
2025-07-02 03:14:23.076318,rack_10,314.93083658099727,34.12439924900429
2025-07-02 03:29:23.076318,rack_10,257.16211033046187,30.866846183910056
2025-07-02 03:44:23.076318,rack_10,338.9368761016751,33.226037263924724
2025-07-02 03:59:23.076318,rack_10,295.90797103060777,35.3129892419187
2025-07-02 04:14:23.076318,rack_10,304.55307507069,28.77733692344296
2025-07-02 04:29:23.076318,rack_10,304.33251495870405,30.793000123788456
2025-07-02 04:44:23.076318,rack_10,253.32203503589542,32.081199028042555
2025-07-02 04:59:23.076318,rack_10,294.7884783353126,35.65767546371591
2025-07-02 05:14:23.076318,rack_10,263.46976279448097,34.73983458084315
2025-07-02 05:29:23.076318,rack_10,292.1236055715244,30.634138862954273
2025-07-02 05:44:23.076318,rack_10,315.97851314965226,33.655740612575634
2025-07-02 05:59:23.076318,rack_10,301.74912733548706,32.06555107814623
2025-07-02 06:14:23.076318,rack_10,335.75709082643067,33.12422644761986
2025-07-02 06:29:23.076318,rack_10,339.0081865858773,31.602706787457635
2025-07-02 06:44:23.076318,rack_10,327.4445190119821,32.42006247963931
2025-07-02 06:59:23.076318,rack_10,296.9969959321249,32.4609973230693
2025-07-02 07:14:23.076318,rack_10,355.175401611527,33.53924862477611
2025-07-02 07:29:23.076318,rack_10,255.06195381109154,32.365321555656635
2025-07-02 07:44:23.076318,rack_10,338.6776057329488,35.74608824093292
2025-07-02 07:59:23.076318,rack_10,327.3170853687191,34.75805844177984
2025-07-02 08:14:23.076318,rack_10,310.65606997025753,31.926240007015583
2025-07-02 08:29:23.076318,rack_10,301.0138143654458,29.97671609608022
2025-07-02 08:44:23.076318,rack_10,249.43733024334466,31.81883698897339
2025-07-02 08:59:23.076318,rack_10,316.5854001431984,31.778616170076337
2025-07-02 09:14:23.076318,rack_10,366.31499909480414,35.56228895489779
2025-07-02 09:29:23.076318,rack_10,305.68820625632446,34.16636454353814
2025-07-02 09:44:23.076318,rack_10,282.46280194610284,35.94316383363183
2025-07-02 09:59:23.076318,rack_10,268.59067104483233,32.026998898332536
2025-07-02 10:14:23.076318,rack_10,293.71087338007226,31.494297045682234
2025-07-02 10:29:23.076318,rack_10,249.33638182253245,31.04521916764285
2025-07-02 10:44:23.076318,rack_10,300.4460842235862,34.084335595003736
2025-07-02 10:59:23.076318,rack_10,326.56538065958085,36.32302328387545
2025-07-02 11:14:23.076318,rack_10,319.7051181066598,34.47423680385725
2025-07-02 11:29:23.076318,rack_10,314.09729440860514,31.6841394655233
2025-07-02 11:44:23.076318,rack_10,341.73915798093924,36.4582477556058
2025-07-02 11:59:23.076318,rack_10,294.0836564296556,34.66376190234347
2025-07-02 12:14:23.076318,rack_10,343.05746409939263,34.88467526838962
2025-07-02 12:29:23.076318,rack_10,304.7591680886909,32.26578105586522
2025-07-02 12:44:23.076318,rack_10,369.3547517144486,35.074613705897846
2025-07-02 12:59:23.076318,rack_10,256.823450733523,29.06482473238622
2025-07-02 13:14:23.076318,rack_10,299.2778767402283,36.209164755710866
2025-07-02 13:29:23.076318,rack_10,335.6037987040576,35.90983756413736
2025-07-02 13:44:23.076318,rack_10,307.15545836032965,32.569047101131325
2025-07-02 13:59:23.076318,rack_10,372.88330290973863,35.450799864932534
2025-07-02 14:14:23.076318,rack_10,280.32869677746316,33.64499235812292
2025-07-02 14:29:23.076318,rack_10,262.5591173798837,34.56698858016002
2025-07-02 14:44:23.076318,rack_10,290.7329977857598,32.798614448944484
2025-07-02 14:59:23.076318,rack_10,329.89145617277575,34.062445545765335
2025-07-02 15:14:23.076318,rack_10,314.52942004348336,35.14029092883153
2025-07-02 15:29:23.076318,rack_10,326.00045555418853,33.73888944539279
2025-07-02 15:44:23.076318,rack_10,274.4964829593058,34.28447639097328
2025-07-02 15:59:23.076318,rack_10,276.2139355143986,33.279016013971294
2025-07-02 16:14:23.076318,rack_10,258.6673361821324,29.946413427160884
2025-07-02 16:29:23.076318,rack_10,313.95874403019917,35.56739540806613
2025-07-02 16:44:23.076318,rack_10,348.1503511185406,37.70255693602063
2025-07-02 16:59:23.076318,rack_10,305.4399006450371,31.535001544994213
2025-07-02 17:14:23.076318,rack_10,296.73797164932256,31.175821383198432
2025-07-02 17:29:23.076318,rack_10,292.7184049165722,34.68217428936957
2025-07-02 17:44:23.076318,rack_10,294.58698975039687,34.52607139804022
2025-07-02 17:59:23.076318,rack_10,259.5427534496474,32.55610312910684
2025-07-02 18:14:23.076318,rack_10,294.62970628410477,32.82763672035695
2025-07-02 18:29:23.076318,rack_10,271.79925047506276,33.22748549150548
2025-07-02 18:44:23.076318,rack_10,292.5496723907382,34.007009216837275
2025-07-02 18:59:23.076318,rack_10,317.4817084948276,30.422100128360512
2025-07-02 19:14:23.076318,rack_10,311.34527868808976,31.994058352222833
2025-07-02 19:29:23.076318,rack_10,359.2671776116181,33.66402180829605
2025-07-02 19:44:23.076318,rack_10,345.2003266921336,35.327112258896314
2025-07-02 19:59:23.076318,rack_10,331.34329492280784,35.74963563914077
2025-07-02 20:14:23.076318,rack_10,353.4448903790177,34.80903099158091
2025-07-02 20:29:23.076318,rack_10,334.03731289829926,33.73522895687188
2025-07-02 20:44:23.076318,rack_10,286.7988397003991,33.70281702383618
2025-07-02 20:59:23.076318,rack_10,243.84420266396694,29.950500082126133
2025-07-02 21:14:23.076318,rack_10,321.84724220153714,34.82911778898098
2025-07-02 21:29:23.076318,rack_10,262.62754686858796,32.518383466027245
2025-07-02 21:44:23.076318,rack_10,316.84100295484996,34.1404184065714
2025-07-02 21:59:23.076318,rack_10,283.71068028992056,33.508293090220576
2025-07-02 22:14:23.076318,rack_10,266.13168160709023,31.643924491447976
2025-07-02 22:29:23.076318,rack_10,253.91225436713606,30.270662212518072
2025-07-02 22:44:23.076318,rack_10,302.99050364502347,33.12493569153785
2025-07-02 22:59:23.076318,rack_10,322.337643015028,31.937808401673248
2025-07-02 23:14:23.076318,rack_10,290.64130885638247,34.861494784420024
2025-07-02 23:29:23.076318,rack_10,334.47306416636434,38.64442821911534
2025-07-02 23:44:23.076318,rack_10,230.81277514297153,31.002871029826277
2025-07-02 23:59:23.076318,rack_10,286.2795361860548,34.212703292291756
2025-07-03 00:14:23.076318,rack_10,293.54327597982945,34.22090673457973
2025-07-03 00:29:23.076318,rack_10,295.67068216946257,33.728250990616864
2025-07-03 00:44:23.076318,rack_10,278.7997929716141,34.02916515369694
2025-07-03 00:59:23.076318,rack_10,287.2448547969849,31.38174004806202
2025-07-03 01:14:23.076318,rack_10,251.5304664709477,32.5153161344314
2025-07-03 01:29:23.076318,rack_10,290.5703630559749,36.62615656586808
2025-07-03 01:44:23.076318,rack_10,314.68008534002627,33.97925894241929
2025-07-03 01:59:23.076318,rack_10,338.9241924140971,37.95941915679747
2025-07-03 02:14:23.076318,rack_10,309.72606037169896,34.246520093116686
2025-07-03 02:29:23.076318,rack_10,363.72295333902883,35.325491103127554
2025-07-03 02:44:23.076318,rack_10,349.0281136911085,34.15423844209946
2025-07-03 02:59:23.076318,rack_10,304.7554955656774,32.08202070878407
2025-07-03 03:14:23.076318,rack_10,224.06420490738762,32.66753562093368
2025-07-03 03:29:23.076318,rack_10,276.5523744531053,30.058712129648093
2025-07-03 03:44:23.076318,rack_10,290.8729252480665,32.34886302040468
2025-07-03 03:59:23.076318,rack_10,348.2364481788291,33.54774209315313
2025-07-03 04:14:23.076318,rack_10,304.03947987731397,29.98826463805896
2025-07-03 04:29:23.076318,rack_10,345.0837240941806,37.681012001418566
2025-07-03 04:44:23.076318,rack_10,347.1995882691948,35.02533502206203
2025-07-03 04:59:23.076318,rack_10,300.9747947635428,31.44679233124503
2025-07-03 05:14:23.076318,rack_10,326.8648197063812,32.20093094370443
2025-07-03 05:29:23.076318,rack_10,274.6189179277637,32.827855136814875
2025-07-03 05:44:23.076318,rack_10,324.8055647100565,33.488823511166686
2025-07-03 05:59:23.076318,rack_10,308.7792873333754,32.374857466983464
2025-07-03 06:14:23.076318,rack_10,288.7131513169407,33.34752190753802
2025-07-03 06:29:23.076318,rack_10,276.1376395006296,30.391305956368104
2025-07-03 06:44:23.076318,rack_10,284.75106447159493,32.78147735886482
2025-07-03 06:59:23.076318,rack_10,273.08766011906283,30.41951908268036
2025-07-03 07:14:23.076318,rack_10,298.6422727500322,31.441349113334827
2025-07-03 07:29:23.076318,rack_10,273.42027255180557,34.682051475866984
2025-07-03 07:44:23.076318,rack_10,261.3166244707413,34.13854199824933
2025-07-03 07:59:23.076318,rack_10,283.37888129720176,31.852401924722944
2025-07-03 08:14:23.076318,rack_10,315.93515990318815,35.57686075445035
2025-07-03 08:29:23.076318,rack_10,280.5682537508234,34.66114694438337
2025-07-03 08:44:23.076318,rack_10,263.354570314434,33.16008168812644
2025-07-03 08:59:23.076318,rack_10,274.3055519659575,32.36805384770952
2025-07-03 09:14:23.076318,rack_10,254.29611501042643,29.26953239616565
2025-07-03 09:29:23.076318,rack_10,283.841008850367,33.18971612181458
2025-07-03 09:44:23.076318,rack_10,303.40755502504857,31.054393662441896
2025-07-03 09:59:23.076318,rack_10,310.121335849348,32.415584856552876
2025-07-03 10:14:23.076318,rack_10,260.1238557708791,34.54622036708155
2025-07-03 10:29:23.076318,rack_10,295.2875602860903,35.07242752924276
2025-07-03 10:44:23.076318,rack_10,273.76011857496064,32.143284164681155
2025-07-03 10:59:23.076318,rack_10,271.49332688824626,31.99152052683997
2025-07-03 11:14:23.076318,rack_10,377.1617536331656,34.768881230605274
2025-07-03 11:29:23.076318,rack_10,273.3935355886916,33.338174770647726
2025-07-03 11:44:23.076318,rack_10,322.1260567914851,31.64076841895539
2025-07-03 11:59:23.076318,rack_10,254.56340495357313,31.471657911606506
2025-07-03 12:14:23.076318,rack_10,306.960997862839,33.764710492133
2025-07-03 12:29:23.076318,rack_10,334.0284246307706,34.780986172719906
2025-07-03 12:44:23.076318,rack_10,279.50433448029537,32.64054245643323
2025-07-03 12:59:23.076318,rack_10,296.1365713036164,33.08634885581936
2025-07-03 13:14:23.076318,rack_10,309.4566093440325,33.44437220780761
2025-07-03 13:29:23.076318,rack_10,341.29557052133623,34.471416925266226
2025-07-03 13:44:23.076318,rack_10,295.9259169195889,32.54231637071485
2025-07-03 13:59:23.076318,rack_10,289.7795578553507,33.88299699818189
2025-07-03 14:14:23.076318,rack_10,275.0854774176806,33.508786472044314
2025-07-03 14:29:23.076318,rack_10,320.35459681995917,32.0357459417507
2025-07-03 14:44:23.076318,rack_10,364.942731326311,38.021419616957246
2025-07-03 14:59:23.076318,rack_10,279.77445655485405,30.570734375888886
2025-07-03 15:14:23.076318,rack_10,288.40001629565126,32.60021954605718
2025-07-03 15:29:23.076318,rack_10,292.7902460163106,32.665662307524975
2025-07-03 15:44:23.076318,rack_10,268.8243428610251,33.65340373651408
2025-07-03 15:59:23.076318,rack_10,314.64428205346667,33.16152958894063
2025-07-03 16:14:23.076318,rack_10,357.3384427200353,34.07305742394515
2025-07-03 16:29:23.076318,rack_10,296.04292537519166,35.71909933995824
2025-07-03 16:44:23.076318,rack_10,288.7644509786651,29.81065817797293
2025-07-03 16:59:23.076318,rack_10,306.40732484885837,33.6473846750266
2025-07-03 17:14:23.076318,rack_10,264.6192149306326,32.726692975757736
2025-07-03 17:29:23.076318,rack_10,307.7546843500073,33.493028811326894
2025-07-03 17:44:23.076318,rack_10,305.4268599739835,34.78590706273088
2025-07-03 17:59:23.076318,rack_10,317.28450699410394,35.589562321571975
2025-07-03 18:14:23.076318,rack_10,286.17543458902696,34.42020758236354
2025-07-03 18:29:23.076318,rack_10,236.370882538196,30.603983297444493
2025-07-03 18:44:23.076318,rack_10,305.6148391125185,32.31229303450105
2025-07-03 18:59:23.076318,rack_10,302.44765825074217,33.972688624034554
2025-07-03 19:14:23.076318,rack_10,308.58390059083086,36.99242316162012
2025-07-03 19:29:23.076318,rack_10,302.3838627711594,33.917170077351706
2025-07-03 19:44:23.076318,rack_10,288.189262050603,31.865599035933915
2025-07-03 19:59:23.076318,rack_10,255.74391293509507,33.352936241318424
2025-07-03 20:14:23.076318,rack_10,297.89873853563864,31.84696950784531
2025-07-03 20:29:23.076318,rack_10,296.19892760087305,33.58592359212252
2025-07-03 20:44:23.076318,rack_10,294.5669235099787,32.923872037826676
2025-07-03 20:59:23.076318,rack_10,255.22118478444654,32.57830905639406
2025-07-03 21:14:23.076318,rack_10,296.1889969135874,33.62007679381341
2025-07-03 21:29:23.076318,rack_10,244.63868607585724,31.2828965312833
2025-07-03 21:44:23.076318,rack_10,279.6367655508601,31.260837355017436
2025-07-03 21:59:23.076318,rack_10,309.306193390139,32.42024405535726
2025-07-03 22:14:23.076318,rack_10,311.80315165132254,34.91394632707885
2025-07-03 22:29:23.076318,rack_10,285.97333138857,34.43547316459768
2025-07-03 22:44:23.076318,rack_10,296.3501169082328,33.09407744136333
2025-07-03 22:59:23.076318,rack_10,326.0711778012111,34.68549484169975
2025-07-03 23:14:23.076318,rack_10,342.8419759839083,34.63846241073212
2025-07-03 23:29:23.076318,rack_10,337.89181071709186,33.863853105455426
2025-07-03 23:44:23.076318,rack_10,344.59616024173647,34.4454328788921
2025-07-03 23:59:23.076318,rack_10,345.55104648620926,35.589531174223225
2025-07-04 00:14:23.076318,rack_10,299.6294384873095,34.55578888370787
2025-07-04 00:29:23.076318,rack_10,294.0990577921273,32.06107560813567
2025-07-04 00:44:23.076318,rack_10,295.1089142593405,33.63062048552304
2025-07-04 00:59:23.076318,rack_10,313.32655941540463,32.30368504973964
2025-07-04 01:14:23.076318,rack_10,281.29149691223273,29.911910409862955
2025-07-04 01:29:23.076318,rack_10,311.52585727211317,33.285805382712496
2025-07-04 01:44:23.076318,rack_10,281.90056927567,34.24076894737814
2025-07-04 01:59:23.076318,rack_10,283.83699161891207,33.19157870477007
2025-07-04 02:14:23.076318,rack_10,299.6808205752556,33.232253098719966
2025-07-04 02:29:23.076318,rack_10,379.2037431441549,36.504017259135395
2025-07-04 02:44:23.076318,rack_10,288.2190824377034,34.71734131495272
2025-07-04 02:59:23.076318,rack_10,332.76913584455036,31.250890884730133
2025-07-04 03:14:23.076318,rack_10,250.25083252087262,29.719279146459662
2025-07-04 03:29:23.076318,rack_10,343.263854846708,37.25924558105301
2025-07-04 03:44:23.076318,rack_10,248.7315466700101,34.596110187038356
2025-07-04 03:59:23.076318,rack_10,299.3773269169097,31.216270033127437
2025-07-04 04:14:23.076318,rack_10,256.1917137606701,34.08553507194337
2025-07-04 04:29:23.076318,rack_10,336.0117877796765,35.04094134057995
2025-07-04 04:44:23.076318,rack_10,288.48602384314256,33.18655115992246
2025-07-04 04:59:23.076318,rack_10,334.0650372368222,36.50217103873704
2025-07-04 05:14:23.076318,rack_10,317.6083504900648,36.007578739156976
2025-07-04 05:29:23.076318,rack_10,304.2117475863783,32.19739725290766
2025-07-04 05:44:23.076318,rack_10,298.58918955342295,34.52893907383337
2025-07-04 05:59:23.076318,rack_10,294.252340965006,35.261754179081464
2025-07-04 06:14:23.076318,rack_10,298.4546344978156,39.16502667406739
2025-07-04 06:29:23.076318,rack_10,335.258899381576,34.40820103761387
2025-07-04 06:44:23.076318,rack_10,284.7910833423497,30.42246018609938
2025-07-04 06:59:23.076318,rack_10,274.07095568547976,36.20337792887888
2025-07-04 07:14:23.076318,rack_10,256.2938572802045,31.9268922841827
2025-07-04 07:29:23.076318,rack_10,268.0039995085718,33.27734009433803
2025-07-04 07:44:23.076318,rack_10,343.45554392216496,34.713066474408365
2025-07-04 07:59:23.076318,rack_10,339.3080158782871,34.129713634120414
2025-07-04 08:14:23.076318,rack_10,331.9256973905956,33.14372047609733
2025-07-04 08:29:23.076318,rack_10,265.8741104778871,33.29543966701611
2025-07-04 08:44:23.076318,rack_10,285.0483132855146,32.14940137812132
2025-07-04 08:59:23.076318,rack_10,294.0468661329587,31.987097387187863
2025-07-04 09:14:23.076318,rack_10,274.04063635821996,30.327099770569532
2025-07-04 09:29:23.076318,rack_10,272.0961753751947,27.461594052426573
2025-07-04 09:44:23.076318,rack_10,366.3709788566831,38.342719080588175
2025-07-04 09:59:23.076318,rack_10,329.91166085923624,35.41081125230303
2025-07-04 10:14:23.076318,rack_10,280.83842674950876,33.336085779504124
2025-07-04 10:29:23.076318,rack_10,297.16768655124923,34.342661193364364
2025-07-04 10:44:23.076318,rack_10,292.4392158733938,31.49159897971836
2025-07-04 10:59:23.076318,rack_10,265.2025601592578,31.73308640101865
2025-07-04 11:14:23.076318,rack_10,357.79294975246256,32.64378644739046
2025-07-04 11:29:23.076318,rack_10,309.51656794765177,34.099687001860985
2025-07-04 11:44:23.076318,rack_10,297.8643743224664,32.39228867928514
2025-07-04 11:59:23.076318,rack_10,320.1357546510856,33.732993325011186
2025-07-04 12:14:23.076318,rack_10,296.2902713000526,32.59663065151454
2025-07-04 12:29:23.076318,rack_10,288.5790261698798,30.936644629650655
2025-07-04 12:44:23.076318,rack_10,234.81280489667736,30.903150412939173
2025-07-04 12:59:23.076318,rack_10,301.0994804621587,34.579907731835334
2025-07-04 13:14:23.076318,rack_10,334.325566550727,33.14037414266627
2025-07-04 13:29:23.076318,rack_10,290.017050841388,31.63620582522552
2025-07-04 13:44:23.076318,rack_10,292.39948866489857,31.374613219177807
2025-07-04 13:59:23.076318,rack_10,330.4491471005126,33.855335714827184
2025-07-04 14:14:23.076318,rack_10,307.8358562757308,34.34966825932083
2025-07-04 14:29:23.076318,rack_10,344.2470892385139,35.41304384888594
2025-07-04 14:44:23.076318,rack_10,317.4821229304976,32.69385717153783
2025-07-04 14:59:23.076318,rack_10,346.4025450792193,32.15892695788343
2025-07-04 15:14:23.076318,rack_10,316.47619301545564,34.49919398277449
2025-07-04 15:29:23.076318,rack_10,299.4025175233727,32.85167365915948
2025-07-04 15:44:23.076318,rack_10,289.2478816448257,33.286711157125865
2025-07-04 15:59:23.076318,rack_10,224.60245887189575,31.910793103491493
2025-07-04 16:14:23.076318,rack_10,315.0672542701277,33.89238308867114
2025-07-04 16:29:23.076318,rack_10,309.4929570704479,34.346846277244104
2025-07-04 16:44:23.076318,rack_10,292.36137862862097,30.28005680812735
2025-07-04 16:59:23.076318,rack_10,351.89372570458727,35.563339151942436
2025-07-04 17:14:23.076318,rack_10,324.09752383528354,32.49104410428267
2025-07-04 17:29:23.076318,rack_10,251.22880338663947,31.177336430719745
2025-07-04 17:44:23.076318,rack_10,332.64439237642085,32.18381729503419
2025-07-04 17:59:23.076318,rack_10,243.60421997412874,30.350287069435637
2025-07-04 18:14:23.076318,rack_10,321.82288862038433,33.77937034345152
2025-07-04 18:29:23.076318,rack_10,319.99496101244057,34.508494954847315
2025-07-04 18:44:23.076318,rack_10,290.01129067757813,33.288966069697594
2025-07-04 18:59:23.076318,rack_10,346.1602131343967,32.072307178414235
2025-07-04 19:14:23.076318,rack_10,333.1044074680988,34.54341877734602
2025-07-04 19:29:23.076318,rack_10,340.6745902281915,32.88199965479862
2025-07-04 19:44:23.076318,rack_10,265.3110757476268,30.688780965951562
2025-07-04 19:59:23.076318,rack_10,270.7580206635207,32.3296243781568
2025-07-04 20:14:23.076318,rack_10,286.0550701318402,35.118691595300916
2025-07-04 20:29:23.076318,rack_10,293.1071959672851,34.96694353018116
2025-07-04 20:44:23.076318,rack_10,291.5620580954908,32.72415075820497
2025-07-04 20:59:23.076318,rack_10,339.5872786624218,34.07896381596595
2025-07-04 21:14:23.076318,rack_10,279.6797611642302,31.30882702960738
2025-07-04 21:29:23.076318,rack_10,305.5105289345696,32.15445334891552
2025-07-04 21:44:23.076318,rack_10,336.78605235546945,34.77196345358411
2025-07-04 21:59:23.076318,rack_10,294.7264984721837,32.67746541489557
2025-07-04 22:14:23.076318,rack_10,259.24837551323964,32.38386033281597
2025-07-04 22:29:23.076318,rack_10,340.64318409403,36.97949142749532
2025-07-04 22:44:23.076318,rack_10,299.7493877731066,31.255382839032016
2025-07-04 22:59:23.076318,rack_10,296.57412746634725,29.92724510183944
2025-07-04 23:14:23.076318,rack_10,277.29793455885743,35.50732630083191
2025-07-04 23:29:23.076318,rack_10,276.0983971184767,31.718529390540183
2025-07-04 23:44:23.076318,rack_10,326.14720975736253,35.291766268522665
2025-07-04 23:59:23.076318,rack_10,326.8431695748261,34.63375814895267
2025-07-05 00:14:23.076318,rack_10,244.95797823190074,29.13185400373245
2025-07-05 00:29:23.076318,rack_10,274.8331352481613,32.59768070455321
2025-07-05 00:44:23.076318,rack_10,292.03079774808714,34.69512423494514
2025-07-05 00:59:23.076318,rack_10,316.09013622560764,37.16170902236473
2025-07-05 01:14:23.076318,rack_10,350.0292753609471,35.569806652950746
2025-07-05 01:29:23.076318,rack_10,369.0506773257729,35.822678047942155
2025-07-05 01:44:23.076318,rack_10,275.9316805661415,36.60985735762724
2025-07-05 01:59:23.076318,rack_10,299.7610910881002,33.1839345711799
2025-07-05 02:14:23.076318,rack_10,313.7884890329728,32.94307449679353
2025-07-05 02:29:23.076318,rack_10,309.04802517036507,33.244071189377216
2025-07-05 02:44:23.076318,rack_10,272.8772573529804,34.34381350455592
2025-07-05 02:59:23.076318,rack_10,321.6233349728309,32.30247675480459
2025-07-05 03:14:23.076318,rack_10,312.656087101712,33.81486816824209
2025-07-05 03:29:23.076318,rack_10,265.23409484575484,32.467561919976994
2025-07-05 03:44:23.076318,rack_10,320.94957133715764,32.39142007355745
2025-07-05 03:59:23.076318,rack_10,258.4486600284653,35.53761038893987
2025-07-05 04:14:23.076318,rack_10,353.3683485317854,35.82407459441065
2025-07-05 04:29:23.076318,rack_10,313.52533606865467,34.22915068120091
2025-07-05 04:44:23.076318,rack_10,307.78426253607734,33.190898530654565
2025-07-05 04:59:23.076318,rack_10,316.0259361010306,33.13583566301535
2025-07-05 05:14:23.076318,rack_10,320.2638281372282,33.35193711473746
2025-07-05 05:29:23.076318,rack_10,329.81385275608443,32.67652695358801
2025-07-05 05:44:23.076318,rack_10,286.5058238919581,31.60740033589095
2025-07-05 05:59:23.076318,rack_10,332.9152493072533,36.59075250096417
2025-07-05 06:14:23.076318,rack_10,263.8350858154568,31.387492691777076
2025-07-05 06:29:23.076318,rack_10,334.5968344743083,36.21973849487495
2025-07-05 06:44:23.076318,rack_10,291.5839478669856,32.4616811437165
2025-07-05 06:59:23.076318,rack_10,306.03639628120186,32.44829496947668
2025-07-05 07:14:23.076318,rack_10,325.8557602277256,34.562111404632546
2025-07-05 07:29:23.076318,rack_10,279.11550036519,30.580923197722964
2025-07-05 07:44:23.076318,rack_10,324.2802916823373,31.997152982757658
2025-07-05 07:59:23.076318,rack_10,322.36795939161294,33.91818276746412
2025-07-05 08:14:23.076318,rack_10,249.67234662594208,30.071921334348488
2025-07-05 08:29:23.076318,rack_10,266.4899420065353,30.845348815744046
2025-07-05 08:44:23.076318,rack_10,268.32541914391754,30.081259093592084
2025-07-05 08:59:23.076318,rack_10,284.41912677995117,33.980108871826275
2025-07-05 09:14:23.076318,rack_10,354.22285569382944,35.9008819639783
2025-07-05 09:29:23.076318,rack_10,297.0780887864601,34.7588713625734
2025-07-05 09:44:23.076318,rack_10,286.5227249741033,32.10401779720624
2025-07-05 09:59:23.076318,rack_10,232.65657436258516,33.382629561225855
2025-07-05 10:14:23.076318,rack_10,337.18647535545796,33.56615251942082
2025-07-05 10:29:23.076318,rack_10,332.95861984738565,36.48499367535615
2025-07-05 10:44:23.076318,rack_10,310.92467440408245,35.305294885626786
2025-07-05 10:59:23.076318,rack_10,307.0460427290982,35.072686102916336
2025-07-05 11:14:23.076318,rack_10,314.0112345192322,32.76584318658632
2025-07-05 11:29:23.076318,rack_10,281.3683328114251,31.714690948440328
2025-07-05 11:44:23.076318,rack_10,324.89297431351486,33.23175430431709
2025-07-05 11:59:23.076318,rack_10,257.09199471917975,35.18849721515941
2025-07-05 12:14:23.076318,rack_10,265.32941312887067,34.19928612012298
2025-07-05 12:29:23.076318,rack_10,283.3175939950394,32.51597621664938
2025-07-05 12:44:23.076318,rack_10,295.15155783320813,32.41459604312052
2025-07-05 12:59:23.076318,rack_10,303.2266234538806,32.7259231435102
2025-07-05 13:14:23.076318,rack_10,279.2009190977529,34.08443681954336
2025-07-05 13:29:23.076318,rack_10,322.3608232309808,35.017163176186195
2025-07-05 13:44:23.076318,rack_10,291.7354200835577,31.61547538775046
2025-07-05 13:59:23.076318,rack_10,328.05747685883256,33.280589242606965
2025-07-05 14:14:23.076318,rack_10,310.3152270105228,33.2777947613436
2025-07-05 14:29:23.076318,rack_10,241.78163852973603,32.442333418996206
2025-07-05 14:44:23.076318,rack_10,316.2018527527789,33.55437627964946
2025-07-05 14:59:23.076318,rack_10,310.6465685041728,32.943727649085915
2025-07-05 15:14:23.076318,rack_10,279.59690828346476,33.56528160518253
2025-07-05 15:29:23.076318,rack_10,295.9404928860145,34.30912038554304
2025-07-05 15:44:23.076318,rack_10,365.1413961954251,33.023440393493324
2025-07-05 15:59:23.076318,rack_10,315.04116783041854,33.53057573167068
2025-07-05 16:14:23.076318,rack_10,290.64687716747795,33.52609343595974
2025-07-05 16:29:23.076318,rack_10,287.6087750741326,33.07691918130687
2025-07-05 16:44:23.076318,rack_10,321.8076430571879,31.923162849845884
2025-07-05 16:59:23.076318,rack_10,253.88982062036868,32.69756188178299
2025-07-05 17:14:23.076318,rack_10,308.42528223166465,33.95399182158463
2025-07-05 17:29:23.076318,rack_10,305.7908717107083,32.40167228243685
2025-07-05 17:44:23.076318,rack_10,351.6693579382852,34.44731089387687
2025-07-05 17:59:23.076318,rack_10,286.48250498287183,34.34939984279157
2025-07-05 18:14:23.076318,rack_10,285.3751688705757,31.415551414933343
2025-07-05 18:29:23.076318,rack_10,299.08045474954264,33.00830338165361
2025-07-05 18:44:23.076318,rack_10,307.95552340419215,34.885369858862006
2025-07-05 18:59:23.076318,rack_10,295.0872145880096,32.674224068739164
2025-07-05 19:14:23.076318,rack_10,235.02185842611163,33.37298803488441
2025-07-05 19:29:23.076318,rack_10,301.67258578917057,31.12812973197733
2025-07-05 19:44:23.076318,rack_10,241.76538657665046,31.8722954746283
2025-07-05 19:59:23.076318,rack_10,293.6610509957726,33.6093404743286
2025-07-05 20:14:23.076318,rack_10,277.6838457818581,33.67688225844115
2025-07-05 20:29:23.076318,rack_10,302.9761629616614,32.925968257601134
2025-07-05 20:44:23.076318,rack_10,307.8804584367176,34.28865238522062
2025-07-05 20:59:23.076318,rack_10,321.04804671286104,31.28931775283983
2025-07-05 21:14:23.076318,rack_10,336.76064558374827,33.75820800355076
2025-07-05 21:29:23.076318,rack_10,342.97253034161577,34.521894206396496
2025-07-05 21:44:23.076318,rack_10,263.1260430213035,30.55426937690611
2025-07-05 21:59:23.076318,rack_10,272.56625071632317,33.811087212988944
2025-07-05 22:14:23.076318,rack_10,261.81365264306805,31.422966956416232
2025-07-05 22:29:23.076318,rack_10,236.81344352335393,32.84423174753912
2025-07-05 22:44:23.076318,rack_10,321.111985715488,30.83533416888337
2025-07-05 22:59:23.076318,rack_10,292.4805698531784,34.92911553739318
2025-07-05 23:14:23.076318,rack_10,264.92670733642603,31.108077531616342
2025-07-05 23:29:23.076318,rack_10,336.56959988538904,34.602296676106675
2025-07-05 23:44:23.076318,rack_10,309.18327566067506,32.92328329922948
2025-07-05 23:59:23.076318,rack_10,301.5430681073156,33.068415787708055
2025-07-06 00:14:23.076318,rack_10,339.89506290988203,35.3180292774033
2025-07-06 00:29:23.076318,rack_10,275.7092445401397,30.968670552454856
2025-07-06 00:44:23.076318,rack_10,296.25801946427316,32.786938888915444
2025-07-06 00:59:23.076318,rack_10,275.05918163777795,32.15327800200552
2025-07-06 01:14:23.076318,rack_10,276.47304851975844,31.508482975254843
2025-07-06 01:29:23.076318,rack_10,302.63782074095064,36.072848435437514
2025-07-06 01:44:23.076318,rack_10,298.08654170225947,35.41550855801288
2025-07-06 01:59:23.076318,rack_10,229.21250695642414,32.28061916126364
2025-07-06 02:14:23.076318,rack_10,266.5486818286602,30.901504581600413
2025-07-06 02:29:23.076318,rack_10,285.59296397073666,32.55819064611953
2025-07-06 02:44:23.076318,rack_10,297.43666158191473,33.23766113451628
2025-07-06 02:59:23.076318,rack_10,309.29297013902715,33.22938962134201
2025-07-06 03:14:23.076318,rack_10,317.679299144849,33.97295058330481
2025-07-06 03:29:23.076318,rack_10,273.8467434483994,31.582849309373216
2025-07-06 03:44:23.076318,rack_10,258.0218751722912,32.006307998208385
2025-07-06 03:59:23.076318,rack_10,300.95201730728894,33.95978055281195
2025-07-06 04:14:23.076318,rack_10,283.17775741347936,33.748582150974734
2025-07-06 04:29:23.076318,rack_10,287.3800786215257,32.04698945175436
2025-07-06 04:44:23.076318,rack_10,362.1801436230806,34.741665056016906
2025-07-06 04:59:23.076318,rack_10,311.3216605420846,33.44876723418749
2025-07-06 05:14:23.076318,rack_10,312.4162405011402,33.00071114796221
2025-07-06 05:29:23.076318,rack_10,316.7304777176244,35.620088325247785
2025-07-06 05:44:23.076318,rack_10,287.79699315207625,31.26241197065571
2025-07-06 05:59:23.076318,rack_10,317.49779748927165,36.635441776837254
2025-07-06 06:14:23.076318,rack_10,281.33383561742346,33.047265983357185
2025-07-06 06:29:23.076318,rack_10,348.16477241521966,35.97277564592918
2025-07-06 06:44:23.076318,rack_10,320.7812067924507,33.570308870893065
2025-07-06 06:59:23.076318,rack_10,318.0762798959343,36.55800431283449
2025-07-06 07:14:23.076318,rack_10,299.21844168103604,32.60438638643853
2025-07-06 07:29:23.076318,rack_10,293.1089633722415,32.85327512842958
2025-07-06 07:44:23.076318,rack_10,300.0139920736618,33.50373809326543
2025-07-06 07:59:23.076318,rack_10,288.7157918759949,31.851123226561388
2025-07-06 08:14:23.076318,rack_10,318.8587562785376,34.28806531861348
2025-07-06 08:29:23.076318,rack_10,315.52733956823613,35.0783578803148
2025-07-06 08:44:23.076318,rack_10,201.97858021163646,30.043056709301812
2025-07-06 08:59:23.076318,rack_10,283.9039989507494,31.177635725781418
2025-07-06 09:14:23.076318,rack_10,284.999687383769,32.76663722890774
2025-07-06 09:29:23.076318,rack_10,270.57514219412207,32.406118348035605
2025-07-06 09:44:23.076318,rack_10,285.22505993070257,35.125961832865265
2025-07-06 09:59:23.076318,rack_10,319.2209571099898,34.477284978544056
2025-07-06 10:14:23.076318,rack_10,263.4579855098043,35.161118689817
2025-07-06 10:29:23.076318,rack_10,330.68839109047144,33.46847888265961
2025-07-06 10:44:23.076318,rack_10,319.84518888739854,37.77282273576441
2025-07-06 10:59:23.076318,rack_10,301.4661746995437,35.05843295833706
2025-07-06 11:14:23.076318,rack_10,350.3634305253961,32.30403083505302
2025-07-06 11:29:23.076318,rack_10,286.41693808873436,31.31813375556385
2025-07-06 11:44:23.076318,rack_10,325.5134534120851,33.035900773517504
2025-07-06 11:59:23.076318,rack_10,309.9320834576432,34.09688998579505
2025-07-06 12:14:23.076318,rack_10,348.93659268968054,33.185277254111924
2025-07-06 12:29:23.076318,rack_10,267.1124223400118,32.76483287013471
2025-07-06 12:44:23.076318,rack_10,292.84501650399346,31.81571485351308
2025-07-06 12:59:23.076318,rack_10,316.94416203410526,30.65697798106679
2025-07-06 13:14:23.076318,rack_10,288.64803401924394,32.8307854411452
2025-07-06 13:29:23.076318,rack_10,251.65231068196013,32.1249499408844
2025-07-06 13:44:23.076318,rack_10,310.24906512744343,32.77093400008292
2025-07-06 13:59:23.076318,rack_10,285.75614410645574,34.498772754123564
2025-07-06 14:14:23.076318,rack_10,295.9106915221682,33.071349081963994
2025-07-06 14:29:23.076318,rack_10,292.07709232537695,34.59647897779997
2025-07-06 14:44:23.076318,rack_10,317.5575360877604,33.963012002103035
2025-07-06 14:59:23.076318,rack_10,299.77665102544296,32.31508266187902
2025-07-06 15:14:23.076318,rack_10,279.1328093547705,35.113609534033
2025-07-06 15:29:23.076318,rack_10,316.00979632263693,32.41583020995637
2025-07-06 15:44:23.076318,rack_10,261.3806279345455,30.543573702939643
2025-07-06 15:59:23.076318,rack_10,283.59031268529776,32.81596120704148
2025-07-06 16:14:23.076318,rack_10,244.48434703266065,30.406866047589563
2025-07-06 16:29:23.076318,rack_10,308.92251011678735,34.49811790809988
2025-07-06 16:44:23.076318,rack_10,245.40902392730345,30.64781073409475
2025-07-06 16:59:23.076318,rack_10,254.8787325393444,30.877303684309936
2025-07-06 17:14:23.076318,rack_10,309.21788042480574,35.55935073489858
2025-07-06 17:29:23.076318,rack_10,342.0404821036773,35.293592702181385
2025-07-06 17:44:23.076318,rack_10,346.34329824068897,31.692457925037434
